策略,代码,买入日期,买入价格,卖出日期,卖出价格,净收益率,净盈亏金额,涨停日开板次数,成交额_亿,M7M14比值,实体涨幅
单反包,000059,2026-09-01,5.86586,2026-09-02,5.964412924767797,1.577112974151735,314.5382129589616,1.0,10.9889725702,1.0349978034851364,1.940035273368612
单反包,000537,2026-08-12,8.39839,2026-08-13,8.421743750681395,0.174162564272351,33.641758177663206,1.0,10.3816386941,1.0202436566822388,3.4198113207547065
单反包,000566,2026-08-03,5.775769999999999,2026-08-04,5.810494732282868,0.4979846115551154,97.7923157159774,1.0,19.1080047976,1.03981519228156,9.328358208955231
单反包,000592,2026-09-29,8.75875,2026-09-30,8.6439362781046,-1.414073600030656,-272.4813771739071,0.0,50.8387183857,1.027773015600893,3.530751708428248
单反包,000603,2026-08-11,37.8378,2026-08-12,34.14018824165448,-9.87214275763592,-1867.7008161743815,0.0,38.8355276999,1.1035826160204278,7.531865585168007
单反包,000603,2026-08-25,39.7397,2026-08-26,37.4198133589094,-5.937055747536196,-1179.6840714518207,0.0,48.2530364821,1.0132249941810032,7.729729729729717
单反包,000620,2026-08-20,3.41341,2026-08-21,3.138899464362632,-8.140529452811922,-1611.643949092319,0.0,30.5481107105,1.057199211045364,8.923076923076923
单反包,000620,2026-08-26,3.4434399999999994,2026-08-27,3.4091314808426474,-1.0979064117166613,-219.27334155297396,1.0,21.4622049566,1.0853828306264492,4.833836858006047
单反包,000628,2026-08-25,47.41736999999999,2026-08-26,47.5365880929175,0.1465713077088004,27.800103716048163,0.0,13.3048309076,1.038888403390719,1.964133219470532
单反包,000670,2026-08-19,7.497489999999999,2026-08-20,7.238550380945456,-3.555221927538144,-693.0362620869467,0.0,10.381758744,1.0182373917473246,2.516556291390737
单反包,000753,2026-09-29,5.475469999999999,2026-09-30,5.422336263793492,-1.0726323069767545,-211.4339766437523,0.0,6.9216920962,1.0064427690198752,3.7593984962405846
单反包,000796,2026-08-27,4.23423,2026-08-28,4.2802368355505696,0.9837423307182224,195.77339058285983,0.0,6.6835724359,1.0043891733723471,1.449275362318847
单反包,000831,2026-08-11,57.71765999999999,2026-08-12,56.50093854987555,-2.216734771850082,-383.8342316154617,0.0,51.9201999524,1.039734438888177,1.9923103809856624
单反包,000831,2026-08-18,62.86279999999999,2026-08-19,60.39244027929664,-4.032785409779922,-760.5365479737396,0.0,43.735132846000006,1.0829099614310418,4.597701149425282
单反包,000892,2026-09-08,5.705699999999999,2026-09-09,5.097225627538078,-10.760961098359672,-2148.958550861877,3.0,17.8219754393,1.1389618922470444,12.4760076775432
单反包,000912,2026-09-01,4.39439,2026-09-02,4.396612426378594,-0.0520211469869786,-10.287054364864913,1.0,9.3644090156,1.047108812118971,8.665105386416872
单反包,000925,2026-09-01,9.4094,2026-09-02,8.802197351601718,-6.55246634014392,-1294.750312399954,0.0,8.5438892397,1.0535637520419578,4.342984409799544
单反包,000980,2026-09-21,2.22222,2026-09-22,2.173435731847845,-2.296174712067598,-459.2344831785772,0.0,12.9455607831,1.1143166245943037,1.3274336283185972
单反包,001208,2026-08-05,15.14513,2026-08-06,15.256109791271736,0.6296110781873605,123.9620411716406,0.0,7.773600766699999,1.0419454178613174,1.2591119946984808
单反包,001301,2026-08-21,63.92385999999999,2026-08-24,63.37045704685993,-0.969425904767463,-185.90833745018588,2.0,13.4036865691,1.0350526627905476,3.5161290322580863
单反包,001365,2026-09-21,37.40736999999999,2026-09-22,36.82101231983635,-1.6721583745309043,-312.75523507338056,0.0,7.4475609485,1.0015469339768572,2.159424153559053
单反包,001399,2026-09-22,24.3243,2026-09-23,23.73284125154259,-2.5337039112973216,-493.0445923965555,0.0,22.844038350300004,1.0036312756104877,1.4237855946398703
单反包,002015,2026-08-04,15.8158,2026-08-05,16.087696584204842,1.6135786214643848,306.24044113627696,0.0,16.1558390725,1.0064184852374825,1.097482246610726
单反包,002077,2026-09-11,13.823809999999998,2026-09-14,13.824032252156236,-0.1020637547479357,-19.75273934930886,2.0,15.3346739647,1.0199297927754485,2.0334059549745875
单反包,002081,2026-08-27,5.5055,2026-08-28,5.608939432919262,1.7754253206919572,351.8857477105045,0.0,31.7159525839,1.0922665164107606,3.8532110091743066
单反包,002141,2026-08-12,6.86686,2026-08-13,6.796306679308418,-1.1291388139571634,-224.85550652428677,1.0,27.6999549709,1.0229645093945727,5.683563748079878
单反包,002162,2026-09-11,4.4044,2026-09-14,3.9881249607828,-9.54897941080331,-1892.5886212623943,2.0,6.4242155562,1.0173010380622838,6.004618937644346
单反包,002173,2026-08-06,21.331309999999995,2026-08-07,21.71863926385624,1.7107638191023684,328.43550025850885,0.0,17.498631472899998,1.0508798354211832,3.707317073170735
单反包,002174,2026-09-14,13.623609999999998,2026-09-15,13.651237767485954,0.0982598810570819,18.741160174353013,2.0,12.6467604607,1.0324267782426766,2.175543885971476
单反包,002176,2026-08-05,9.199189999999998,2026-08-06,9.374876985487385,1.805070898229992,348.7089932820554,0.0,13.4217929649,1.04261539824577,1.8681318681318613
单反包,002181,2026-09-03,9.82982,2026-09-04,9.62752433454614,-2.1597954089136717,-424.6080021289557,0.0,16.2323124613,1.0133201776023677,4.472843450479225
单反包,002194,2026-08-13,11.15114,2026-08-14,10.652502495420917,-4.574098658907721,-867.109046827968,0.0,12.301342123,1.0858704730088808,3.084112149532703
单反包,002201,2026-09-04,9.36936,2026-09-07,9.049253050012874,-3.5176113139481733,-692.1131015495224,1.0,10.3915119117,1.028653780942692,4.545454545454541
单反包,002213,2026-08-07,29.34932,2026-08-10,29.745195969221577,1.2393669066629254,218.247455646362,1.0,7.6854777057,1.0081187160600045,2.018093249826025
单反包,002219,2026-08-17,2.46246,2026-08-18,2.5222440742727503,2.324445363321118,463.6321520784612,0.0,11.4351520882,1.0405759162303674,1.200000000000001
单反包,002235,2026-08-13,10.009999999999998,2026-08-14,10.375585045996626,3.545756640643681,674.3674554840215,0.0,8.113480043300001,1.081593261975787,4.607329842931929
单反包,002246,2026-09-23,27.357329999999997,2026-09-24,25.79119471598115,-5.826036681612222,-1115.693656636793,4.0,15.6171285344,1.042524343646001,2.1300448430493057
单反包,002264,2026-09-10,7.3573499999999985,2026-09-11,6.991159832391394,-5.077003762588819,-1008.5389280824368,0.0,6.7196872215,1.0364457514966912,4.05027932960893
单反包,002281,2026-09-18,194.18399,2026-09-21,193.9645119837956,-0.2164657123463924,-42.03417572161474,0.0,113.9642724381,1.006619173164301,1.7127659574468046
单反包,002286,2026-09-10,9.33933,2026-09-11,8.61839593596126,-7.818384659584608,-1533.3879624587646,1.0,6.3131878927,1.034890698671238,7.362637362637359
单反包,002291,2026-08-06,5.765759999999999,2026-08-07,5.511601331742295,-4.508831775992786,-883.8926246254375,0.0,8.2907570642,1.043120567375886,3.873239436619724
单反包,002291,2026-09-03,6.005999999999999,2026-09-04,5.830128567101201,-3.0292234681705525,-600.3860329444672,0.0,7.5110266838,1.015040596299747,1.0256410256410442
单反包,002300,2026-09-22,8.41841,2026-09-23,7.981354268285905,-5.292664916271325,-1024.7839349291166,0.0,11.6987966995,1.0077301475755434,1.3953488372093092
单反包,002328,2026-09-02,8.73873,2026-09-03,9.6255263519605,10.038695458900149,1929.9598816861987,0.0,13.4992233843,1.037079076806661,1.8411967779056404
单反包,002365,2026-08-24,16.02601,2026-08-25,15.314609822746666,-4.540769796700905,-873.24506603552,1.0,14.9057886685,1.0514443196897012,4.143126177024481
单反包,002418,2026-09-02,5.59559,2026-09-03,5.680056995088787,1.4056974736202743,275.29973542452046,0.0,26.038688789,1.109173234948852,3.085299455535395
单反包,002436,2026-09-09,40.8408,2026-09-10,39.32581027251755,-3.820822066956151,-624.181719488571,0.0,114.1155085061,1.0193887744908177,2.871794871794875
单反包,002448,2026-08-19,13.78377,2026-08-20,12.59265158341966,-8.740869614994592,-1686.749909223036,0.0,7.5014700174,1.0282229965156795,1.4673514306676294
单反包,002483,2026-09-09,6.426419999999999,2026-09-10,6.427912344519234,-0.0789858339181612,-15.735480427058835,3.0,6.1936059737,1.026302217637958,3.721682847896446
单反包,002522,2026-09-17,5.815809999999999,2026-09-18,6.042072462934467,3.785915829571169,748.6176827864621,0.0,8.8175282861,1.0125836680053557,1.5358361774743925
单反包,002531,2026-09-14,7.067059999999999,2026-09-15,7.326156510147902,3.561849922829278,704.8105992376364,0.0,16.3160034336,1.0222822417285624,1.404494382022459
单反包,002536,2026-09-04,63.13307,2026-09-07,57.112837196913645,-9.635718671830965,-1824.9975042270332,0.0,56.0598927261,1.0869810310324428,8.67241379310344
单反包,002582,2026-08-14,11.511499999999998,2026-08-17,11.09783330117739,-3.694775326824345,-723.0509049705535,0.0,9.995066194,1.0297085201793728,4.545454545454541
单反包,002589,2026-08-14,3.6036,2026-08-17,3.544568983711049,-1.7397314987464212,-344.8113035885432,1.0,13.996418423800002,1.0764055742431524,9.11764705882354
单反包,002631,2026-09-01,10.68067,2026-09-02,10.161478230441102,-4.962577120274077,-954.065674281559,3.0,7.930497183200001,1.029900850964164,4.771178188899716
单反包,002631,2026-09-22,14.434419999999998,2026-09-23,13.858801488264458,-4.091076415864733,-767.6800981029206,2.0,11.089366921300002,1.0250531332517536,6.395786305492868
单反包,002636,2026-09-14,78.58851,2026-09-15,83.83872670675179,6.561611959599878,1031.3346142062692,2.0,87.19150111430001,1.009593856689866,8.499999999999996
单反包,002639,2026-09-04,14.003989999999998,2026-09-07,13.948158822637778,-0.5014830445081753,-98.31868956646856,0.0,25.8931317758,1.029624363076194,4.299481097108959
单反包,002669,2026-09-16,13.773759999999998,2026-09-17,13.830593642162984,0.3085536894982039,59.49922252767892,0.0,9.5914266945,1.0356136010586263,4.509090909090907
单反包,002685,2026-08-13,6.11611,2026-08-14,5.806883778775357,-5.156445731875628,-1009.1964577658192,0.0,8.0609253164,1.044470994291782,4.369747899159671
单反包,002703,2026-08-03,14.06405,2026-08-04,14.623089111977327,3.870135834893674,762.0169744423091,1.0,11.960687913,1.0340609393412288,4.160688665710177
单反包,002703,2026-09-03,17.737719999999996,2026-09-04,17.980619250141192,1.2654436310456765,246.90693283598657,0.0,13.8956155032,1.0874229627938845,3.3431085043988285
单反包,002706,2026-08-17,10.03002,2026-08-18,10.394341761707324,3.525986880525847,671.9486596968252,0.0,8.731106641,1.012853470437019,1.9348268839103788
单反包,002721,2026-08-13,3.0130099999999995,2026-08-14,2.693312093364284,-10.707457904835454,-2129.270730961986,0.0,9.5180744775,1.095852787695687,1.0067114093959662
单反包,002734,2026-08-07,16.16615,2026-08-10,16.60395733850191,2.603243972287426,505.0131905111325,1.0,7.01576198,1.0405448210326242,4.39560439560438
单反包,002757,2026-09-24,20.009989999999995,2026-09-28,18.9176889676866,-5.563522344079268,-1001.934238228224,0.0,14.8560243337,1.02452424556095,1.9095477386934732
单反包,002768,2026-09-24,77.51744,2026-09-28,72.0391993517099,-7.180004672960657,-1113.1511628718947,1.0,12.5230731661,1.0578601420123546,3.973684210526307
单反包,002792,2026-08-14,37.89786,2026-08-17,35.850279170563915,-5.50491096440027,-1043.121725206532,1.0,38.8406706251,1.1661081402257871,1.6578947368421026
单反包,002815,2026-09-15,21.14112,2026-09-16,22.639388043733817,6.978813958392001,1327.8594901683623,0.0,31.6976373712,1.1062983425414368,7.480916030534357
单反包,002827,2026-09-08,64.01395,2026-09-09,64.29097534136754,0.3284650784869892,63.0790413330366,1.0,16.4440880989,1.0549681852273003,6.0447761194029725
单反包,002842,2026-08-07,36.036,2026-08-10,39.061362134088014,8.283606613940602,1492.5402396998174,0.0,26.6411229466,1.0134011408150645,2.722222222222204
单反包,002849,2026-09-28,25.265239999999995,2026-09-29,22.217301741452054,-12.166151792430211,-2151.665214385256,0.0,12.0556500598,1.0853726465891782,7.655502392344515
单反包,002881,2026-09-09,48.5485,2026-09-10,42.57049560741989,-12.410683811734431,-2410.080332135956,0.0,16.6025975031,1.056758358019467,3.013876843018215
单反包,002882,2026-09-03,24.17415,2026-09-04,24.14879798099785,-0.2085270732268212,-40.327717977969286,0.0,7.017705100900001,1.0195459668330398,1.6574585635359185
单反包,002897,2026-09-16,74.92484999999999,2026-09-17,70.44558988345031,-6.09402169759464,-913.1873231780472,0.0,22.936411375,1.0629805595721735,4.138314123038445
单反包,002907,2026-08-27,16.19618,2026-08-28,15.582448612248845,-3.8908787854712217,-756.2084780120795,0.0,7.1263787576,1.0332323378059942,2.018927444794971
单反包,002937,2026-09-28,30.1301,2026-09-29,26.88996300954258,-10.855652119504912,-1962.4913035553693,0.0,7.7543740912,1.0000254511211228,1.4079785450888505
单反包,002999,2026-09-10,7.277269999999999,2026-09-11,6.654990921981049,-8.64952928492229,-1699.5139194407334,0.0,7.1406030888,1.052779580359075,1.9178082191780852
单反包,003040,2026-08-10,12.8128,2026-08-11,12.733832353440754,-0.720035399960729,-138.38504358925243,0.0,7.282597011699999,1.0534351145038183,1.9455252918287869
单反包,003040,2026-09-03,20.43041,2026-09-04,21.06523293708084,2.999275359974741,551.487827764634,0.0,30.5183557084,1.2062267789117262,7.755102040816331
单反包,003040,2026-09-08,22.98296,2026-09-09,21.18376198800153,-7.930795512033026,-1458.1852481698763,0.0,25.0150520221,1.1647913639194538,9.23369823893383
单反包,300017,2026-08-18,17.3173,2026-08-19,15.7873548852377,-8.934768975791133,-1701.9868226291455,0.0,73.1734131766,1.0596912856584588,3.370786516853941
单反包,300058,2026-08-04,14.83482,2026-08-05,15.748756582530625,6.053757718538058,1167.4832790155958,0.0,120.1532969924,1.0052199850857568,3.2258064516129004
单反包,300109,2026-08-24,16.336319999999997,2026-08-25,15.532548464904874,-5.020652333852167,-984.2277976146696,1.0,14.0935830371,1.0407090590539014,10.215053763440851
单反包,300120,2026-08-18,9.35935,2026-08-19,8.859986138487761,-5.435612010500432,-1068.3497006800214,0.0,11.036727420899998,1.0882057464335928,9.392898052691878
单反包,300142,2026-08-24,16.18617,2026-08-25,14.353941911998904,-11.417424834964368,-2217.6525520914624,0.0,81.7943360327,1.0380697050938346,2.4173027989822016
单反包,300209,2026-08-06,35.22518999999999,2026-08-07,35.4589602411946,0.5545290730059915,97.66695978579958,0.0,78.242867749,1.0541732123853442,8.06781642794503
单反包,300243,2026-09-18,22.8228,2026-09-21,22.190191876205667,-2.877181369732,-525.3226797209559,1.0,16.273527201,1.0350422630930651,8.820512820512816
单反包,300248,2026-08-07,9.84984,2026-08-10,9.80934460006373,-0.5136800606131711,-101.19332816460071,0.0,6.152612474800001,1.0634753638435923,2.051282051282044
单反包,300300,2026-09-29,10.65064,2026-09-30,11.065402854173234,3.788105097553303,726.2233861716919,0.0,26.509366341,1.043498309252998,6.538461538461537
单反包,300311,2026-08-10,6.726719999999999,2026-08-11,6.692743565502265,-0.6081013744917265,-118.6253026568086,0.0,10.4774213428,1.080379171536165,1.3636363636363669
单反包,300313,2026-08-26,15.515499999999998,2026-08-27,16.28409713164955,4.845501297277395,902.164504534889,0.0,9.9486386548,1.2394888178913732,5.386565272496835
单反包,300314,2026-08-19,15.34533,2026-08-20,13.945028596522569,-9.222735053947792,-1839.8368677701567,0.0,7.6519849196,1.1071954892035625,2.3333333333333206
单反包,300345,2026-08-19,9.209199999999996,2026-08-20,8.112555345999374,-12.005777418114372,-2321.835713376876,1.0,11.8660283653,1.1554635581217998,5.756207674943559
单反包,300363,2026-08-11,21.67165,2026-08-12,21.695757640392262,0.0079134555262654,1.543478746102119,1.0,18.4374356375,1.0594238960819884,1.5954950727357975
单反包,300456,2026-08-31,39.74970999999999,2026-09-01,39.9640412634652,0.4366122553367954,86.77605266041783,1.0,50.6215080104,1.015902753572673,1.533048504649415
单反包,300613,2026-08-05,69.45939,2026-08-06,70.92266586266595,1.981604948122912,275.2821418351982,0.0,23.0022118336,1.0378481430334732,1.884057971014497
单反包,300642,2026-08-27,17.20719,2026-08-28,18.54958097257311,7.692526817488445,1456.0344758148087,0.0,6.77565197,1.0306174346455088,2.13776722090262
单反包,300642,2026-09-23,20.5205,2026-09-24,20.77725702296456,1.1444375418325,211.3598751945643,0.0,10.2163954947,1.006069925542246,3.292383292383283
单反包,300679,2026-08-19,53.85379999999999,2026-08-20,50.45739309904502,-6.417396809080916,-1036.8036128306453,0.0,27.7283393562,1.0770408423631068,4.39456808751415
单反包,300691,2026-09-23,19.50949,2026-09-24,21.742205556999863,11.335160156753451,2211.4319372657983,0.0,8.8614635364,1.0376885610252062,7.103218645948961
单反包,300765,2026-08-24,49.69964999999999,2026-08-25,43.76977076085623,-12.027647717301436,-2391.079527492721,1.0,29.621395632,1.0525576730190578,2.3391812865497075
单反包,300829,2026-09-23,27.907879999999995,2026-09-24,28.392379965217536,1.63199447019826,318.81854084469626,1.0,11.9262885302,1.1127663516768604,1.433296582138932
单反包,300830,2026-09-07,9.75975,2026-09-08,9.27856234716883,-5.031044003465498,-982.0346342564476,0.0,8.061988635599999,1.0388992695770352,1.8367346938775508
单反包,300911,2026-09-02,29.109079999999995,2026-09-03,31.73735651014939,8.915200002413519,1557.0796205175316,0.0,9.3872185649,1.001354238767341,11.461538461538456
单反包,301026,2026-08-07,21.84182,2026-08-10,22.38980560348416,2.40473217577688,472.71354598374273,1.0,7.5547272859,1.043142561490089,3.410138248847927
单反包,301047,2026-08-06,90.52043,2026-08-07,97.85884356521164,7.995543492991995,1447.5200701386748,0.0,12.9576918303,1.0227161137108338,3.3130104681927897
单反包,301060,2026-08-17,12.49248,2026-08-18,12.859720070017367,2.8361597375513954,566.8907007706568,0.0,9.3182809338,1.0876589379207169,5.634987384356593
单反包,301127,2026-08-19,19.26925,2026-08-20,18.78948184154419,-2.5924386610532126,-499.54348669499615,2.0,13.9710537453,1.073145145908833,2.916224814422064
单反包,301230,2026-08-11,35.135099999999994,2026-08-12,39.89337148889115,13.426956287108402,2358.7872592159115,0.0,13.5608257719,1.0630499717445698,1.211072664359869
单反包,301234,2026-08-11,88.68859999999998,2026-08-12,87.45224924345236,-1.5017017854175132,-266.3676579323593,0.0,6.9385037451,1.0879564422207746,11.65249088699878
单反包,301251,2026-08-10,46.09604999999999,2026-08-11,42.74492145749919,-7.372409160750509,-1359.355765177654,0.0,10.6480335077,1.0261324424712654,12.213924355576978
单反包,301282,2026-08-19,39.039,2026-08-20,37.00392623573407,-5.313497160906137,-1037.1680783230734,0.0,19.5466379086,1.1405197038187411,3.772582359192356
单反包,301311,2026-09-29,18.58857,2026-09-30,18.87425966246765,1.4303300594924575,265.8779043397971,1.0,7.4083689262,1.0543760725668054,2.0635805911879634
单反包,301419,2026-08-18,41.18114,2026-08-19,37.38886404012106,-9.31677970046336,-1534.7024367757583,0.0,8.0395818232,1.0902769783344457,1.3167520117044695
单反包,301516,2026-08-19,23.9239,2026-08-20,22.9593253509114,-4.134038112588518,-791.2185152140514,0.0,6.6354811196000005,1.0645780609128213,12.38761238761239
单反包,301520,2026-08-13,74.074,2026-08-14,84.36210632152586,13.762373987231532,2038.8681814603767,3.0,14.699590311,1.0582359247927624,4.29014959074232
单反包,301529,2026-08-13,98.5985,2026-08-14,104.02742554027364,5.400574621569424,1064.9771136496256,0.0,6.150735611699999,1.0482144599040495,2.96381031613977
单反包,301583,2026-09-22,142.70255999999998,2026-09-23,134.68965139120468,-5.7343241470964585,-818.3027356604811,0.0,16.48877533,1.027947713043062,1.0814708002883977
单反包,600103,2026-09-09,4.03403,2026-09-10,3.770391681734928,-6.634615375921521,-1311.4476357815058,1.0,25.1714578564,1.0845492704377384,3.846153846153855
单反包,600108,2026-08-31,3.85385,2026-09-01,3.891188113573966,0.8654795807392115,170.1068525938223,0.0,10.7302711122,1.030431107354185,1.0610079575596787
单反包,600110,2026-08-25,10.790779999999998,2026-08-26,11.492880949071068,6.399686736561123,1243.0370095766823,1.0,32.5440634375,1.0191410872137538,2.499999999999991
单反包,600127,2026-08-27,10.3103,2026-08-28,11.369110505128289,10.161159208519011,1990.5273959642775,3.0,29.2267817465,1.1556075221670072,6.986899563318794
单反包,600127,2026-08-31,11.80179,2026-09-01,12.733912706564068,7.789160739038071,1470.8166290939537,0.0,32.9155926734,1.1890547263681588,7.685269899359559
单反包,600127,2026-09-09,14.514499999999998,2026-09-10,14.219441044077035,-2.136817138363345,-403.192820612072,0.0,43.4781263483,1.1523212363037556,5.117270788912576
单反包,600163,2026-09-17,5.975969999999999,2026-09-18,6.26440210305592,4.721362310270285,931.085744335095,3.0,9.9891895611,1.048844537815126,2.9508196721311557
单反包,600172,2026-08-19,13.59358,2026-08-20,13.725975299257852,0.8689120813823386,165.3627624773226,0.0,42.4638316583,1.0943281030587964,2.1398002853067144
单反包,600184,2026-09-15,20.50048,2026-09-16,21.3081066873601,3.8313416907235207,706.8990933345935,2.0,15.0578734164,1.017875838535809,1.931649331352148
单反包,600186,2026-08-18,13.08307,2026-08-19,12.021666719085456,-8.211618743215034,-1611.4977424619146,2.0,64.8296613644,1.127044204813253,4.041204437400969
单反包,600198,2026-08-18,8.008,2026-08-19,7.498824949717937,-6.459118352561001,-1241.3908744154037,1.0,6.9599166673,1.0222397165912231,1.7587939698492372
单反包,600227,2026-08-28,4.12412,2026-08-31,4.939714433589522,19.66360350074825,3892.562902536282,2.0,12.4026632485,1.0503816793893126,1.4634146341463428
单反包,600237,2026-09-15,9.66966,2026-09-16,9.657500753552537,-0.2293903656568604,-44.36253686355033,0.0,11.998163552,1.0108768406961168,9.333333333333329
单反包,600267,2026-08-11,14.08407,2026-08-12,14.144772789621484,0.328067509291869,64.68736071829265,0.0,24.4996256018,1.020003540449637,2.6676279740447173
单反包,600272,2026-08-18,18.13812,2026-08-19,19.626086660703432,8.097228743748335,1615.553572837122,0.0,11.7317981656,1.1997235659986187,8.063600227143674
单反包,600272,2026-08-26,19.52951,2026-08-27,21.87243268518514,11.88750997549707,2321.572449415697,1.0,10.6064632488,1.10968721018464,8.915388983532079
单反包,600288,2026-08-18,13.213199999999995,2026-08-19,11.426025791117736,-13.621229381999816,-2699.700421053599,0.0,7.845955077,1.0727389352148815,2.1671826625387025
单反包,600316,2026-08-12,28.31829,2026-08-13,29.11300105364076,2.702474358154,535.7061681423818,0.0,7.1592635035,1.030522933746951,1.7625899280575563
单反包,600330,2026-08-10,23.5235,2026-08-11,23.24419668596512,-1.2918702121058718,-243.1144714757798,0.0,41.3665802415,1.0000000000000029,6.281755196304872
单反包,600330,2026-08-19,27.5275,2026-08-20,27.690351223098254,0.4873968020661901,93.91770828213932,0.0,59.360933968400005,1.145973588814088,7.655677655677651
单反包,600345,2026-09-09,54.06400999999999,2026-09-10,54.050853510150745,-0.1379779238956814,-22.378919571826074,0.0,10.7428448898,1.0147466105995804,1.158301158301156
单反包,600354,2026-09-21,10.24023,2026-09-22,10.10329080624702,-1.4399816435656465,-280.1691212919145,0.0,15.8529398543,1.038261901230906,9.178228388473864
单反包,600367,2026-08-20,38.50847,2026-08-21,34.65001779427813,-10.118575989897668,-1948.254399748473,1.0,36.1017904141,1.086860670194003,7.790100081146889
单反包,600371,2026-09-09,14.624609999999995,2026-09-10,14.554942429522145,-0.5807275880123857,-110.40788838198355,0.0,15.3585389176,1.2100974205011954,2.9928432010409844
单反包,600396,2026-08-05,16.46645,2026-08-06,17.09613481771293,3.7194889677044256,734.9613493470785,0.0,49.4383852265,1.0622074882995314,2.312500000000006
单反包,600403,2026-08-21,6.896889999999999,2026-08-24,7.008579500009672,1.514809240008747,292.52923558106994,0.0,12.7528061506,1.0297805642633244,9.38461538461539
单反包,600410,2026-08-06,15.865849999999998,2026-08-07,15.66347649076042,-1.379402137819275,-262.6246488998392,0.0,34.33241631,1.0337300556104136,1.8927444794952564
单反包,600418,2026-08-03,26.015989999999995,2026-08-04,24.851750023064927,-4.579722869022253,-834.0221705427795,0.0,47.602468573,1.0093012630136096,11.73968524032325
单反包,600468,2026-08-05,6.506499999999999,2026-08-06,6.452076718180431,-0.939249047555114,-183.33671783752044,0.0,7.751625901900001,1.0620654133401992,4.347826086956519
单反包,600487,2026-08-18,65.13506999999998,2026-08-19,60.72441793071418,-6.871269511898599,-1342.6818619391431,0.0,192.4271401045,1.0886049786206096,1.9749216300940509
单反包,600488,2026-09-16,5.95595,2026-09-17,6.060067821443691,1.64436108974138,323.19317027069064,0.0,15.4087318299,1.0178222973851958,1.6666666666666607
单反包,600577,2026-09-22,8.92892,2026-09-23,8.832586365981946,-1.181251448217239,-232.0405929823491,0.0,14.498418735,1.0072787862843111,1.359003397508496
单反包,600580,2026-08-04,34.034,2026-08-05,35.7792820924644,5.014674497846976,853.3471592986199,0.0,35.894861043,1.0077323879993323,6.25
单反包,600596,2026-09-10,12.262249999999998,2026-09-11,12.159772777652918,-0.9382562658866386,-184.0821263418949,2.0,22.6580553134,1.0322830578512396,2.9363784665578985
单反包,600598,2026-08-20,13.103089999999998,2026-08-21,12.623019941765808,-3.764802775308408,-739.9582439567375,0.0,20.4867192061,1.0106782106782104,2.1370670596904784
单反包,600610,2026-08-21,7.647639999999999,2026-08-24,8.185884820101293,6.932169775210239,1378.3832103519096,0.0,7.5339760049,1.0163674238666809,2.8205128205128105
单反包,600611,2026-08-07,4.72472,2026-08-10,4.524706586668742,-4.333573487347629,-859.9466957399256,0.0,12.6997660938,1.0414730683187063,4.264392324093791
单反包,600611,2026-08-13,5.08508,2026-08-14,4.957690310557267,-2.6063122874216105,-516.8789529743534,2.0,14.4368647014,1.0775218942588394,2.5390625
单反包,600613,2026-08-24,9.32932,2026-08-25,9.837520519317383,5.341527419904455,1046.4891903703235,0.0,15.0193162054,1.1893303064699194,16.883116883116877
单反包,600613,2026-08-26,10.12011,2026-08-27,11.593485017194713,14.447451468820068,2777.9861635982925,0.0,17.0299416184,1.2271386430678453,7.5392670157067965
单反包,600629,2026-08-03,14.194179999999998,2026-08-04,14.10481231413166,-0.7316092869852328,-145.38431472796069,0.0,7.9632173733,1.0035850201312675,4.500000000000015
单反包,600641,2026-09-24,48.03798999999999,2026-09-28,49.52439048391855,2.9885985339348142,574.2650659487009,2.0,79.5582671271,1.1187163561076612,7.415730337078652
单反包,600666,2026-08-06,3.82382,2026-08-07,3.8360696572043618,0.2178958883030825,43.32612209177684,0.0,13.7329472851,1.0393125671321175,1.2886597938144506
单反包,600667,2026-08-13,22.8228,2026-08-14,23.07967604432372,1.0181799846693502,185.90174523289315,0.0,110.0710493439,1.0714257880995963,3.227272727272723
单反包,600691,2026-09-10,3.47347,2026-09-11,3.121489091391945,-10.230748752963954,-2025.5633356445887,0.0,9.8303221349,1.07839846559578,1.7142857142857126
单反包,600693,2026-09-07,10.87086,2026-09-08,11.547734654563742,6.12022457960418,1197.577882321846,0.0,20.5955919381,1.0557436244640022,3.127962085308056
单反包,600702,2026-08-03,38.038,2026-08-04,37.3293054718316,-1.9667512854488371,-374.0564269795144,0.0,10.7896073004,1.0187095427020263,7.127071823204423
单反包,600722,2026-08-20,12.27226,2026-08-21,13.482668650907648,9.755006553769944,1915.4556276731,0.0,22.060929612800003,1.0438976738506622,1.904761904761898
单反包,600737,2026-09-10,19.49948,2026-09-11,16.54669461414013,-15.238453512160754,-2971.419194913084,0.0,54.7968133638,1.0500407941256462,6.738544474393526
单反包,600759,2026-08-13,2.51251,2026-08-14,2.486037315849865,-1.155478428584454,-229.3489374216153,0.0,6.9824219635,1.0056733353239813,1.5810276679841806
单反包,600770,2026-09-09,5.73573,2026-09-10,5.660776017517191,-1.4094023258125985,-274.85434087592523,0.0,10.4331116407,1.0209308730377291,2.966841186736469
单反包,600792,2026-09-21,5.2052,2026-09-22,5.625959579804695,7.976767645270624,1577.7854959921806,0.0,8.1929977854,1.0914560770156427,4.536489151873768
单反包,600815,2026-08-05,3.3833799999999994,2026-08-06,3.242927729076013,-4.251219582785624,-848.6259874083081,0.0,6.706350662799999,1.1011752682677567,3.869047619047628
单反包,600815,2026-09-01,4.51451,2026-09-02,4.308407103055282,-4.665358077399366,-926.7194505360092,0.0,8.5126140197,1.0253005562533646,5.568445475638062
单反包,600869,2026-09-04,21.07105,2026-09-07,20.611850663193565,-2.282910449435477,-432.9298820301967,0.0,76.1748898348,1.0637280719523563,7.179226069246436
单反包,600975,2026-09-08,5.92592,2026-09-09,5.87532865886395,-0.9564307480083012,-187.0351592418326,2.0,7.105898863099999,1.035887487875847,3.5087719298245723
单反包,601086,2026-09-09,14.8148,2026-09-10,14.771485526277434,-0.3961470086216203,-76.29490314325855,1.0,17.2575992897,1.221350762527232,6.633380884450779
单反包,601118,2026-08-24,6.086079999999999,2026-08-25,6.365178532820921,4.480165081122546,872.5325791013857,0.0,10.5065058131,1.0264345583494532,2.1594684385382257
单反包,601138,2026-08-07,68.33827,2026-08-10,69.22956317127435,1.1784066400232345,161.06054227140118,2.0,167.1842111565,1.0002762928704418,4.149504195270781
单反包,601212,2026-08-28,7.207199999999999,2026-08-31,6.876671702868417,-4.687134745861773,-912.090173590124,0.0,51.0973181163,1.0596732180914064,2.857142857142869
单反包,601218,2026-09-21,5.435429999999999,2026-09-22,5.266980949744991,-3.2006178465577912,-626.2824334217621,1.0,13.300271016500002,1.0613151658767752,2.777777777777768
单反包,601233,2026-08-31,27.637609999999995,2026-09-01,27.476097947368917,-0.6877836143210503,-133.0608670789692,1.0,24.8414766054,1.0291014698909449,4.056103108415465
单反包,601579,2026-08-17,18.508489999999995,2026-08-18,18.53649388372912,0.0451964852261136,8.365186948426722,0.0,10.8155148661,1.0347814195195328,3.777777777777769
单反包,601609,2026-08-18,11.76175,2026-08-19,12.812100978631186,8.823660056461916,1764.2886223745456,0.0,15.350407721199998,1.0232848232848242,3.720106288751124
单反包,601700,2026-08-12,6.91691,2026-08-13,7.289157370488215,5.275322399132541,1021.690047161948,1.0,14.258711994,1.1421741318570706,4.545454545454564
单反包,601872,2026-09-21,22.16214,2026-09-22,21.500690791726317,-3.0852042857258977,-615.372563779716,1.0,49.0480707997,1.0419582929543103,3.470615455807491
单反包,601890,2026-09-11,10.30029,2026-09-14,9.858063442855157,-4.394248417233268,-859.9786275613293,1.0,20.0019160592,1.0378944030442356,1.3738959764475034
单反包,601929,2026-09-02,2.62262,2026-09-03,2.5390774894425228,-3.286006198030098,-654.9638637059049,0.0,9.4683720425,1.0099248120300754,3.137254901960796
单反包,603002,2026-08-31,17.417399999999997,2026-09-01,16.92945446132305,-2.904248874936162,-556.429107897444,0.0,22.9395612122,1.0031245874224348,1.5517241379310542
单反包,603009,2026-08-13,46.11606999999999,2026-08-14,48.083584135644585,4.1580523818170505,767.0121388141671,0.0,8.8191806374,1.0437635981025075,1.6908212560386549
单反包,603011,2026-08-11,23.4234,2026-08-12,24.86328819146941,6.038720597743146,1131.5789443934143,1.0,26.5499895217,1.0687017175429396,2.0886615515771423
单反包,603065,2026-08-25,18.26825,2026-08-26,17.330177106084047,-5.2391113912939415,-957.0939667400556,1.0,11.3396648601,1.015904232578024,6.391402714932126
单反包,603067,2026-08-19,36.91688,2026-08-20,34.16410350135627,-7.559060679638738,-1395.2846801147084,0.0,15.1049437956,1.0466739227863524,3.8608981380065632
单反包,603067,2026-09-28,41.34129999999999,2026-09-29,39.40294248325885,-4.798751927026015,-793.5465721630422,0.0,24.5782805512,1.0053401439517091,2.2250000000000103
单反包,603083,2026-08-28,197.98779,2026-08-31,187.8319623079011,-5.229414334477829,-1035.3601870775858,0.0,71.7054093857,1.0300922154517906,2.695417789757415
单反包,603087,2026-08-13,74.7747,2026-08-14,76.22377851845204,1.818070342519104,271.8913288815264,0.0,29.602891642800003,1.0337228020979392,2.1164021164021385
单反包,603106,2026-08-13,9.5095,2026-08-14,8.811366771004172,-7.43976051118296,-1485.7164542029811,0.0,8.0942790038,1.1416961130742054,4.034896401308608
单反包,603115,2026-08-18,85.09501,2026-08-19,79.05165665763752,-7.209025108943375,-1226.904127471575,0.0,13.026951872,1.0590620508476196,5.259259259259275
单反包,603118,2026-08-28,18.15814,2026-08-31,18.04729040567201,-0.7122216423366643,-142.25882321836983,0.0,29.4544077735,1.0191957286325686,2.015677491601342
单反包,603119,2026-09-09,53.48342999999999,2026-09-10,52.50402667674682,-1.9446182574521629,-312.0145633474941,1.0,13.8528016432,1.001405072453483,2.834163155878988
单反包,603120,2026-09-22,62.68261999999999,2026-09-23,60.50030931694443,-3.584926731429758,-674.1378001021606,1.0,6.435499225599999,1.0582109293421502,2.58149925533675
单反包,603122,2026-09-29,14.664649999999998,2026-09-30,14.028262009122136,-4.44184729055807,-846.7957663032712,0.0,13.5315329263,1.0441192295276005,5.183585313174932
单反包,603123,2026-09-03,10.4104,2026-09-04,11.168819339043226,7.178936249189065,1419.9763606425988,0.0,10.5015871699,1.0414271851907122,1.3618677042801508
单反包,603123,2026-09-08,11.48147,2026-09-09,11.279133539994769,-1.8646217405245629,-363.9461757780694,0.0,14.6158719683,1.0449999999999986,3.067484662576692
单反包,603137,2026-08-13,30.90087,2026-08-14,26.848464248764245,-13.213460149728103,-2449.844486021572,1.0,13.2168364374,1.034536137504004,4.000000000000004
单反包,603138,2026-09-07,14.374359999999998,2026-09-08,14.312513561611205,-0.5355499069003545,-100.07643307677834,0.0,7.5189152623,1.025014857636826,2.200000000000002
单反包,603156,2026-08-05,44.05400999999999,2026-08-06,45.39040157616902,2.923234300952808,515.120772506072,1.0,7.4699306749,1.0464530760508142,4.975124378109452
单反包,603185,2026-08-03,15.94593,2026-08-04,15.884452739917052,-0.4895990614134041,-93.6853483363661,0.0,6.8977065913,1.0272209975906104,4.415584415584406
单反包,603200,2026-08-28,43.37333,2026-08-31,42.18721581532516,-2.842906915472365,-493.22535921626,1.0,11.8955053168,1.0135465909303203,3.8810132465721736
单反包,603221,2026-09-03,30.06003,2026-09-04,28.56470057927155,-5.079385100382615,-916.1188109943264,0.0,9.0187569016,1.021456846776431,4.281249999999992
单反包,603259,2026-08-06,148.48834,2026-08-07,149.86884828127214,0.8098886991724014,120.25902852486924,1.0,197.4016089885,1.0274557657107994,2.4601017492508204
单反包,603268,2026-08-07,180.16999,2026-08-10,181.66103503648836,0.7196515960952835,129.65962087197127,0.0,23.9794228251,1.0208215317020588,2.2146507666098936
单反包,603269,2026-08-12,16.016,2026-08-13,17.945624936260533,11.937931906903772,2294.3750090516496,1.0,7.1397111339,1.0891111746213196,1.9157088122605304
单反包,603353,2026-09-17,42.60256,2026-09-18,47.49660961185384,11.371148389561094,1937.7601261407192,1.0,6.4436040632000005,1.0695610039732546,2.8475711892797184
单反包,603358,2026-08-06,41.09105,2026-08-07,42.341997547086805,2.929937827915795,481.5768871351172,0.0,7.1750676335,1.0658976265600204,5.35218379197171
单反包,603358,2026-09-02,49.04899999999999,2026-09-03,50.58682735529879,3.0307194506464645,594.6150333390337,0.0,10.4558090267,1.019571123766252,2.7424884049203517
单反包,603386,2026-09-15,17.017,2026-09-16,18.36959876270748,7.839038539387596,1467.366107072346,0.0,6.971683556,1.0363910946558192,6.415792720542868
单反包,603395,2026-08-27,28.33831,2026-08-28,30.28337254877686,6.757809239122839,1340.53425197389,0.0,6.667590893400001,1.111682005533284,6.427779830070191
单反包,603395,2026-09-09,30.03,2026-09-10,29.05434804883664,-3.3547673504326685,-604.4619812009582,1.0,8.3937023088,1.0051501934402796,1.0110893672537369
单反包,603459,2026-08-06,90.12003,2026-08-07,103.80831234515252,15.07371769134622,2716.887781111304,0.0,19.990125513,1.0247803898602863,5.290396779758466
单反包,603580,2026-08-06,55.64559,2026-08-07,52.15803534056372,-6.376147771446574,-1064.413514007989,0.0,8.2895574404,1.119112097669256,4.504839910647807
单反包,603580,2026-08-24,80.29020999999999,2026-08-25,74.28810436283422,-7.585975267085258,-1218.1590944981629,0.0,14.4323896372,1.0747169452661849,4.773022049286646
单反包,603598,2026-08-04,17.8178,2026-08-05,18.280034886127208,2.489886412712991,488.0072793688128,1.0,6.6199790061,1.0192588535962046,2.3563218390804552
单反包,603601,2026-09-14,10.760749999999998,2026-09-15,10.383711916400337,-3.605668189787726,-698.3944915186487,1.0,33.748879498,1.0193169525575625,8.333333333333325
单反包,603618,2026-09-04,39.38935,2026-09-07,36.61877266993436,-7.133011328258281,-1404.8233988136517,0.0,64.4058983485,1.108036331986878,2.213541666666674
单反包,603626,2026-08-07,15.695679999999998,2026-08-10,15.50007613341081,-1.3506850009082945,-254.3990346606756,1.0,7.580121546900001,1.0244344857020904,2.887139107611536
单反包,603629,2026-08-18,138.98885,2026-08-19,134.4830265552517,-3.364154518000152,-467.5799676791453,0.0,106.0724265334,1.115248436576335,3.6574746008708248
单反包,603696,2026-08-14,15.955939999999998,2026-08-17,14.541383786118708,-8.965095208088929,-1716.5582548146533,0.0,8.0977841784,1.0737979470556451,8.052805280528052
单反包,603778,2026-08-05,10.380369999999996,2026-08-06,10.696420657876311,2.9404397121303343,579.9341913175206,0.0,11.6581640438,1.0267227024026635,1.7647058823529571
单反包,603823,2026-08-13,76.37629999999999,2026-08-14,72.15287504090361,-5.644403680680048,-862.1973376734469,0.0,19.0443458061,1.0691510539307694,3.2969954799255463
单反包,603881,2026-08-18,28.6286,2026-08-19,28.077377416290165,-2.034661139066562,-349.4969993152859,0.0,29.8228367577,1.0368886205192969,2.0336605890603154
单反包,603882,2026-08-24,31.44141,2026-08-25,29.33732314972841,-6.793683762415912,-1281.6179795067676,0.0,9.2812705587,1.0085308973150626,3.4653465346534684
单反包,603890,2026-08-17,21.021,2026-08-18,20.32233910669977,-3.426795144644674,-648.3119466201812,0.0,19.6321707917,1.0472337802434877,8.019559902200491
单反包,603928,2026-08-07,12.27226,2026-08-10,12.777557091699208,4.012364592849595,787.85250397191,0.0,6.7293642995,1.0134546636334087,3.833333333333333
单反包,603936,2026-09-15,22.30228,2026-09-16,22.041953299721843,-1.2747177385496635,-227.4328954088112,0.0,32.8573104378,1.0322023248507706,7.889641819941917
单反包,603990,2026-08-06,18.85884,2026-08-07,21.73811296029578,15.154685729801168,2857.997934286034,0.0,6.3286301896,1.026498296251754,4.59518599562363
单反包,605011,2026-09-15,19.09908,2026-09-16,18.565922177568837,-2.8944715323550847,-552.8174335417235,0.0,8.0943644801,1.0320393567324002,2.532928064842954
单反包,605118,2026-09-04,35.505469999999995,2026-09-07,34.47829610904179,-2.9998557311699003,-532.5564383369048,1.0,6.269311361900001,1.0396000093894513,3.7241780622635945
单反包,605162,2026-09-21,12.10209,2026-09-22,11.884716051565649,-1.898896591585833,-367.6898792330398,0.0,7.5355626637,1.0349604652682474,1.6460905349794164
单反包,605258,2026-09-24,43.69364999999999,2026-09-28,41.024345260922416,-6.215237435326739,-1086.2656366642564,0.0,6.3036060917,1.1029048145542266,1.464435146443499
单反包,605376,2026-08-07,163.97381,2026-08-10,167.35242607929877,1.9464246173814768,319.162660389833,1.0,34.7717275771,1.0049758175268204,2.387499999999987
单反包,605577,2026-09-21,15.76575,2026-09-22,17.217477910919094,9.098558624557624,1721.3472076214323,0.0,7.7842343723,1.0222682081965002,10.23842917251052
单反包,688001,2026-09-09,62.32225999999999,2026-09-10,65.2942368381817,4.660806943555816,871.4160664382725,0.0,15.299343348,1.0113201444666062,5.277681959296321
单反包,688046,2026-08-11,37.037,2026-08-12,38.79813155925168,4.646634830457268,860.4870710782291,0.0,13.5284235652,1.0474518537927406,2.0469432314410563
单反包,688112,2026-09-23,105.105,2026-09-24,117.9559196117784,12.07336572263586,1268.971104277642,3.0,13.5887416729,1.0757238961623954,6.188694509050463
单反包,688114,2026-08-24,75.04496999999999,2026-08-25,69.54777223427239,-7.4400956909798035,-1116.683515853417,0.0,24.2225254504,1.0808548138356469,8.31281679942073
单反包,688137,2026-08-17,64.5645,2026-08-18,62.44956117882248,-3.3776565693408145,-654.2301227136151,0.0,6.3911958928,1.2030895047705583,9.67843631778058
单反包,688137,2026-09-23,119.12901,2026-09-24,125.969037621996,5.602826820023767,667.4592122708796,2.0,14.8419628385,1.1890124492936072,5.232017580931458
单反包,688185,2026-08-28,92.66257,2026-08-31,76.25081477232875,-17.808236668705753,-3300.3139537810266,0.0,18.9063986004,1.1402886363138651,11.783132530120488
单反包,688286,2026-08-18,52.72267,2026-08-19,47.83095201207112,-9.388698132109702,-1484.9917000465084,0.0,6.1625951886,1.087813795579929,1.7884615384615277
单反包,688293,2026-09-10,70.35028,2026-09-11,65.06912796853759,-7.62618256747005,-1073.008157905274,0.0,7.929905992999999,1.017493245968974,2.929234338747122
单反包,688337,2026-09-28,56.056,2026-09-29,50.17577522201002,-10.59602596811498,-1781.9124950059602,0.0,13.3540261646,1.0773796299235088,1.0517241379310427
单反包,688433,2026-08-24,105.76565999999998,2026-08-25,99.4589736999587,-6.10639411055372,-645.8468033228271,0.0,10.9769259682,1.0483233872156823,1.80582524271844
单反包,688485,2026-08-18,82.082,2026-08-19,86.86603467108546,5.712473104216772,937.7824346806422,2.0,11.3263985283,1.1293142007470904,12.528089887640448
单反包,688503,2026-08-19,93.25315999999998,2026-08-20,95.58686029852626,2.395649078459138,446.803693634805,1.0,37.8731494896,1.117637920655571,5.911636589919112
单反包,688512,2026-09-28,17.68767,2026-09-29,16.427280186280267,-7.225573025761135,-1405.8390636462093,1.0,12.1407709166,1.0569601279104628,3.4117647058823364
单反包,688596,2026-08-07,60.11005,2026-08-10,68.77754488388331,14.304569538969272,2579.54517064776,1.0,28.2463229145,1.0379699785561105,6.457242582897038
单反包,688655,2026-09-09,55.51546,2026-09-10,57.18807050900052,2.899293467274888,482.866831532281,0.0,13.858984498800002,1.0283196577376206,2.926829268292685
单反包,688662,2026-08-18,108.86876,2026-08-19,94.55325709051226,-13.286468733733988,-1446.4813758203893,1.0,20.9381530277,1.1188238429421704,3.759615384615378
单反包,688677,2026-08-19,91.091,2026-08-20,88.77625654957446,-2.646727175314581,-482.18605025316094,0.0,20.0452979869,1.077875529488433,9.717013296965572
单连板,000002,2026-09-21,3.3032999999999992,2026-09-22,3.701764783800991,11.954021254339205,2369.263104567521,,14.1983168434,0.9861142727065801,9.570957095709565
单连板,000006,2026-08-14,7.507499999999999,2026-08-17,7.289955465805295,-2.999449088623644,-585.4774648538921,,2.8430869472,1.0339774899129308,9.530583214793742
单连板,000007,2026-08-19,11.711699999999999,2026-08-20,11.829677354589585,0.9046060708314596,180.1060736358657,,1.2680721331,1.0739718269979466,9.765258215962437
单连板,000011,2026-09-09,9.44944,2026-09-10,9.15898551369519,-3.1746004850943317,-629.9621329652654,,3.2293184215,1.0407082574880018,8.581235697940492
单连板,000019,2026-08-19,6.926919999999999,2026-08-20,6.672496254287925,-3.7746562191159976,-732.1087664049314,,3.7025438764,1.0108170310701954,9.779179810725559
单连板,000019,2026-09-10,8.288279999999999,2026-09-11,7.376689525665045,-11.09521077303987,-2207.045125103301,,5.8127501082,1.0474583002382842,12.800000000000011
单连板,000020,2026-09-22,14.434419999999998,2026-09-23,13.780912752815052,-4.630405409993537,-868.8838139555456,,1.8425098336,0.9950728128763804,9.776751347190139
单连板,000026,2026-08-11,19.10909,2026-08-12,20.503080029419017,7.186853836074936,1373.3423677040118,,2.85069419,1.028077753779699,10.294968189705035
单连板,000026,2026-08-18,23.153129999999997,2026-08-19,21.723277206109554,-6.2784737811499225,-1162.9305572524454,,3.9471143278,1.106540166420407,9.885386819484232
单连板,000029,2026-08-18,24.244219999999995,2026-08-19,22.76864520464207,-6.186749858779918,-1199.943397289834,,0.93949612,1.0438077815164468,8.148804251550068
单连板,000032,2026-08-03,13.613599999999998,2026-08-04,13.743363630179415,0.8482364810569499,161.6657302192365,,8.459136108300001,0.9128118867395568,3.1226199543031186
单连板,000037,2026-08-04,10.210199999999999,2026-08-05,10.014838318104665,-2.0159694161946313,-391.085567731378,,3.6687917064,0.9903684451918675,7.234042553191489
单连板,000048,2026-08-03,19.1191,2026-08-04,19.44073813680462,1.577125332023213,301.5321693548501,,3.2978683249,0.9531698943990445,6.572237960339944
单连板,000048,2026-08-05,20.07005,2026-08-06,21.44705694818615,6.750143310711562,1219.281423778319,,2.8145666272000005,0.9796664381996801,8.901098901098914
单连板,000048,2026-08-13,24.154129999999995,2026-08-14,23.305702338574847,-3.6145169000821884,-698.4440887342573,,6.0295772458000005,1.0899243157932488,10.182648401826476
单连板,000048,2026-09-11,22.972949999999997,2026-09-14,20.502253496217868,-10.855734168076802,-1995.1059060521595,,6.240245759,0.9991058312575845,13.00535801266438
单连板,000055,2026-09-17,3.89389,2026-09-18,3.7393957646829645,-4.067938497768287,-807.8453568908227,,0.8513546847,1.001982553528944,8.83190883190883
单连板,000059,2026-08-20,4.9049,2026-08-21,4.730051393064041,-3.6659255468291176,-719.2399285856856,,4.033134849700001,1.0084758822622903,10.217391304347846
单连板,000059,2026-08-31,5.675669999999999,2026-09-01,5.967611388156444,5.038770872713569,1000.9440237696978,,5.3943363375,1.0254653760238268,8.155339805825236
单连板,000059,2026-09-09,6.156149999999999,2026-09-10,5.937118678083993,-3.6588746853443848,-720.7866046138506,,5.213737647,1.087100623094259,10.017889087656528
单连板,000062,2026-08-31,23.303279999999997,2026-09-01,24.179522659496957,3.6526105773119397,680.9424561124941,,14.7246830127,0.9848532660145138,9.322033898305083
单连板,000065,2026-08-25,9.98998,2026-08-26,10.168183022329256,1.6808577113054168,335.83469837573773,,8.2579703264,0.9978953932496688,0.0
单连板,000070,2026-08-26,16.326309999999996,2026-08-27,16.368908375413646,0.1577431502210468,30.904362850624537,,8.3341909976,1.0138922270826325,12.613875262789076
单连板,000078,2026-09-08,1.6016,2026-09-09,1.5640671006759166,-2.4446204519437726,-485.4977103633102,,2.6175394015,0.959963184537506,3.2258064516129004
单连板,000158,2026-09-02,13.933919999999999,2026-09-03,13.751753843532022,-1.4099531737733204,-275.0464461794496,,12.6698294466,0.9817063121463481,9.897070467141722
单连板,000402,2026-09-22,2.72272,2026-09-23,2.7866355026000766,2.243977650292797,446.0097664443799,,4.4501911912,0.9859392575928013,10.358565737051805
单连板,000410,2026-08-13,5.71571,2026-08-14,5.409083789070111,-5.465343364742123,-1062.1028025918665,,2.2024716925,1.0276736811761322,9.505703422053235
单连板,000410,2026-09-21,5.305299999999999,2026-09-22,5.369846452239196,1.11307701441676,218.49267692965375,,3.6685264931,0.9796703296703306,10.297029702970306
单连板,000428,2026-08-03,4.054049999999999,2026-08-04,3.98429503565749,-1.8220868424717258,-361.9547270224025,,4.8728530277,1.0763651877133107,11.375661375661373
单连板,000428,2026-08-11,4.21421,2026-08-12,4.393983537859089,4.161226056136598,824.205181527476,,2.1711035851,1.0850618458610852,11.053984575835486
单连板,000498,2026-09-28,5.62562,2026-09-29,5.6278345646595715,-0.06344242991077932,-12.491605089413742,,3.143027549,1.0186105980963205,0.0
单连板,000503,2026-09-29,7.317309999999999,2026-09-30,7.556660362293558,3.166731882414237,625.64288950373,,3.6243175197,1.0044628956927844,3.0470914127423976
单连板,000505,2026-08-18,6.226219999999999,2026-08-19,7.332083796882192,17.650150042012395,3516.5989502265084,,1.4014906288999998,1.0125000000000002,8.818342151675495
单连板,000506,2026-08-10,18.288269999999997,2026-08-11,19.818985282836124,8.258980852983266,1510.4247176418824,,16.5115674271,1.099708395150153,11.022657685241889
单连板,000509,2026-09-21,3.8037999999999994,2026-09-22,3.817449362661951,0.2560951828149925,50.655012532366754,,3.087896761,0.997364686803162,8.959537572254339
单连板,000520,2026-08-18,4.264259999999999,2026-08-19,4.06515171965342,-4.769832593863439,-935.6310914885729,,1.07119866,1.0192695907505966,9.043927648578798
单连板,000520,2026-08-21,4.414409999999999,2026-08-24,4.255393756197304,-3.7027113689163094,-735.5378742326029,,1.3571820144,1.0205614160557845,5.250596658711215
单连板,000523,2026-08-21,3.5335299999999994,2026-08-24,3.134446973426832,-11.390950242825992,-2254.0148070458436,,6.4629941724,1.0271428571428576,14.239482200647258
单连板,000532,2026-09-11,12.06205,2026-09-14,11.868094205026548,-1.710979008692675,-330.2066296288237,,1.4893401253999998,1.0095902353966866,10.292812777284821
单连板,000532,2026-09-21,12.56255,2026-09-22,14.325256242740995,13.919212818182045,2622.912104835793,,4.3628906776,1.0277374031007749,9.459459459459474
单连板,000533,2026-08-27,11.271259999999998,2026-08-28,11.808061427261766,4.655950181192586,892.1332256675686,,8.723079776,0.9411331861662986,10.047393364928903
单连板,000536,2026-08-27,3.5135099999999992,2026-08-28,3.5218849341449125,0.13541795648184787,26.644371279598083,,2.9420461564,0.9880512709102764,10.122699386503076
单连板,000536,2026-09-02,3.7337299999999995,2026-09-03,3.683200922228336,-1.4551571751259333,-287.95769197259636,,6.8653487251,1.0416754812777669,9.392265193370154
单连板,000537,2026-08-11,8.48848,2026-08-12,8.443015716192258,-0.6385469802597709,-124.66674523289555,,5.011233541499999,1.009974141115626,8.051948051948044
单连板,000551,2026-08-18,14.73472,2026-08-19,13.098599091654465,-11.202390332321107,-2145.8331034069597,,5.1761412742,1.040642621555485,9.225352112676056
单连板,000560,2026-08-20,2.3223199999999995,2026-08-21,2.225285502891651,-4.278282347501527,-854.456496867478,,10.1165139962,1.0025575447570345,7.2072072072072
单连板,000560,2026-08-26,2.39239,2026-08-27,2.387715800097472,-0.29763868506750213,-59.10162854279723,,6.5756417665,1.0066772655007963,11.16279069767443
单连板,000560,2026-09-07,3.1131099999999994,2026-09-08,3.3610503779467633,7.8581422164334445,1565.6487113856713,,24.2857295499,1.1170973062122058,9.375
单连板,000560,2026-09-09,3.3133099999999995,2026-09-10,2.950415558109806,-11.049342005169951,-2196.5937215489785,,21.7921247973,1.1377245508982048,2.686567164179099
单连板,000564,2026-08-18,1.5315299999999998,2026-08-19,1.5386980961105607,0.36556998637399607,72.7845821600776,,9.5952775107,1.0074589756340113,10.000000000000009
单连板,000565,2026-08-31,6.756749999999999,2026-09-01,6.475686592124537,-4.26065566136848,-834.8573690585927,,1.4628039641,1.0058948361235547,9.60264900662251
单连板,000565,2026-09-10,7.0270199999999985,2026-09-11,7.263263694401477,3.257394046778085,640.9136472085349,,2.707378594,1.030030367787649,10.445468509984646
单连板,000566,2026-08-26,4.974969999999999,2026-08-27,5.052145883066296,1.4482406721233048,288.1981558637311,,4.8961270753,0.9281767955801107,10.444444444444434
单连板,000567,2026-08-31,7.017009999999999,2026-09-01,7.053465428969132,0.41636769690980413,81.80637620100579,,5.681319330499999,1.0057964293994897,7.846153846153836
单连板,000571,2026-08-04,6.546539999999999,2026-08-05,6.850554664030032,4.538612494814723,891.3662472541313,,2.7422647666000004,0.9876808994139453,11.591695501730094
单连板,000576,2026-08-28,8.018009999999999,2026-08-31,8.158560753834402,1.6480777784423113,317.14329859987754,,2.6878346029,0.9989212513484365,4.438642297650119
单连板,000586,2026-08-28,14.504489999999999,2026-08-31,13.718008047985919,-5.524602993354902,-1041.7101353241212,,1.4684682177,1.0152153163775184,10.084033613445387
单连板,000590,2026-08-21,9.5095,2026-08-24,9.114194903776998,-4.256904520593436,-850.1017043102488,,0.3354463139,1.020333013128404,7.190265486725678
单连板,000592,2026-09-17,8.5085,2026-09-18,8.58612239954496,0.8087273436473619,158.2643018787423,,28.8996014266,1.0651765589782136,8.87500000000001
单连板,000592,2026-09-28,8.78878,2026-09-29,8.901435953274655,1.177443042072167,227.66233290466647,,27.1729112556,1.0320512820512835,9.476309226932656
单连板,000595,2026-09-23,5.845839999999999,2026-09-24,5.574340710093601,-4.744259824749462,-942.9622510330554,,2.92121515,0.9919165580182542,9.550561797752799
单连板,000596,2026-09-02,100.1,2026-09-03,97.34504997293807,-2.9026943082398904,-290.55970025481304,,7.6087274576,0.9887536565772931,9.795385285154556
单连板,000597,2026-08-19,5.23523,2026-08-20,5.235229725265179,-0.10227197548292853,-20.34585793988469,,4.4121032212,1.039750815781667,10.642570281124474
单连板,000603,2026-08-10,34.55452,2026-08-11,36.8063215336922,6.403459705155854,1106.3423822550103,,36.1599616855,1.0821657628891526,9.719566602931806
单连板,000603,2026-08-24,37.037,2026-08-25,36.89828654071568,-0.480335759969993,-88.95097771004315,,33.5481849029,1.0093852753522208,6.890510948905115
单连板,000610,2026-09-02,7.437429999999999,2026-09-03,7.3919467735210045,-0.7149465269541344,-138.25148344707668,,1.923729905,1.0498353956181188,0.13477088948787852
单连板,000620,2026-08-19,3.2532499999999995,2026-08-20,3.3123841592268835,1.714376901356579,340.2150959146357,,12.133758276500002,1.0439615967660427,0.0
单连板,000620,2026-08-25,3.3133099999999995,2026-08-26,3.38566515891129,2.0803568007092283,413.57201948147355,,14.5623054581,1.0820367751060813,7.430340557275539
单连板,000620,2026-09-09,3.3233199999999994,2026-09-10,3.196222689006537,-3.9246080555445193,-782.5637065891325,,18.2627584206,0.9638925583443408,10.666666666666668
单连板,000626,2026-08-31,9.26926,2026-09-01,9.115884662325463,-1.7571956792044547,-342.0459760498764,,2.7127258914,1.0347559877543666,10.084033613445387
单连板,000628,2026-09-03,54.414359999999995,2026-09-04,54.3530332295375,-0.22590414431574632,-36.87728830286692,,9.2895646322,1.0730315175522043,10.2636345341115
单连板,000636,2026-09-14,56.045989999999996,2026-09-15,58.270472776284805,3.8555319335702185,648.2613125806713,,99.8486360853,0.9813464216287774,8.718446601941743
单连板,000656,2026-08-11,1.2912899999999998,2026-08-12,1.3434945874602648,3.9384756074398077,783.1999817381661,,4.4080735010000005,0.9964912280701753,10.256410256410264
单连板,000659,2026-08-26,2.87287,2026-08-27,2.86270460038629,-0.4561077606096278,-90.41334285335813,,1.056344813,0.9764138980471707,10.465116279069765
单连板,000665,2026-08-13,4.3043,2026-08-14,4.15155441935275,-3.6493699194897635,-722.5672154451503,,1.4680756958,1.0334423845874217,7.281553398058249
单连板,000670,2026-08-18,7.557549999999999,2026-08-19,7.38319353859165,-2.408765002668648,-473.3134105938794,,6.008708446,1.0105024711696862,10.072992700729944
单连板,000670,2026-09-17,7.927919999999999,2026-09-18,7.785003471444247,-1.904234143712208,-377.41539881547214,,6.0168038876,1.0194337575219483,10.555555555555562
单连板,000677,2026-08-27,1.9018999999999997,2026-08-28,1.8379479131868275,-3.462897113480132,-691.5388221134255,,0.9274172802,0.9892384105960259,8.620689655172399
单连板,000678,2026-08-19,10.20019,2026-08-20,8.640229244973124,-15.389246982032171,-2982.491620299439,,4.5433597373,1.0324572514249526,9.937238493723832
单连板,000679,2026-09-09,7.307299999999999,2026-09-10,6.735086437114117,-7.9294025655510705,-1564.448130915786,,1.1032266417,1.030521455118819,9.74124809741248
单连板,000692,2026-08-13,4.36436,2026-08-14,4.863504684279373,11.328085471138246,2224.7929398067613,,2.2636708616,1.0534378989604225,9.629629629629655
单连板,000695,2026-08-14,14.304289999999998,2026-08-17,14.080722983939138,-1.6679159565065862,-310.1585959874687,,2.3845198367,1.010621818986501,9.679878048780498
单连板,000695,2026-08-26,15.315299999999999,2026-08-27,15.234432429600268,-0.6299751988608436,-125.42736912047522,,2.9979312635000004,1.034048313202832,10.750360750360755
单连板,000702,2026-09-07,6.2062,2026-09-08,6.257340063755394,0.7212426013160768,143.23762663321074,,1.1090565384,1.0259054325955734,9.824561403508758
单连板,000710,2026-08-05,9.35935,2026-08-06,8.990496905302212,-4.041880540650751,-794.4168674009317,,2.97998023,1.029164081198476,8.578143360752065
单连板,000710,2026-08-11,9.74974,2026-08-12,9.482676386106181,-2.8410734670948465,-553.9945525014662,,2.05478932,1.0703296703296707,8.58695652173913
单连板,000710,2026-09-28,10.9109,2026-09-29,10.008060330178775,-8.373355499043804,-1644.4952012613066,,3.06196897,1.0442085247979733,12.232415902140659
单连板,000711,2026-09-02,6.506499999999999,2026-09-03,5.961097415296133,-8.48138235178668,-1655.5234281570008,,7.4838963004,1.0138568129330272,8.180300500834736
单连板,000712,2026-08-06,9.63963,2026-08-07,9.341953341317623,-3.190344973681041,-615.0749023728996,,4.5891084506,1.0222002145745641,9.608938547486057
单连板,000713,2026-08-19,6.266259999999999,2026-08-20,6.00805393419699,-4.221954441103004,-820.1317913192893,,2.9737589914,1.010251403465951,10.921501706484626
单连板,000713,2026-09-02,7.007,2026-09-03,6.3827429832732525,-9.00747415755167,-1767.230399815007,,5.076141805,1.0392201834862396,10.015408320493059
单连板,000715,2026-08-13,5.435429999999999,2026-08-14,5.146473347911732,-5.416562913577774,-1059.8885480645295,,1.4583417361000002,1.0297530496875937,10.386965376782076
单连板,000716,2026-08-19,5.545539999999999,2026-08-20,4.961275174602928,-10.632477791412482,-2122.6619120900245,,5.7645213995,1.0378898280384747,11.516314779270619
单连板,000720,2026-08-07,3.8638599999999994,2026-08-10,3.660632265603564,-5.359771828317247,-1056.1798068046558,,3.4858808836,1.034886149989555,10.704225352112683
单连板,000720,2026-08-13,4.004,2026-08-14,3.8238011402547922,-4.601145221110582,-902.7262878010117,,5.203776402,1.048477564102564,11.2947658402204
单连板,000720,2026-09-17,4.054049999999999,2026-09-18,4.047695662861893,-0.2590007215672344,-51.45009188821268,,2.7259131627,1.0077234277307832,10.026385224274414
单连板,000721,2026-09-02,7.537529999999999,2026-09-03,7.248951926668925,-3.9296237356246695,-770.1110766955584,,4.1280535225,1.0260869565217392,9.208633093525176
单连板,000723,2026-08-20,3.7137099999999994,2026-08-21,3.512728692461146,-5.5119201209798065,-1084.8926622416475,,7.136261791799999,1.003554502369672,9.26966292134832
单连板,000723,2026-08-25,3.9239199999999994,2026-08-26,3.8646605166889114,-1.6124105326968814,-316.3484968729973,,6.979707184,1.0106466876971647,9.26966292134832
单连板,000731,2026-09-17,8.008,2026-09-18,7.8049090293640715,-2.6388389224222033,-507.16373017816807,,2.3438084169,1.0330907326540508,9.752747252747263
单连板,000735,2026-08-18,5.725719999999999,2026-08-19,6.104523155228185,6.5090750988248125,1267.1508101446686,,4.8053709630000006,1.0036769712651519,4.074074074074074
单连板,000736,2026-08-13,4.86486,2026-08-14,4.48649672712233,-7.875644092507204,-1570.8701427148585,,1.6781254138,1.038556193601313,10.49107142857142
单连板,000736,2026-08-20,4.82482,2026-08-21,4.302013821080006,-10.932790830725038,-2162.6986620918497,,1.6006518975,1.02114898989899,6.060606060606055
单连板,000737,2026-08-18,14.514499999999998,2026-08-19,13.993310946847547,-3.6939825307633782,-697.0120227559456,,20.2029725973,1.0197908121411001,4.326587578506613
单连板,000739,2026-08-05,22.462439999999997,2026-08-06,21.575874100947797,-4.052517087385368,-728.2353753949486,,3.7357065355,1.0041054072072715,6.963249516441006
单连板,000753,2026-09-17,5.305299999999999,2026-09-18,5.33388139384855,0.43551464827598474,85.48982694944752,,2.98219013,1.0179775280898864,10.000000000000009
单连板,000753,2026-09-28,5.32532,2026-09-29,5.478460268638823,2.771482239548342,546.0841025967283,,4.458728354,1.011858797573082,10.082304526748963
单连板,000779,2026-08-12,11.97196,2026-08-13,11.053891703486215,-7.768782228495266,-1488.120801412099,,14.6086132682,1.0774556976880645,6.0833333333333295
单连板,000779,2026-08-26,10.210199999999999,2026-08-27,9.616104596312452,-5.919226625594047,-1148.2932661601662,,6.0800676229,0.911619443722381,10.97560975609757
单连板,000796,2026-08-26,4.144139999999999,2026-08-27,4.2160754731472965,1.6326789134213353,324.7703996287628,,1.6703795068,0.9972411256207463,9.424083769633507
单连板,000798,2026-08-31,9.77977,2026-09-01,9.915066636587161,1.2796022289123588,250.28430980500434,,3.1275441568,1.0334093872229462,9.051724137931028
单连板,000798,2026-09-10,12.172159999999998,2026-09-11,10.922601778366273,-10.363817680187358,-2018.4007522251095,,11.500951411,1.068811309867281,9.130060292850995
单连板,000811,2026-08-05,35.91588,2026-08-06,39.787346992212164,10.66607942349215,1915.4081432230664,,12.9078085469,0.9167647793356882,4.606413994169123
单连板,000811,2026-08-18,45.585539999999995,2026-08-19,40.32737705408303,-11.635676057834447,-2121.6743054458175,,18.6098573214,1.0750927745033836,10.002439619419379
单连板,000812,2026-09-15,4.11411,2026-09-16,3.7398639544185186,-9.194646001968064,-1815.7336830315278,,1.8237594732,1.022313894618414,10.106382978723394
单连板,000813,2026-09-04,3.5835799999999995,2026-09-07,3.6750813150047748,2.4493106311549004,482.7515325376743,,4.0305721886,1.004016064257027,10.060975609756095
单连板,000823,2026-09-11,18.648629999999997,2026-09-14,21.72583940871908,16.38695574055915,3055.942744320635,,27.6977893097,1.028230036028639,11.309523809523792
单连板,000829,2026-09-22,9.68968,2026-09-23,9.131648571234546,-5.859692645544357,-1135.5709326735648,,5.2407254891,0.9936155119413549,10.022522522522515
单连板,000831,2026-08-10,57.27721999999999,2026-08-11,56.618777264226296,-1.2591819535092303,-216.36732531353385,,33.904639752600005,1.0208384407943127,10.94083414161009
单连板,000831,2026-08-17,60.09002999999999,2026-08-18,62.19653802699146,3.396326410495002,612.256067689311,,54.1656745471,1.0771175039747793,9.22939068100359
单连板,000833,2026-09-09,22.852829999999997,2026-09-10,22.73299288176086,-0.6308167212062419,-115.32757832706912,,9.0047466233,0.9917726252804789,6.284916201117308
单连板,000839,2026-08-07,3.0330299999999997,2026-08-10,2.891526591976733,-4.76575828210193,-939.554709753635,,8.4137143847,1.0569451836083021,10.954063604240293
单连板,000839,2026-09-15,3.1331299999999995,2026-09-16,2.7980140361899313,-10.79309137686042,-2130.417978291709,,5.5829097463,1.0192016169782712,0.9740259740259605
单连板,000852,2026-08-19,5.795789999999999,2026-08-20,5.2727296400908354,-9.122976960797374,-1797.7451937470732,,1.628046273,1.0024102838778794,6.826568265682664
单连板,000852,2026-09-03,5.71571,2026-09-04,5.630227478559482,-1.5982663750465105,-310.597721485581,,3.4829312574,1.0195975272918592,4.123711340206171
单连板,000859,2026-08-11,9.56956,2026-08-12,10.2038573926557,6.5206522534520515,1247.9954595708923,,6.574072961900001,1.0576436731490364,10.046189376443415
单连板,000868,2026-09-18,4.11411,2026-09-21,3.9595979516218103,-3.8563849232725973,-761.5484052808812,,2.0715057698,1.0255121762659456,9.139784946236551
单连板,000892,2026-08-05,4.084079999999999,2026-08-06,4.050914795017318,-0.9146575400450678,-179.30565917506848,,5.730464507200001,1.019286007386132,9.162303664921478
单连板,000892,2026-09-07,5.215209999999999,2026-09-08,5.585083010832003,6.98612112358106,1384.4953723066246,,16.6028576981,1.1058344640434208,17.19077568134173
单连板,000905,2026-09-28,9.56956,2026-09-29,9.234017204391293,-3.6088162881359813,-690.6956799658911,,3.8999940477,1.0071031500926504,9.486607142857139
单连板,000908,2026-08-07,6.776769999999999,2026-08-10,6.9548934956390775,2.524218121527419,496.0753235432776,,2.3705333344,0.9911788291900562,8.412698412698427
单连板,000911,2026-09-09,6.676669999999999,2026-09-10,6.6788081597701225,-0.07163863053630172,-13.870917364941477,,1.35759636,1.063762376237624,0.909090909090926
单连板,000912,2026-08-31,4.274269999999999,2026-09-01,4.59759429489844,7.457714792574295,1466.309183897,,4.7423810687,1.0312030075187957,9.273182957393477
单连板,000925,2026-08-25,9.019009999999998,2026-08-26,8.493035955589027,-5.931262271510686,-1176.8705022663069,,1.0571789046,1.0286335628851042,0.0
单连板,000925,2026-08-31,8.98898,2026-09-01,9.218920585128274,2.454155991941271,485.32790082568545,,7.4028666665,1.0427574171029679,12.066905615292733
单连板,000928,2026-09-09,5.78578,2026-09-10,5.672327869183003,-2.062713278086417,-405.7697778229522,,5.283224774100001,1.0404298186702479,9.558823529411754
单连板,000950,2026-08-17,6.226219999999999,2026-08-18,5.875817426710359,-5.727174792687398,-1141.0768076072359,,3.7088060825,1.0182848313159916,8.635578583765113
单连板,000951,2026-08-28,22.402379999999997,2026-08-31,21.374682380397143,-4.692906429659961,-841.0581851334856,,6.9226943226,0.9945173954243949,2.706422018348631
单连板,000962,2026-08-05,47.147099999999995,2026-08-06,53.53911593222415,13.445661582788176,2535.6958048394895,,9.2735788908,0.9420979104122696,9.188183298441487
单连板,000962,2026-09-15,55.315259999999995,2026-09-16,58.20967813501654,5.117655983600821,849.2534139703054,,15.4828657546,0.9720387319273108,11.303815547847385
单连板,000965,2026-09-01,3.5035,2026-09-02,3.3484112959466055,-4.526496782624223,-903.9391442416661,,4.800433877300001,1.0137533274179238,0.0
单连板,000972,2026-08-14,3.74374,2026-08-17,3.5637814668304144,-4.906865636248761,-973.6115453236467,,0.6016034571,1.024124187119781,10.086455331412104
单连板,000973,2026-08-11,13.663649999999999,2026-08-12,13.572299016323388,-0.7725047832591756,-147.77328974490928,,10.828808916600002,1.0176991150442463,9.527622097678146
单连板,000977,2026-09-01,85.9859,2026-09-02,85.80419327559672,-0.3213628303871199,-55.2653443947677,,96.0118089974,0.9958196145166669,11.52134066509558
单连板,000980,2026-09-18,2.2622599999999995,2026-09-21,2.2435319677860384,-0.9296552895730611,-185.07473383428064,,14.434694747,1.1190563951345387,13.942307692307686
单连板,000980,2026-09-29,2.21221,2026-09-30,2.2462015296556466,1.4335317923891018,285.41460297969854,,10.5105542498,1.0301224760013254,12.00000000000001
单连板,000981,2026-08-06,3.1231199999999997,2026-08-07,2.907501140222324,-7.002466013447749,-1399.6506659788115,,18.8514183668,1.0489279824079167,9.310344827586214
单连板,000995,2026-09-22,11.97196,2026-09-23,12.091627996350361,0.8948538624604849,171.41047435555882,,1.3022375424,0.9778485041374928,9.963099630996307
单连板,000997,2026-08-27,20.720699999999997,2026-08-28,20.65992029052259,-0.3988021009748036,-74.37112824301751,,18.5271033335,1.011968344314062,1.8208661417322913
单连板,000998,2026-09-02,9.88988,2026-09-03,9.184640746209755,-7.229838171654363,-1430.0446387416207,,8.7798807086,1.030278562777553,10.165745856353592
单连板,001201,2026-09-22,16.016,2026-09-23,16.28632676338968,1.582962308984908,304.23269208842737,,2.6069582641,1.046684073107049,8.064516129032251
单连板,001201,2026-09-29,16.306289999999997,2026-09-30,16.312564765938596,-0.06464400133544883,-12.649245990434588,,2.1200578251,1.060552616108171,7.892976588628753
单连板,001207,2026-08-18,17.24723,2026-08-19,16.9928226935954,-1.5790189344563692,-299.5707301061631,,2.3381276449,1.0259457497958804,10.616656071201525
单连板,001210,2026-08-21,29.789759999999998,2026-08-24,27.125062270949506,-9.04839809073771,-1617.2976450452074,,1.459463805,1.1027813593663667,5.719360568383669
单连板,001212,2026-09-15,35.40536999999999,2026-09-16,35.80143487539945,1.0095985154596814,178.72604495650364,,1.986152276,0.9876317579054736,9.95290423861852
单连板,001212,2026-09-21,37.81778,2026-09-22,38.08504033667478,0.6014599172745593,113.7293941515374,,3.320541206,1.0175277330937802,9.043927648578798
单连板,001221,2026-09-01,42.052009999999996,2026-09-02,39.87225545015285,-5.292279537236679,-890.2039680906886,,3.0094926371,0.9726540216771264,9.266613714588301
单连板,001222,2026-08-11,15.515499999999998,2026-08-12,15.011353602956111,-3.3533606761930215,-624.3488108576738,,1.018613454,1.0316742081447947,10.071428571428577
单连板,001223,2026-08-10,41.11107,2026-08-11,39.67669328708864,-3.600059393218852,-592.009174875111,,1.3209959184,1.1078103994102106,7.718472004186294
单连板,001223,2026-09-16,46.15610999999999,2026-09-17,43.94654547082694,-4.8908775641256845,-902.9755313852683,,1.7527966329,1.0255626953193597,11.890317884008738
单连板,001225,2026-08-06,31.691659999999995,2026-08-07,31.647538004717635,-0.2437418012544223,-46.34749375885634,,0.95362793,1.066340817677308,9.751953788651036
单连板,001229,2026-09-21,40.34029999999999,2026-09-22,40.16491506453431,-0.5485146247018339,-88.50897805943754,,2.08145241,0.9933989664667507,8.22733423545332
单连板,001258,2026-08-11,14.014,2026-08-12,15.339128144170143,9.347953415682609,1834.031068343265,,25.1982691363,1.025059998883742,7.898658718330864
单连板,001258,2026-08-27,13.40339,2026-08-28,13.434438600935263,0.12623781152328087,23.688204688302385,,15.8643568999,0.9256501677852352,13.13807531380753
单连板,001260,2026-09-23,20.300279999999997,2026-09-24,19.415091163862822,-4.4649859338977445,-815.7641818876712,,1.1991952012,0.9965803994715157,9.267241379310365
单连板,001266,2026-09-23,37.38735,2026-09-24,36.259652078798425,-3.1202110266219973,-583.2821086308796,,3.252156704,1.0114297945205502,8.75828291558629
单连板,001267,2026-08-03,29.55953,2026-08-04,31.018362622359817,4.824335824878633,855.6305972734483,,9.9130193726,0.9173375472463646,2.8295376121463045
单连板,001267,2026-08-05,30.980949999999996,2026-08-06,37.34585544593132,20.428303791482303,3797.329550092341,,7.5288719869,0.9562294089961676,6.7621585609593415
单连板,001267,2026-09-08,38.027989999999996,2026-09-09,37.86036742481438,-0.5451554038808613,-103.65582123613676,,15.4460144902,0.9951267424728945,8.436098654708513
单连板,001268,2026-08-27,23.73371,2026-08-28,25.659953349498732,8.007258183362366,1520.3355489523935,,3.3400901169,1.040296594019613,11.13626075147125
单连板,001268,2026-09-23,27.026999999999997,2026-09-24,26.360215263310895,-2.570704964513661,-486.34910153137497,,2.433664787,0.9848013816925749,8.759721653704467
单连板,001288,2026-08-31,28.488459999999996,2026-09-01,29.322940540668295,2.825548457539792,563.4686694747884,,4.7158236874,0.9948673146226945,12.401263823064767
单连板,001296,2026-08-10,19.899879999999996,2026-08-11,19.640096314536486,-1.4070393056838888,-279.999133383927,,1.0425413474,1.0451488952929884,9.983452840595719
单连板,001296,2026-09-08,22.21219,2026-09-09,20.64635323368767,-7.147875285924645,-1428.9296755253629,,1.23925208,1.0269710284714038,0.0
单连板,001300,2026-08-11,11.501489999999999,2026-08-12,11.265934176905535,-2.1501459147107305,-420.4079895219674,,0.8234449835,1.035284234108093,7.527881040892193
单连板,001301,2026-08-20,62.06199999999999,2026-08-21,63.77191324066609,2.6480545447778283,493.0306834740047,,10.0698458601,1.0230720070950658,3.987320653987325
单连板,001313,2026-08-13,8.108099999999999,2026-08-14,7.837620023217998,-3.437610669090269,-668.9397855852192,,1.6263708388,1.0200375086368576,10.041265474552974
单连板,001316,2026-09-07,30.029999999999998,2026-09-08,29.40503501839202,-2.187574146300451,-394.15710968041526,,2.2898606352,1.0207836091072424,9.945355191256834
单连板,001317,2026-09-28,65.38532,2026-09-29,63.27337163182936,-3.331336413488838,-653.4614922708599,,7.931411252,1.0649439774062008,10.229574611748804
单连板,001318,2026-08-18,12.492479999999999,2026-08-19,11.492785568664358,-8.100318565854494,-1619.0890828410547,,0.854924459,1.0238201673159213,9.777777777777775
单连板,001330,2026-09-01,5.71571,2026-09-02,5.883672451307115,2.8336539955029387,550.6757122736274,,7.0282465423,1.000424748690353,10.216110019646374
单连板,001330,2026-09-08,6.456449999999999,2026-09-09,5.859639956691061,-9.342538972967874,-1809.589072560553,,13.5310767827,1.0873292258237295,5.657237936772042
单连板,001331,2026-08-04,43.70365999999999,2026-08-05,49.63274976343486,13.450452489460876,2351.3360097822065,,2.1488242065,0.9232354788321859,9.99486125385407
单连板,001332,2026-09-21,29.309279999999998,2026-09-22,28.257024305008496,-3.6972130903717995,-650.1759221122343,,1.3934313326,0.9826017557861136,9.802431610942254
单连板,001333,2026-08-21,22.522499999999997,2026-08-24,20.821837977238324,-7.654596004573485,-1379.2051081040504,,1.1001898397,1.0229984812323696,8.1384015594542
单连板,001338,2026-08-20,9.349339999999998,2026-08-21,8.86856146271799,-5.242689877466206,-1029.3294937587875,,2.8856453921,1.0007298678128307,10.183066361556081
单连板,001339,2026-08-05,73.4734,2026-08-06,81.13649380976864,10.304381536618221,1514.1958927851304,,6.924141816100001,0.9377571617110466,6.891430268825194
单连板,001356,2026-08-18,9.579569999999999,2026-08-19,9.153794203806193,-4.546550909255291,-871.0800538754942,,1.0897857564,1.0122870249017024,9.299655568312271
单连板,001358,2026-08-18,28.468439999999998,2026-08-19,26.3135993926489,-7.667546735005737,-1527.981659208947,,1.4060574137,1.0163606566484262,9.664848012470785
单连板,001359,2026-08-03,76.55648,2026-08-04,74.64521348106724,-2.6125824262140687,-400.0202285216176,,3.9993179322,0.8968985216657908,0.09155113784986568
单连板,001359,2026-08-06,87.12704,2026-08-07,88.10000734455232,1.0067656038889927,175.43301408132083,,3.8016611017,0.9363820189765123,11.007871983481742
单连板,001365,2026-09-18,37.547509999999996,2026-09-21,37.452045524336285,-0.3593859991811043,-67.47024699056252,,3.1490930572000004,0.990443345660032,10.420959670297325
单连板,001366,2026-08-19,13.012999999999998,2026-08-20,12.450692013660683,-4.422151970590547,-863.1819538994216,,0.6002241709,1.0397190603051585,10.483210483210481
单连板,001366,2026-09-03,14.544529999999998,2026-09-04,13.68513654904124,-6.010580084685289,-1136.4738106684003,,1.216559605,1.025730337078652,11.111111111111116
单连板,001368,2026-09-29,39.759719999999994,2026-09-30,37.88780967772766,-4.807958160691213,-955.8153512039881,,4.5932689305,1.1226425773732713,9.567496723460023
单连板,001373,2026-09-22,32.66263,2026-09-23,31.378115288650577,-4.033694907952314,-790.5065058679829,,0.8474341294,0.9929347826086957,9.483631454606822
单连板,001376,2026-08-11,12.292279999999998,2026-08-12,11.867914289416596,-3.5533787846600005,-698.8660314736068,,3.5206293204000003,1.0391468331382505,9.97280145058932
单连板,001376,2026-08-31,11.361349999999998,2026-09-01,11.440910891106691,0.5961444732452686,115.14110218878724,,2.5029908821,0.9649065694381151,7.8212290502793325
单连板,001378,2026-08-07,19.79978,2026-08-10,20.333779880357085,2.593117978169975,513.4316548181031,,1.570142649,1.0251452317347232,9.932659932659927
单连板,001378,2026-09-17,22.30228,2026-09-18,23.35089654376723,4.591389596623792,819.1876509839268,,3.0766791065,0.9988698170516339,10.05368472425574
单连板,001388,2026-08-11,25.275249999999996,2026-08-12,23.759696302717156,-6.101659169278003,-1079.5467264280567,,1.6532730433,1.0223509125809287,0.0
单连板,001389,2026-09-08,168.16799999999998,2026-09-09,173.12243046943146,2.8331527697850087,476.44563498920536,,14.2143689127,1.017396768319812,7.843515128155709
单连板,001400,2026-08-03,66.9669,2026-08-04,69.19877259509714,3.204436149909355,429.18231041472956,,0.7085790592,0.9395618843423219,7.418111753371881
单连板,001400,2026-08-20,84.63454999999999,2026-08-21,77.30379775143783,-8.768314513299112,-1484.2047061830783,,5.1681328467,1.0334555497357272,9.025915996425393
单连板,002005,2026-09-21,2.66266,2026-09-22,2.6651372846579355,-0.009084723193089372,-1.8142146792983507,,1.6803797542,1.0041079812206573,8.571428571428562
单连板,002008,2026-09-01,97.46736999999999,2026-09-02,92.98106181547791,-4.7038339084639,-916.9406399495941,,53.36748608560001,0.9651869503458005,11.460622181103265
单连板,002012,2026-08-04,6.16616,2026-08-05,6.411760173195252,3.8783215795068915,765.2592445021509,,1.2317898658,1.0244407086512355,10.382513661202175
单连板,002015,2026-08-25,15.865849999999998,2026-08-26,16.630670438141493,4.713562805552245,897.4161652616528,,4.9426051041,0.9662206419013735,0.0
单连板,002015,2026-09-02,17.43742,2026-09-03,17.170165658832794,-1.636001248717523,-313.80404983853106,,23.6967029115,1.0477801655159786,9.974747474747492
单连板,002022,2026-09-22,5.98598,2026-09-23,6.079011306075327,1.4507373475842755,286.57479668045323,,1.4286617564,0.9920437593237191,8.626760563380277
单连板,002025,2026-08-19,71.33126,2026-08-20,61.85740432285412,-13.396814055927978,-1911.223253190106,,19.6488207212,1.0198257467994305,9.63597430406855
单连板,002028,2026-08-18,186.59640999999996,2026-08-19,173.8475082821664,-6.93444740504787,-1293.9429911157483,,23.766297878400003,1.0273601226322122,9.147794994040526
单连板,002029,2026-09-28,9.3093,2026-09-29,8.962430808748001,-3.827302039104611,-748.2195603253678,,5.656855318300001,1.0107243029203106,9.198113207547154
单连板,002030,2026-08-21,5.845839999999999,2026-08-24,5.442175320868539,-7.003951928477194,-1392.0953996133499,,2.1309219632,1.0092533907973114,4.188481675392652
单连板,002036,2026-08-06,7.73773,2026-08-07,7.2781094311370405,-6.040657686076412,-1168.524454932101,,2.8590707396,1.0128894752867126,6.557377049180313
单连板,002037,2026-08-10,7.317309999999999,2026-08-11,7.336569974418767,0.16046124775512732,31.701906705898907,,1.763623261,1.0654597637708358,4.9113233287858105
单连板,002040,2026-08-20,8.8088,2026-08-21,8.84455555747737,0.30209894193990505,58.544841514725185,,2.789592653,1.0077371120577245,10.48780487804879
单连板,002041,2026-08-19,9.89989,2026-08-20,9.735783649959174,-1.759318523764452,-348.3411972046092,,4.4827575508,1.0024961752153956,9.988776655443331
单连板,002041,2026-08-25,10.190179999999998,2026-08-26,10.72887882125898,5.180105094958118,1002.9378633942658,,4.504440660899999,1.0375670840787117,9.569892473118259
单连板,002041,2026-09-02,11.76175,2026-09-03,10.444556678990317,-11.295258064124331,-2258.484026107144,,7.9912033595,1.0850765127053206,10.30640668523679
单连板,002042,2026-09-22,4.15415,2026-09-23,3.905901534774335,-6.075017749521149,-1211.3536792403174,,3.3643959511,0.9848898598215905,9.610389610389603
单连板,002044,2026-08-11,5.2052,2026-08-12,5.13839986690138,-1.3852368396624122,-273.9965223168099,,10.2116251409,1.0461632528278801,9.053497942386812
单连板,002045,2026-08-24,8.93893,2026-08-25,8.918699930821505,-0.3290488905122435,-64.70958997506538,,4.9023685464,0.9829801435007519,9.891435464414954
单连板,002046,2026-09-10,60.56049999999999,2026-09-11,57.13655383846898,-5.757919340695625,-1046.107422696592,,12.5221567553,1.024903581267216,9.627443747694574
单连板,002047,2026-08-27,3.5035,2026-08-28,3.5101509847807315,0.08766624271674027,17.506904837411675,,1.8679478234,0.9482794147949712,9.667673716012072
单连板,002052,2026-08-07,9.83983,2026-08-10,9.545952722118749,-3.087900015239403,-607.6882241390628,,2.23434492,1.029299784803839,9.67379077615298
单连板,002052,2026-08-25,8.9089,2026-08-26,8.864788661131135,-0.5979068642761244,-117.18723418929042,,2.8064149533,0.9636435643564334,10.194174757281548
单连板,002058,2026-08-04,16.95694,2026-08-05,16.761351037024518,-1.258468394033776,-234.73750354479805,,0.3122689086,0.9917151096260352,9.29032258064517
单连板,002072,2026-08-27,7.987979999999999,2026-08-28,8.995589141471765,12.505558491754062,2497.35377802404,,2.3557835668,1.0033813158148963,8.73655913978495
单连板,002075,2026-08-04,4.07407,2026-08-05,4.116876536031812,0.9480782601159458,189.26432266233797,,2.8117822409,1.0238524754459803,9.308510638297896
单连板,002077,2026-09-10,13.783769999999999,2026-09-11,13.709857518937524,-0.6397756436736194,-123.45928453598773,,11.2916350777,1.0141263940520435,9.74440894568691
单连板,002080,2026-08-05,45.20515999999999,2026-08-06,50.359468800025155,11.288917945068977,2041.269367734857,,17.359509601099997,0.9183994357173312,8.087697929354443
单连板,002080,2026-09-22,66.02595999999998,2026-09-23,61.34920658418778,-7.182076722706467,-1422.6105312310444,,85.420743458,1.0663407074917186,12.252160650737153
单连板,002081,2026-08-26,5.45545,2026-08-27,5.6503088390247775,3.4670806118486635,680.9214572607525,,11.4581900796,1.1230347612865987,10.88709677419355
单连板,002081,2026-09-01,6.106099999999999,2026-09-02,5.375530202630295,-12.061665855014574,-2356.791612073743,,15.979359143,1.0132008887727082,5.2991452991453025
单连板,002082,2026-09-23,11.291279999999999,2026-09-24,12.16756204273738,7.652642750462382,1468.938244602495,,2.059849366,1.0295327102803753,10.317460317460302
单连板,002082,2026-09-29,13.213199999999997,2026-09-30,12.932247791195064,-2.2276697079065673,-441.5196807676657,,4.3936001762,1.0806179775280909,8.196721311475418
单连板,002084,2026-09-22,6.13613,2026-09-23,6.398179308146569,4.165489899976295,817.9196012781293,,3.3094228445,0.90093896713615,8.896797153024917
单连板,002093,2026-09-09,7.677669999999999,2026-09-10,7.334509226313597,-4.569411083544566,-912.1431902387377,,2.0617339871,1.0221809553285883,9.857142857142854
单连板,002094,2026-08-26,5.05505,2026-08-27,5.727323005143078,13.189531603967374,2600.275927650776,,1.8573118254,0.9938262309893093,9.829059829059839
单连板,002095,2026-09-09,15.185169999999998,2026-09-10,15.512352048250241,2.050860078045409,404.8545661073264,,2.3019738622,1.0264606987963572,9.096989966555192
单连板,002095,2026-09-17,16.005989999999997,2026-09-18,16.28010874651756,1.607663742283399,308.78699738820785,,2.7456765188,1.0242292825492616,8.782435129740529
单连板,002098,2026-09-01,7.837829999999999,2026-09-02,8.009670703030835,2.08829985687735,409.193481680725,,0.8642515829999999,1.017359388949509,2.386934673366836
单连板,002104,2026-08-07,11.841829999999998,2026-08-10,10.784652141577444,-9.027713193946866,-1710.4743189036128,,3.2611966643,1.0576634512325835,10.943396226415093
单连板,002104,2026-09-02,12.33232,2026-09-03,13.59706523701932,10.147623565950607,2002.2998568775035,,4.851445845,1.066824364281491,8.384819064430715
单连板,002107,2026-08-31,7.047039999999999,2026-09-01,7.030838842670131,-0.33246276608416225,-65.60059551096056,,2.1903121018,1.0157912420203845,10.045662100456632
单连板,002107,2026-09-02,7.207199999999999,2026-09-03,6.878577018703064,-4.660711944724412,-906.94844445648,,3.1220432843,1.0260410943852338,10.000000000000009
单连板,002112,2026-08-11,17.69768,2026-08-12,17.287164650502667,-2.4217846031796046,-471.4596582959958,,7.9197724902,1.0576346970713155,7.795371498172954
单连板,002115,2026-08-03,11.371359999999997,2026-08-04,11.508246325503947,1.0994380033414446,212.53579067250502,,13.0254598979,0.9816753926701581,6.546489563567381
单连板,002124,2026-08-19,2.49249,2026-08-20,2.3208870427323083,-6.983439635043092,-1392.4922764758846,,2.582156221,1.017290160326943,9.649122807017552
单连板,002133,2026-09-01,2.8628599999999995,2026-09-02,2.840096919389721,-0.8973346234704449,-177.2570946102532,,0.96606416,1.019445164635727,0.0
单连板,002134,2026-08-28,22.68266,2026-08-31,22.765198779983912,0.2565911670241659,46.56136160489892,,2.52642281,0.9695564120990408,4.914232730644397
单连板,002134,2026-09-21,27.597569999999997,2026-09-22,26.95243755420231,-2.4402144063265303,-471.407915255234,,8.833036890299999,1.0399854156538664,8.356657337065165
单连板,002138,2026-09-08,49.599549999999994,2026-09-09,47.97296557311838,-3.380165011222682,-670.6186539295599,,20.0876261825,0.9918099180991827,9.022053909556682
单连板,002141,2026-08-11,6.516509999999999,2026-08-12,6.822269786115352,4.586533744152923,896.6457902732988,,16.0609794441,1.0127947817360767,9.803921568627437
单连板,002141,2026-09-01,7.107099999999999,2026-09-02,6.7651552362827445,-4.911109910641297,-977.3049788857253,,10.3861283197,0.9726883843369538,12.877583465818754
单连板,002141,2026-09-15,6.976969999999999,2026-09-16,6.575994068440818,-5.847393450244365,-1142.3184830554396,,14.3832639368,0.9957631721890288,12.600969305331166
单连板,002141,2026-09-23,7.397389999999999,2026-09-24,6.830158945189027,-7.766146079586482,-1551.1287063871505,,20.5206295973,1.020416935310553,8.944281524926678
单连板,002146,2026-08-13,1.27127,2026-08-14,1.1795121237379715,-7.316233594774839,-1460.2426002786171,,4.938808009,1.02022756005057,10.43478260869566
单连板,002155,2026-09-10,28.478449999999995,2026-09-11,27.39924699680389,-3.8897732072854714,-775.4229825651324,,40.5306262752,1.015867849296116,10.27131782945736
单连板,002161,2026-09-17,7.107099999999999,2026-09-18,7.022067866303128,-1.2980806219149015,-258.31648606431907,,7.2695114988,1.0178065560501812,22.146507666098803
单连板,002161,2026-09-21,7.257249999999999,2026-09-22,7.0334363156613575,-3.185462993052905,-624.1779352709963,,3.8092645294,1.0131392763290876,9.022556390977442
单连板,002162,2026-09-10,4.33433,2026-09-11,4.204581680397043,-3.0941324865305058,-616.9055979758132,,4.9145101144,1.0127600069917841,0.0
单连板,002164,2026-08-13,13.203189999999998,2026-08-14,12.27414328988721,-7.135436373764947,-1413.157832635944,,4.4892030459,1.0482212428945523,9.448160535117056
单连板,002164,2026-09-28,12.672659999999999,2026-09-29,12.127139258913736,-4.407117174886522,-837.7484630624614,,9.2165730808,1.030032786885246,6.961506961506969
单连板,002165,2026-08-18,7.217209999999999,2026-08-19,7.26639764544046,0.5778674423715302,112.60594846147222,,5.602706962,1.0191833672703878,10.030864197530853
单连板,002169,2026-09-01,13.373359999999998,2026-09-02,12.752741894631116,-4.743748724912824,-888.1580322692022,,3.0903264715,0.9765068685169616,5.673758865248235
单连板,002172,2026-08-21,4.13413,2026-08-24,4.201464048948437,1.5255114776298793,302.7198127206726,,8.296440477,1.1342169124509975,9.90099009900991
单连板,002172,2026-09-02,4.7047,2026-09-03,4.460733095500399,-5.2855629000628745,-1044.4134865888836,,6.538565386799999,1.0223143130379333,10.232558139534898
单连板,002172,2026-09-08,4.63463,2026-09-09,5.210437462927038,12.315507648411984,2454.346312140064,,5.448559680900001,1.0048092337287577,10.238095238095223
单连板,002172,2026-09-15,4.9049,2026-09-16,5.015600587185355,2.152818240655075,422.374327543563,,11.6532072814,1.0184275184275176,10.087719298245613
单连板,002173,2026-08-05,20.5205,2026-08-06,21.22386559282597,3.319729564399111,613.1025947362675,,9.1209279099,1.061589477998436,6.571574121243007
单连板,002174,2026-08-14,13.22321,2026-08-17,13.174774539510471,-0.4685208377643858,-92.93024140701606,,4.1342040291,1.0309453158117832,1.4404852160727843
单连板,002174,2026-09-11,13.343329999999998,2026-09-14,13.413232802993909,0.41807977335138125,78.10006935013759,,12.9861368099,1.018952062430322,10.355987055016191
单连板,002176,2026-08-04,9.109099999999998,2026-08-05,9.356443609699538,2.6096851247289767,499.20953816304313,,5.4127494761,1.0256915226926866,9.720534629404609
单连板,002178,2026-08-13,5.095089999999999,2026-08-14,4.6791829275530645,-8.261061319899914,-1641.543185895945,,1.4504210763999998,1.0318913798547529,6.263048016701456
单连板,002180,2026-08-07,20.03001,2026-08-10,18.592784087060974,-7.279175816859511,-1312.2176796310875,,2.2248865144,1.0184326018808794,0.0
单连板,002181,2026-09-02,9.39939,2026-09-03,9.666810998312252,2.7409760212227345,541.0335546865359,,3.8702475023,0.9898355507809268,7.88288288288288
单连板,002182,2026-08-06,13.012999999999998,2026-08-07,12.641149935270242,-2.959301067112962,-577.6407717951145,,4.2958292824,1.0318178998945604,9.424520433694727
单连板,002190,2026-08-28,26.05603,2026-08-31,25.588273601301637,-1.9011057817355292,-346.74688497452087,,5.6166345376,0.9801926550270924,9.669101847872795
单连板,002193,2026-08-31,5.255249999999999,2026-09-01,5.391858718068229,2.4960703805650772,498.46400696365555,,0.63805109,1.0121373593842504,9.795918367346923
单连板,002194,2026-08-12,10.710699999999997,2026-08-13,10.69900020651815,-0.2130481307732179,-41.07410305690868,,7.820539559,1.0764578163771685,9.8901098901099
单连板,002194,2026-09-09,10.98097,2026-09-10,10.914992088286034,-0.703124796211499,-138.97786128218252,,5.7250398553,1.0019687807621973,4.627006610009454
单连板,002199,2026-08-05,13.23322,2026-08-06,13.692527787686773,3.366721022157769,668.2883994725794,,2.6339484978,1.1006760460442186,6.117647058823517
单连板,002201,2026-09-11,9.97997,2026-09-14,11.204494898040194,12.161467478781935,2427.421611884387,,5.8917579476,1.0670440760210267,10.284463894967178
单连板,002204,2026-09-11,5.765759999999999,2026-09-14,5.580055279850504,-3.322187923410043,-651.2679002035434,,4.9735423892,1.0114068441064625,10.299625468164786
单连板,002205,2026-09-28,12.212199999999998,2026-09-29,12.346745316111518,0.9979885196795166,195.00216640048305,,2.0147319139,1.0038890329271457,12.797881729920558
单连板,002209,2026-08-24,12.922909999999998,2026-08-25,13.17560471584217,1.8508158121539524,358.7688925056365,,2.06290574,1.0358680057388818,0.0
单连板,002212,2026-08-12,6.966959999999999,2026-08-13,6.767064717426385,-2.970988548103182,-579.5652345026024,,4.9636209397,1.066726177192593,8.636363636363642
单连板,002212,2026-08-31,6.49649,2026-09-01,6.727840264785284,3.4560319190349134,673.5623040507336,,7.5112681454,0.9737654320987673,4.054054054054057
单连板,002213,2026-08-06,28.768739999999994,2026-08-07,29.677106573653184,3.0459342162151017,525.7661371403761,,5.8245121471,1.0064989802855213,9.984756097560975
单连板,002213,2026-09-16,29.749719999999996,2026-09-17,28.77605732434813,-3.3792003042514405,-603.1815772523709,,5.0255815504,0.9682515948963327,10.201793721973074
单连板,002218,2026-09-14,4.42442,2026-09-15,4.214618348889553,-4.841709713151177,-963.9790780077147,,6.310585024500001,1.0101117615753061,10.250000000000004
单连板,002219,2026-08-14,2.5024999999999995,2026-08-17,2.5281686017651777,0.9226129068318843,182.3982651483964,,5.9908263545,1.02722443559097,11.607142857142838
单连板,002222,2026-08-06,58.268209999999996,2026-08-07,61.05356080499175,4.668579099216995,816.0892420643601,,22.4906555487,0.9539931457056807,11.942307692307686
单连板,002229,2026-08-18,13.573559999999999,2026-08-19,11.520620305039694,-15.221458512422176,-2892.5313256822237,,13.6766468514,1.0776948642377855,7.048799380325321
单连板,002229,2026-08-31,11.66165,2026-09-01,12.185013525308849,4.3831721837798625,868.9553382485994,,9.6949025195,0.9351445573120133,10.026857654431499
单连板,002232,2026-09-29,16.36635,2026-09-30,16.325046490226605,-0.355157260578829,-69.75153638009182,,3.9398698386,1.0182158745024592,8.17275747508306
单连板,002235,2026-08-12,9.55955,2026-08-13,10.14287379034294,5.994584778675409,1146.11065841973,,3.5851309174,1.0739341608202935,9.518348623853212
单连板,002242,2026-09-14,9.71971,2026-09-15,9.36904967655416,-3.70932605891411,-721.0714717617612,,3.1417157797,1.016655562958027,11.825487944890911
单连板,002244,2026-08-13,9.549539999999999,2026-08-14,9.152752615211305,-4.257281335252284,-813.1015680449017,,5.4086780436,0.9821600771456128,9.666283084004611
单连板,002246,2026-08-12,22.042019999999997,2026-08-13,21.783850613161363,-1.273071533200945,-252.54961376621304,,6.224888181799999,1.0211841777334718,9.985315712187948
单连板,002246,2026-09-22,26.786759999999997,2026-09-23,26.44954251280164,-1.3635853524860864,-255.6822350359214,,9.4932829032,1.0311881654574582,10.378151260504186
单连板,002256,2026-08-12,3.89389,2026-08-13,3.7853458138937555,-2.888485182813482,-573.619621993785,,3.275447494,1.0347587950284394,9.66850828729282
单连板,002258,2026-08-18,14.954939999999997,2026-08-19,14.85134317513287,-0.7958097256074078,-154.71672707237818,,6.304952938,0.9712216131558337,9.772226304188102
单连板,002259,2026-08-26,4.21421,2026-08-27,4.126271520757624,-2.1881367893965873,-433.3995931444206,,1.1422010408,0.9834815756035581,10.554089709762549
单连板,002264,2026-09-09,7.167159999999999,2026-09-10,7.210063255645002,0.4946275523487584,95.71701981848203,,3.1219768671,1.030624139027233,9.42857142857143
单连板,002264,2026-09-28,7.887879999999999,2026-09-29,7.507386423172114,-4.924025501195546,-971.0030567592579,,7.4280288078,1.0222825033908154,9.864864864864863
单连板,002265,2026-09-03,21.73171,2026-09-04,21.413603955772885,-1.5661694843878957,-306.3198694101055,,3.7763947699,1.001984052708417,11.088082901554408
单连板,002274,2026-09-03,7.12712,2026-09-04,6.245977193734766,-12.459043125490624,-2486.3186723353083,,6.5731277265,1.0546372819100087,0.0
单连板,002274,2026-09-09,6.806799999999999,2026-09-10,6.468105741919539,-5.075943701458958,-1001.9770740256342,,4.9858386835,1.018059450364554,10.396039603960405
单连板,002277,2026-08-25,6.44644,2026-08-26,6.482482413778423,0.45678043844018396,91.28283837692852,,5.303733936,1.0045404344091304,5.228758169934644
单连板,002279,2026-08-31,6.886879999999999,2026-09-01,7.074708141045041,2.6238716985200794,524.038396170015,,3.2304533464,0.9622338718305342,6.818181818181812
单连板,002281,2026-08-05,162.40223999999998,2026-08-06,172.86642193975933,6.326511285909659,1027.4396042170088,,65.8735581331,0.9409242952827246,7.8145529625226695
单连板,002281,2026-08-10,191.12093,2026-08-11,180.15179270809597,-5.840765799687736,-1116.2925915485137,,132.8906917893,0.9560301913628131,6.065934065934053
单连板,002281,2026-09-17,188.188,2026-09-18,193.86190285575,2.908342405091498,547.3151405293588,,74.04579914050001,1.0046526267366642,9.591715976331372
单连板,002284,2026-08-19,10.300289999999999,2026-08-20,9.636312240540137,-6.54601413646871,-1281.0910350448182,,5.2723637653,1.0010482180293512,3.232323232323231
单连板,002285,2026-09-09,2.6026,2026-09-10,2.385946863949136,-8.422799678212641,-1666.0095616312324,,3.9477172842,1.0420429772656497,9.243697478991608
单连板,002286,2026-09-09,9.109099999999998,2026-09-10,9.098433347632778,-0.22131548820869695,-42.33568318647866,,4.797997583,1.0260461885744048,3.3519553072625774
单连板,002286,2026-09-24,8.548539999999997,2026-09-28,8.275544507715587,-3.2947068326322633,-647.7934623816946,,3.3556664366000004,0.9514163090128748,10.619469026548668
单连板,002289,2026-08-05,31.351319999999998,2026-08-06,33.18599872240366,5.743852836781907,1080.464209913144,,1.95658999,0.9461125123368799,10.398308071906936
单连板,002289,2026-08-11,37.657619999999994,2026-08-12,37.443711729594796,-0.6728548952039225,-126.69056979364566,,2.273637093,0.996523346389122,9.011627906976738
单连板,002289,2026-08-18,40.840799999999994,2026-08-19,41.78838138503294,2.205786621531858,360.3443610106331,,2.7297218034,1.097499580466522,9.962304792676369
单连板,002290,2026-09-08,68.43836999999999,2026-09-09,67.8716802642593,-0.9526654073956962,-130.39773527509476,,8.024818247799999,1.010104631102548,9.758064516129018
单连板,002290,2026-09-23,74.8748,2026-09-24,74.91156808981384,-0.06969709156078602,-10.437111582391081,,2.703556116,1.012713004725664,0.0
单连板,002291,2026-08-05,5.685679999999999,2026-08-06,5.727080861831709,0.6255373312432693,124.48117827261308,,3.6909637497,1.0249856404365305,9.714285714285719
单连板,002291,2026-09-02,5.855849999999999,2026-09-03,5.857745053814266,-0.06988107847310313,-13.913245854808512,,6.5067218877,0.9969263664305757,12.126865671641784
单连板,002295,2026-09-02,10.17016,2026-09-03,9.854991524213556,-3.2011234922413174,-618.5628238212062,,2.3253174878,1.0485066075930032,4.527559055118102
单连板,002298,2026-08-11,9.5095,2026-08-12,9.262215382729714,-2.701144611992019,-539.4172284425001,,3.5517670296,1.047174613948753,7.852193995381063
单连板,002300,2026-08-11,7.797789999999999,2026-08-12,7.57689215597608,-2.9346781193577596,-572.1000923086685,,7.0456336165,1.0328214393255026,9.722222222222232
单连板,002300,2026-09-17,8.23823,2026-09-18,8.445524539147312,2.4123904366068936,476.9718543976322,,3.8597960475,1.0353544605239045,8.831168831168835
单连板,002300,2026-09-21,8.6086,2026-09-22,8.337979301594888,-3.2445110695802,-642.4060538525265,,6.492642397899999,1.0121363555238252,9.74683544303796
单连板,002301,2026-09-23,9.459449999999999,2026-09-24,8.940263156132513,-5.5880931485341945,-1110.0660424119374,,2.4729662761,1.0090041900686466,9.704142011834316
单连板,002302,2026-08-07,5.095089999999999,2026-08-10,5.031176120580598,-1.3561062258958876,-269.46984754949517,,0.856661661,1.027803811308966,10.675381263616558
单连板,002303,2026-09-01,5.62562,2026-09-02,5.456925483330904,-3.0999418325933266,-610.3683170295784,,4.5904588508,0.99744172825469,10.485436893203893
单连板,002303,2026-09-17,5.66566,2026-09-18,5.736669331208227,1.1502601707862365,228.09440637258623,,7.1794746213,1.003052422030524,9.86717267552184
单连板,002313,2026-08-21,8.55855,2026-08-24,8.77330974868216,2.4052199160298704,473.45948298376135,,1.79593968,1.017064846416382,9.749999999999993
单连板,002321,2026-09-18,2.1121099999999995,2026-09-21,2.2059540006878016,4.3385057246174386,861.3597246460432,,1.1076705962,0.9878787878787868,10.659898477157359
单连板,002321,2026-09-22,2.15215,2026-09-23,2.1034131634234043,-2.3659157266770805,-468.4461088674632,,2.6074104905,0.9845844504021437,10.047846889952151
单连板,002321,2026-09-28,2.3123099999999996,2026-09-29,2.0743872141807276,-10.386437679038652,-2065.433079027136,,2.5537081435,1.0043232457598923,7.582938388625604
单连板,002342,2026-09-29,8.83883,2026-09-30,8.463237313708344,-4.350607265521578,-845.9941163676219,,20.0896389616,0.9957956883442136,10.012674271229404
单连板,002343,2026-09-09,5.855849999999999,2026-09-10,5.91372912350978,0.8856679506169458,176.33551473308822,,2.8041061741,1.0475682878081272,5.272108843537415
单连板,002345,2026-08-11,11.291279999999999,2026-08-12,10.771509803661282,-4.705037268403246,-903.1401845355955,,3.9364941007,1.0137328339575522,7.859848484848486
单连板,002346,2026-08-06,20.05003,2026-08-07,20.41318923962751,1.7029246425276607,307.2932115337698,,1.1523195178,1.002556279376597,9.950522264980744
单连板,002346,2026-09-15,19.819799999999997,2026-09-16,18.563603952364428,-6.437308568458175,-1275.861683651273,,2.5326107585,0.9595814450462398,8.901098901098914
单连板,002347,2026-09-29,6.316309999999999,2026-09-30,6.424584403497061,1.610258139636349,315.29757728896044,,3.1138825384,0.9904852521408187,8.813559322033893
单连板,002349,2026-09-02,8.348339999999999,2026-09-03,7.799630282407418,-6.6734085880973275,-1281.3733286041982,,7.1540800016,1.0228616476152943,11.76470588235292
单连板,002353,2026-08-18,168.93877,2026-08-19,154.56645510886102,-8.614264902570614,-1455.2833170944496,,33.9093616083,1.0357010821234793,9.97745955979845
单连板,002354,2026-08-31,7.78778,2026-09-01,8.259873214613012,5.955520077269245,1159.5070036838972,,7.1871658605,0.9410779111979899,0.0
单连板,002357,2026-09-09,12.612599999999999,2026-09-10,12.631351481498195,0.0437395903776028,8.275049363948295,,3.056800524,1.022272986864649,9.660574412532629
单连板,002362,2026-09-16,17.627609999999997,2026-09-17,16.597498605815648,-5.944329966820361,-1152.6276340306447,,2.231679558,0.9924075218504463,10.062893081761004
单连板,002364,2026-08-05,36.96693,2026-08-06,38.49435416378535,4.023656749050638,743.7111869309126,,15.1749310552,0.9496507948396283,7.34285714285714
单连板,002365,2026-08-19,15.195179999999999,2026-08-20,15.593854862079436,2.519731497800421,497.7410575897109,,3.4023687926,1.0383297644539617,7.241379310344831
单连板,002365,2026-08-21,15.945929999999999,2026-08-24,15.451952857202045,-3.2005059058233734,-612.4205176661532,,11.4129196265,1.0412043548471117,0.9609224855861687
单连板,002365,2026-09-09,15.965949999999998,2026-09-10,14.238497477440784,-10.91828014685027,-2091.8485789272486,,7.261255641699999,0.9880663807570391,9.761092150170626
单连板,002366,2026-08-04,6.436429999999999,2026-08-05,6.513610696588705,1.096393254985017,218.76261158367961,,6.8102856412,1.0529093547961454,7.31292517006803
单连板,002366,2026-08-27,6.056049999999999,2026-08-28,6.2783751462737,3.5672147921301613,712.9066276820354,,4.9994595108,0.9670145136140087,0.0
单连板,002367,2026-09-22,6.306299999999999,2026-09-23,6.247569575299434,-1.0339748289104669,-202.1372193703004,,1.7378002566,0.9914360183691199,3.4596375617792496
单连板,002369,2026-08-07,6.37637,2026-08-10,5.830767713229214,-8.654854540375561,-1710.78320021405,,1.6918508401,1.050585729499466,9.043478260869552
单连板,002370,2026-08-11,5.845839999999999,2026-08-12,5.904056758222899,0.8930462415259216,177.50058497910433,,1.9679885366,1.0425501226020482,9.829867674858207
单连板,002375,2026-09-01,4.004,2026-09-02,3.8765407032995336,-3.284645074567416,-644.4342250498287,,1.2051923845,1.0112708900116594,4.092071611253201
单连板,002376,2026-08-07,6.996989999999999,2026-08-10,6.491777260670958,-7.319789569563651,-1434.0618437695525,,2.6685638246,1.0258285714285718,0.0
单连板,002379,2026-08-13,20.920899999999996,2026-08-14,19.280211800508386,-7.94345093959143,-1495.6572848588849,,14.8655969203,0.9939152480985146,7.777777777777772
单连板,002383,2026-09-09,7.6876799999999985,2026-09-10,7.831264988075732,1.7647458308054107,352.7368319427196,,2.8283351682,1.0245564799037772,10.310734463276837
单连板,002383,2026-09-17,7.877869999999999,2026-09-18,7.9514534927617575,0.8308016352192941,163.62368195112546,,4.0807813605000005,1.0449374288964717,9.825033647375502
单连板,002384,2026-08-05,162.16199999999998,2026-08-06,187.12028663178225,15.269442696562747,2476.1233665600075,,153.2902751463,0.8855035470980687,6.121118748518617
单连板,002385,2026-08-19,3.3433399999999995,2026-08-20,3.253283231921304,-2.7949383305680144,-551.3213179691546,,10.4942095121,1.0079180251513749,10.097719869706845
单连板,002388,2026-08-11,5.74574,2026-08-12,6.059787520220467,5.359769058721186,1047.0585420295267,,2.9886128378,1.0534855769230766,9.125475285171113
单连板,002395,2026-09-02,13.56355,2026-09-03,13.401578512168625,-1.2982204917992477,-246.5186997216116,,1.7436436524,1.0110443490701007,9.967845659163999
单连板,002396,2026-08-06,28.007979999999996,2026-08-07,29.19369504975606,4.128325110182804,809.3823298364841,,27.2263781024,0.9064790527786625,10.93931194433706
单连板,002396,2026-08-24,33.61357999999999,2026-08-25,30.984178149563117,-7.9299494939044095,-1332.7699585465766,,24.063132385,1.05075465075465,8.398692810457508
单连板,002396,2026-08-28,33.8338,2026-08-31,37.32492059388256,10.202065822874422,1725.8732731898428,,32.3727323012,0.996027512314711,7.545952918413423
单连板,002396,2026-09-17,37.68765,2026-09-18,38.55934473995254,2.206697943849429,415.8262988175847,,51.947467088500005,0.9642053043312339,10.062358276643991
单连板,002399,2026-08-11,10.97096,2026-08-12,10.64385027351319,-3.082714322920311,-608.7660395073447,,1.4466428672999998,1.0187545787545798,10.040160642570273
单连板,002407,2026-08-07,36.2362,2026-08-10,37.383318363709705,3.05686167242761,553.8452546721068,,76.079450205,1.0169137985761578,11.354520209811803
单连板,002421,2026-08-13,3.8037999999999994,2026-08-14,3.382705712011759,-11.16726912099594,-2208.859030687106,,6.788198414299999,1.110562906481274,10.857142857142854
单连板,002425,2026-09-02,3.5035,2026-09-03,3.386768789963898,-3.432221580816213,-685.4129335782073,,3.6210076494,1.009647745120035,5.263157894736836
单连板,002426,2026-09-24,2.95295,2026-09-28,2.6985766285569674,-8.712362631843726,-1723.7204726580962,,6.8781519527,0.9986684420772315,11.698113207547166
单连板,002427,2026-08-31,5.105099999999999,2026-09-01,5.125537832878941,0.29791101095123085,59.31375457827801,,3.2080817499000003,1.0374213836477988,9.957627118644075
单连板,002432,2026-08-03,66.77670999999998,2026-08-04,67.06956819312445,0.31146330246873916,41.59698924919455,,32.1697382655,0.964701608508749,4.439359267734555
单连板,002437,2026-08-13,3.7337299999999995,2026-08-14,4.506957318862155,20.5961502539473,4075.7245966465434,,20.4101945023,1.0623827392120073,8.732394366197195
单连板,002437,2026-08-18,5.004999999999999,2026-08-19,4.584283447009779,-8.504868933312641,-1660.1078914379607,,29.6466373424,1.1567070622649391,8.97155361050328
单连板,002437,2026-08-21,4.7047,2026-08-24,4.083101076360748,-13.308166398902117,-2629.659079190421,,22.2211153699,1.1834966088922378,2.3809523809523947
单连板,002437,2026-08-31,4.63463,2026-09-01,4.363601604906995,-5.947093071223736,-1185.1907663094835,,36.1293694948,1.0090267520105034,8.968609865470857
单连板,002442,2026-09-17,5.59559,2026-09-18,5.596397594262399,-0.08863528721399251,-17.35883543736105,,1.2677898592,1.0112419700214148,0.0
单连板,002443,2026-08-10,9.299289999999997,2026-08-11,8.779281029132301,-5.692276527073123,-1111.616733894362,,1.1503544,1.0240477444268925,6.1433447098976135
单连板,002448,2026-08-18,13.64363,2026-08-19,13.025988925783388,-4.628999921660273,-884.1890708162643,,5.2224181254,1.0182905381639118,8.17460317460319
单连板,002449,2026-08-24,6.756749999999999,2026-08-25,6.532018836186266,-3.4273628117402235,-671.5771766685468,,3.0565120473,1.0090427878253185,10.468750000000004
单连板,002451,2026-08-26,8.008,2026-08-27,7.819550892291334,-2.4560917249050904,-472.0411807929591,,2.5871436,1.000770861437657,13.389121338912148
单连板,002463,2026-08-05,109.75965,2026-08-06,117.08751254871362,6.529767834366979,716.7050320813776,,73.2246909954,0.935613390397791,7.471153846153844
单连板,002467,2026-09-23,5.015009999999999,2026-09-24,4.824446006496545,-3.9010632806488923,-762.9909831603928,,5.1807116324,0.9939467312348663,9.462365591397838
单连板,002469,2026-08-18,6.19619,2026-08-19,5.987949738715039,-3.4614993657667856,-686.3394481654559,,0.9516032201,1.0077083078428986,9.548611111111116
单连板,002470,2026-09-08,2.3423399999999996,2026-09-09,2.7772200000000002,18.454354355548965,3674.241652400007,,7.903109302000001,1.0478485370051625,9.523809523809511
单连板,002471,2026-09-21,5.86586,2026-09-22,5.794502185357477,-1.3180138262359264,-262.86367581398525,,5.643132238200001,0.9945837007179752,9.35779816513762
单连板,002474,2026-08-11,6.766759999999999,2026-08-12,6.660406606270808,-1.6738608220249818,-328.4718192253271,,3.1621915299000003,1.0513385096766719,10.172143974960889
单连板,002478,2026-08-18,6.86686,2026-08-19,6.55160710907471,-4.690807079407292,-934.1223495376638,,1.8968532564,1.0055136716552264,9.935897435897445
单连板,002478,2026-08-26,6.906899999999999,2026-08-27,6.791621802097391,-1.7718864120387898,-342.6707832607001,,3.2547169994,1.0213945238887037,10.897435897435903
单连板,002480,2026-09-29,5.65565,2026-09-30,5.510588989891672,-2.666096909290973,-527.7478844761022,,1.6254572958000002,1.0005387931034484,10.784313725490202
单连板,002484,2026-08-05,58.51846,2026-08-06,64.02415729281067,9.294719059008047,1631.7379363974,,24.6481374105,0.9208816882648995,9.266764922623437
单连板,002485,2026-08-07,6.005999999999999,2026-08-10,5.757072980967469,-4.244979841543904,-841.3465146343186,,0.324149173,1.0195333695062392,9.869646182495352
单连板,002486,2026-08-31,2.9028999999999994,2026-09-01,3.0765894768615536,5.877598229117787,1160.2214331528094,,2.198052272,1.0308539944903574,9.66542750929369
单连板,002489,2026-09-17,3.0130099999999995,2026-09-18,3.1171713235495253,3.3530019667828377,666.7734780917996,,2.4485294367,1.006795872136925,10.545454545454547
单连板,002491,2026-08-06,15.915899999999999,2026-08-07,16.965237079488666,6.48529028358306,1238.6307794937554,,20.064445747,0.9363080573044985,12.307692307692285
单连板,002491,2026-09-16,22.462439999999997,2026-09-17,23.88468548004691,6.220783076335827,1117.8717328416715,,58.40461313310001,0.9909802361055843,12.38624873609706
单连板,002498,2026-09-10,7.067059999999999,2026-09-11,6.920245593114969,-2.1789235029693685,-431.1603276650517,,10.3026707763,1.0218494813506962,8.588957055214742
单连板,002501,2026-08-05,1.37137,2026-08-06,1.3310485451611203,-3.0410216403542205,-604.7030478052222,,0.8804725326999999,1.002855511136493,10.399999999999988
单连板,002514,2026-08-04,2.002,2026-08-05,2.013159078817951,0.45465767620645703,90.11224210876736,,1.2712630817,1.043550394027372,10.497237569060779
单连板,002514,2026-08-26,1.8218199999999998,2026-08-27,1.7777780468985818,-2.518595102589542,-500.13853534816496,,0.77824632,0.9461449050755495,9.090909090909104
单连板,002514,2026-09-02,2.0720699999999996,2026-09-03,2.1977136563820756,5.95831391075855,1185.2201764862848,,0.9970481552,1.0091017016224746,9.574468085106403
单连板,002514,2026-09-17,2.7127099999999995,2026-09-18,2.5846167962427984,-4.822054271816129,-954.900943589978,,1.461064584,1.0588960838729549,9.876543209876543
单连板,002515,2026-08-19,8.198189999999999,2026-08-20,8.075051601332836,-1.6040775287046136,-315.61277652122095,,12.3508186881,1.049209841968394,2.4705882352941355
单连板,002515,2026-09-08,8.168159999999999,2026-09-09,7.954581246944106,-2.716449454448735,-532.5214506203994,,13.8552076828,0.9834460662157355,9.677419354838701
单连板,002520,2026-08-13,6.596589999999999,2026-08-14,6.592947458407232,-0.15772155052668577,-31.212732089664897,,4.1031929797,1.0419131529263679,10.200668896321051
单连板,002522,2026-09-16,5.86586,2026-09-17,5.841504092692658,-0.5171434276509174,-103.13869218169395,,6.5191767064,1.0014850816794931,9.622641509433949
单连板,002534,2026-09-01,16.53652,2026-09-02,16.633895879798263,0.4861596899845378,96.47267323947732,,1.3722199063999998,0.9836849119904403,9.403973509933783
单连板,002536,2026-08-05,35.22518999999999,2026-08-06,37.537503815518726,6.452250326180859,1136.4087183364131,,12.1835604605,0.8894054915221182,8.945386064030147
单连板,002536,2026-08-28,54.284229999999994,2026-08-31,53.88649724485228,-0.8457171528009616,-137.72731331277762,,33.0272942617,1.05825181445251,5.321421635268964
单连板,002536,2026-09-03,58.05799999999999,2026-09-04,60.437065500488416,3.9862356329013013,694.2986051249512,,32.5969778464,1.0859174345207876,12.735391186177436
单连板,002541,2026-08-11,20.720699999999997,2026-08-12,20.222856945636316,-2.507034171225233,-467.52752656536006,,3.4351080645,0.9886196374080071,9.35672514619883
单连板,002541,2026-09-24,19.509489999999996,2026-09-28,18.114743955953937,-7.248675687389025,-1414.1796583635928,,5.1883294439,0.9699734509965239,9.877232142857139
单连板,002543,2026-08-14,7.297289999999999,2026-08-17,6.939639932282339,-5.001390388580257,-985.4080938544361,,1.4161393031,1.0067243035542748,10.06006006006006
单连板,002543,2026-09-11,7.707699999999999,2026-09-14,7.7828429648852255,0.8705143943476682,167.74159493283804,,2.646506342,1.013915732508697,10.181311018131112
单连板,002552,2026-08-03,35.024989999999995,2026-08-04,34.34220536574572,-2.057529235242627,-360.32470444540326,,3.44018368,0.8498612749414359,0.0
单连板,002552,2026-08-21,57.056999999999995,2026-08-24,55.967258935550035,-2.0193635659786358,-345.6564809521291,,21.2826236592,1.1435821230303367,7.057057057057059
单连板,002553,2026-08-19,17.837819999999997,2026-08-20,15.614498049923808,-12.560697615361951,-2464.6100945098124,,4.2451065444,1.00547810982942,10.682680151706702
单连板,002562,2026-08-13,5.004999999999999,2026-08-14,4.900898345601353,-2.1821231792009215,-425.93953396412377,,2.5279476343,1.0292953285827395,9.782608695652172
单连板,002564,2026-09-23,5.545539999999999,2026-09-24,5.350469285332384,-3.61791073873621,-722.2776738512832,,1.3653145621,0.9856661045531201,9.000000000000007
单连板,002569,2026-09-18,11.06105,2026-09-21,11.44897236580891,3.4030876259197047,677.5510029242247,,0.47664988,0.9644268774703554,9.415262636273525
单连板,002573,2026-08-13,3.5435399999999997,2026-08-14,3.305342616400925,-6.820982915930212,-1353.5438449072592,,1.3605648465,1.0154389060432294,10.153846153846157
单连板,002575,2026-08-14,5.975969999999999,2026-08-17,5.46173991103012,-8.703283969879493,-1716.3486088808647,,1.3285578848,1.0455852156057506,0.0
单连板,002578,2026-08-18,3.7237199999999997,2026-08-19,4.010592279168935,7.597317936196315,1499.3850915047656,,2.02160693,1.059547352230281,8.695652173913038
单连板,002578,2026-08-31,4.11411,2026-09-01,4.143141944882785,0.6026690598346072,119.01344667629547,,2.6569634777,1.0465556396669211,9.898477157360407
单连板,002579,2026-09-15,18.79878,2026-09-16,19.323831451548994,2.686388742826408,505.00830970870226,,26.3735299044,1.080014886490511,16.346749226006207
单连板,002580,2026-08-25,21.44142,2026-08-26,21.422590728495987,-0.19159327174534557,-36.97228627799479,,12.0584266996,0.9999304879744181,10.267155578837084
单连板,002581,2026-08-14,4.28428,2026-08-17,4.672771941114502,8.960480444346674,1765.9035292728558,,0.73247972,1.0505573248407645,10.621761658031081
单连板,002581,2026-08-18,4.804799999999999,2026-08-19,5.031733377796453,4.617884644179441,909.7084976724882,,0.8303826322,1.0884637241901878,12.064965197215782
单连板,002581,2026-08-21,5.5055,2026-08-24,5.367011974394363,-2.6166203703633717,-518.6089241652795,,1.5538182184,1.1353203151764304,8.333333333333325
单连板,002582,2026-08-13,11.011,2026-08-14,11.067608471730217,0.4113915707390858,81.53698653734531,,4.97224664,1.0273356648347731,10.17786561264824
单连板,002585,2026-09-22,12.502489999999998,2026-09-23,11.763900578637692,-6.00984845598019,-1127.0710533361164,,15.704976401800002,1.1207075243556954,7.1669477234401535
单连板,002589,2026-08-13,3.4033999999999995,2026-08-14,3.534936868383539,3.7602361946767715,742.2600961678495,,8.232344224,1.0602171767028632,8.231707317073166
单连板,002589,2026-09-02,3.49349,2026-09-03,3.220105110687903,-7.92378005328368,-1577.8538435657222,,4.9149152812,0.9739761092150171,10.062893081761004
单连板,002607,2026-08-06,2.3123099999999996,2026-08-07,2.130456908820173,-7.962839671194591,-1583.4796268085968,,15.2925134237,1.082474226804124,10.328638497652598
单连板,002617,2026-09-17,7.12712,2026-09-18,6.976972408852391,-2.20774375691094,-440.5759311731427,,7.6753813336,1.0283337081178314,9.006211180124213
单连板,002620,2026-08-04,5.004999999999999,2026-08-05,5.177857670937701,3.348707511716711,653.6509627495432,,0.344912605,0.9877952131875074,9.55555555555554
单连板,002622,2026-08-11,2.6526499999999995,2026-08-12,2.5050682374415207,-5.662986341692551,-1126.6440539468056,,1.0251147275,1.0616570327552965,10.54852320675106
单连板,002622,2026-09-22,2.72272,2026-09-23,2.564080363377955,-5.925853845458461,-1177.8141770937862,,1.19646848,0.979884265637916,9.677419354838722
单连板,002622,2026-09-28,2.6726699999999997,2026-09-29,2.5542467985693196,-4.531197093142888,-896.1691955848348,,1.3984130348,0.9950276243093912,8.800000000000008
单连板,002623,2026-09-21,18.698679999999996,2026-09-22,19.247834317274624,2.829883900750309,529.1509349728178,,3.1326797367,1.0254296737986683,9.715639810426534
单连板,002626,2026-08-11,16.47646,2026-08-12,16.46635323884402,-0.16388653412882642,-32.403239089346926,,1.8664672795,1.0346747658820534,1.7934446505875057
单连板,002628,2026-08-17,5.57557,2026-08-18,5.039324394316095,-9.716110813462093,-1896.049958887519,,2.9103160908,1.060732360821673,9.664694280078878
单连板,002628,2026-08-28,5.285279999999999,2026-08-31,5.395323631075181,1.977879327502632,386.78490392633506,,4.0297824436,0.9760888129803584,10.924369747899165
单连板,002631,2026-08-10,8.708699999999999,2026-08-11,8.62209759201943,-1.0981227886820444,-210.39088245549698,,2.6197600541,1.059022278534471,9.457755359394703
单连板,002631,2026-08-24,9.549539999999999,2026-08-25,8.631773156970029,-9.71004407269906,-1854.5290854800512,,3.7689674935,1.043803507605351,10.034602076124566
单连板,002631,2026-08-31,10.280269999999998,2026-09-01,10.476279489579724,1.8024879350960965,352.0711902460765,,9.6397660514,1.0161482777821953,0.09910802775023875
单连板,002631,2026-09-04,11.111099999999999,2026-09-07,11.22067773489112,0.883697587914535,176.73934084338939,,4.4178551884,1.0609480812641068,7.945736434108519
单连板,002631,2026-09-16,10.210199999999999,2026-09-17,11.687162524473624,14.354633716199567,2784.7099422136753,,3.1679955345,0.9978625112045767,9.667024704618687
单连板,002631,2026-09-21,13.303289999999997,2026-09-22,14.25580632580954,7.054241206624187,1407.6692475250718,,12.620991256300002,1.0006601531555306,8.888888888888879
单连板,002632,2026-09-03,9.459449999999999,2026-09-04,9.52256089219896,0.5644925115311737,112.13556245227477,,3.589575094,1.0191061638145849,5.106382978723412
单连板,002633,2026-09-24,15.735719999999999,2026-09-28,15.382176325746348,-2.350571023843283,-443.85512965573463,,1.1154020295,0.9920870425321473,5.029781601588357
单连板,002635,2026-09-24,16.696679999999997,2026-09-28,15.09187508926565,-9.713066567250383,-1783.9356072128594,,5.3091708984,1.0141823719779182,9.810333551340754
单连板,002636,2026-08-06,55.665609999999994,2026-08-07,64.02845213672671,14.903811593376343,2488.8892910110976,,28.4750523947,0.8691773916137825,11.203483768804423
单连板,002636,2026-09-11,76.076,2026-09-14,81.88440929759219,7.513391199393261,1143.1774977700834,,47.910463622200005,1.0076054294891719,11.622134618192458
单连板,002638,2026-08-19,3.8738699999999997,2026-08-20,3.720755026114594,-4.053106633997771,-800.7616180084923,,0.9169262118,1.0075069142631372,9.375
单连板,002638,2026-09-24,4.72472,2026-09-28,4.9254120805577495,4.143143314645379,822.1580674259952,,2.3639321094,1.006718172657038,9.976798143851529
单连板,002639,2026-09-03,13.50349,2026-09-04,14.167734645815841,4.811653943562875,909.6376927450658,,8.5856200048,1.014442380296039,9.578860445912474
单连板,002640,2026-09-18,3.7737699999999994,2026-09-21,3.750327596065399,-0.7238354651097004,-142.04260528468575,,10.789343155,0.9991735537190081,9.593023255813948
单连板,002644,2026-08-14,8.858849999999999,2026-08-17,8.393573430810337,-5.3527414357939245,-1043.220936306626,,2.21910328,1.0201499954820632,10.000000000000009
单连板,002651,2026-08-25,8.4084,2026-08-26,8.478657414015894,0.7314279607034543,141.45319388991527,,2.8952377626,1.03671020120014,10.81081081081081
单连板,002655,2026-09-17,37.547509999999996,2026-09-18,40.923609405167134,8.88168853079872,1667.4264446352508,,10.5014420836,0.9688064231109056,10.035629453681727
单连板,002658,2026-08-17,8.078069999999999,2026-08-18,7.806993547560845,-3.4575767047707666,-670.3331196361819,,1.8396190077,1.0191058093298428,10.026737967914446
单连板,002659,2026-08-05,4.764759999999999,2026-08-06,4.698471862264234,-1.4936960177587904,-291.80122454063127,,3.3552668502,1.0572169403630087,9.97830802603037
单连板,002660,2026-09-01,8.06806,2026-09-02,8.204974172852308,1.5924805809263813,308.3574930179735,,2.1542768906,1.0151068883610461,9.973753280839915
单连板,002661,2026-09-11,8.93893,2026-09-14,8.011955815945548,-10.467641265409142,-2058.529275805282,,3.8858106261,1.0214614649404823,8.843537414965974
单连板,002667,2026-08-11,15.975959999999999,2026-08-12,14.534547103251374,-9.121947029816152,-1748.7823304455396,,3.76733482,1.1524163568773265,9.999999999999986
单连板,002667,2026-09-22,22.1221,2026-09-23,21.14330998619874,-4.524459404872644,-900.814890604798,,4.179290897,1.0350005688066453,9.979838709677423
单连板,002668,2026-08-18,10.710699999999997,2026-08-19,9.17342912568368,-14.449214203795924,-2785.701574306745,,6.107942534299999,0.9913366336633651,9.292929292929287
单连板,002669,2026-09-15,13.763749999999998,2026-09-16,14.199190683876227,3.0581680282233865,589.2860427784348,,3.846589977,1.0222872184849365,10.619469026548668
单连板,002674,2026-08-05,24.984959999999997,2026-08-06,28.332599388150573,13.289754767918868,2656.3519302900972,,8.2159228352,1.0211514749122634,7.888937858087264
单连板,002679,2026-09-17,11.181169999999998,2026-09-18,10.868339139893987,-2.901019103622735,-551.425392104508,,1.41733886,0.9769778682269151,10.37181996086105
单连板,002679,2026-09-28,11.111099999999999,2026-09-29,11.366331657271813,2.19391564805511,438.78269082789234,,2.7529087238,1.0022764227642285,10.601719197707737
单连板,002681,2026-08-04,4.84484,2026-08-05,4.729919668740733,-2.473147990038229,-491.26225863032926,,3.1192028988,0.9637322255951432,8.18181818181818
单连板,002682,2026-08-18,4.974969999999999,2026-08-19,4.52147395722329,-9.21315594254625,-1833.4069767795722,,4.6594306476,1.0494583137070184,10.151187904967607
单连板,002685,2026-08-12,5.95595,2026-08-13,5.986811160917026,0.4150139724923122,81.56948149236436,,3.4026633023,1.0358490566037726,9.96376811594204
单连板,002686,2026-08-07,6.516509999999999,2026-08-10,6.305055575065997,-3.3464001698857078,-654.2055051318573,,2.009858395,1.0697136988060085,11.355932203389818
单连板,002686,2026-08-24,6.596589999999999,2026-08-25,6.575953959927784,-0.41520051761761184,-82.16722747533484,,2.3755151491,1.002745367192862,7.519999999999993
单连板,002693,2026-08-05,9.699689999999999,2026-08-06,9.446033751987557,-2.717310781333784,-527.1414442519098,,2.807349868,0.985462768534971,8.773903262092219
单连板,002695,2026-08-04,10.89088,2026-08-05,10.109208310443929,-7.276655790440739,-1426.4853302699141,,2.0545433316,1.0132378134246984,8.62068965517242
单连板,002696,2026-08-11,5.875869999999999,2026-08-12,5.997742009192602,1.9709970710265305,393.7649670309103,,1.7053419016,1.0548939082819981,9.636363636363644
单连板,002703,2026-09-02,17.06705,2026-09-03,17.99089632364775,5.305013970966184,995.9503256249623,,13.5265771212,1.0733740967204022,9.615384615384603
单连板,002706,2026-08-14,9.82982,2026-08-17,9.952968010881136,1.1492957042508212,225.94739799117613,,6.6932743855,1.0108405341712503,9.539473684210531
单连板,002708,2026-09-03,14.174159999999999,2026-09-04,15.418784982255353,8.674071713396401,1721.267524440166,,8.6093753727,1.0470805309207778,9.597523219814242
单连板,002708,2026-09-08,17.017,2026-09-09,16.515960420444042,-3.04826819334368,-570.5961783074234,,9.3205497418,1.108318505338077,12.07471647765177
单连板,002713,2026-08-26,10.009999999999998,2026-08-27,9.663832205003695,-3.561035038117809,-677.273253899626,,1.4946035605,0.9843475716793445,11.284916201117333
单连板,002713,2026-09-21,10.950939999999997,2026-09-22,11.02861023666331,0.6061633109765863,119.48504487670685,,2.7514929594,1.0183688464364429,7.692307692307687
单连板,002715,2026-08-12,14.8148,2026-08-13,14.627766376768633,-1.3657574842443123,-263.0345117085743,,1.2337096514,1.0433791193875896,8.992023205221166
单连板,002717,2026-09-17,0.9609599999999998,2026-09-18,0.950417101136143,-1.1985920762784752,-239.57420065707714,,0.6962946395,0.9615384615384625,7.954545454545459
单连板,002719,2026-08-27,6.7067,2026-08-28,6.552616812548704,-2.399695303021816,-466.727058174516,,0.34933245,1.0066441310176004,9.9025974025974
单连板,002721,2026-08-12,2.9829799999999995,2026-08-13,2.894992411941542,-3.0501847582612216,-609.6088887232698,,7.322287595,1.086530383646036,7.773851590105996
单连板,002721,2026-08-27,2.96296,2026-08-28,3.01676812268052,1.712726598554152,340.00760696428466,,5.458328672,0.9765903307888031,11.191335740072205
单连板,002721,2026-09-02,3.08308,2026-09-03,3.057254903928682,-0.9398921491599784,-185.45681198285735,,6.9521208709,1.0554290053151085,9.278350515463906
单连板,002724,2026-09-17,7.137129999999999,2026-09-18,7.17153860249746,0.3798209916137076,75.90329022852633,,1.5561743908,1.0008215239268845,10.151515151515156
单连板,002724,2026-09-22,7.827819999999999,2026-09-23,7.297121278495644,-6.879291189071648,-1346.2463288909707,,2.9452735533,1.0026476578411407,8.737864077669899
单连板,002726,2026-08-17,2.36236,2026-08-18,2.5173163419223252,6.45364850393119,1280.6506506987384,,2.7667716261,1.0161182001343165,7.870370370370372
单连板,002726,2026-08-21,2.9429399999999997,2026-08-24,2.7842074127496144,-5.493639005359285,-1083.2191482869475,,4.012460677,1.0734604563926207,10.902255639097746
单连板,002730,2026-09-17,23.833809999999996,2026-09-18,24.32633457062775,1.960994913934182,373.9038415173891,,3.15729559,0.987721021611001,9.981515711645095
单连板,002731,2026-08-25,1.2011999999999998,2026-08-26,1.056715122636894,-12.12439424860181,-2417.594513655802,,0.7800793222,0.8973315241972034,23.076923076923084
单连板,002741,2026-08-10,26.186159999999997,2026-08-11,24.99974946742575,-4.634921579522732,-849.5955864818449,,8.788411293300001,0.9982086878638596,9.583333333333343
单连板,002742,2026-08-10,4.174169999999999,2026-08-11,4.2001764865215785,0.5197439308649323,101.96647762322829,,0.73389971,1.0489482200647264,10.133333333333328
单连板,002742,2026-08-18,4.674669999999999,2026-08-19,4.175621165207061,-10.773083461894545,-2115.1456228062116,,1.2175424588,1.0928020104110587,10.849056603773576
单连板,002743,2026-08-19,4.33433,2026-08-20,4.31176977248187,-0.6223911526250397,-124.09183764963527,,0.62818171,1.0403766069165332,7.4519230769230616
单连板,002747,2026-08-19,38.038,2026-08-20,33.477151941853094,-12.088705467262342,-2299.150892818625,,45.280559346,1.0553677535851522,10.000000000000009
单连板,002755,2026-09-22,12.462449999999999,2026-09-23,13.074571725052632,4.807072999072054,958.5265103565682,,4.3211916495,0.9875569791795004,9.306409130816483
单连板,002757,2026-09-01,17.557539999999996,2026-09-02,17.59786900115675,0.1258012425160686,24.296363822781323,,4.794402947,0.9645665888860063,7.196029776674928
单连板,002757,2026-09-23,19.919899999999995,2026-09-24,19.72908491527628,-1.0596243807976096,-211.07611703050296,,7.623258684700001,1.0112964824120583,7.700650759219085
单连板,002759,2026-08-07,16.93692,2026-08-10,17.723153894877765,4.53408770957452,844.7282889105155,,9.7199762635,1.054623313250014,10.390469887491726
单连板,002762,2026-08-10,10.07006,2026-08-11,9.597295171404566,-4.7966279012000745,-917.7442844924176,,1.9168232779,1.0893055912321272,10.744680851063837
单连板,002762,2026-08-12,10.460449999999998,2026-08-13,10.193296718783092,-2.6549491172771873,-527.6672873826208,,2.2485717091,1.0855514855514867,14.174972314507217
单连板,002766,2026-08-17,4.46446,2026-08-18,4.35442128229616,-2.5664211221634465,-504.13811549436804,,3.14007478,1.0322580645161294,10.02444987775062
单连板,002768,2026-09-23,76.076,2026-09-24,78.00809100098104,2.4206663265294504,368.30922291410894,,9.9716096742,1.0410744088623045,10.007347538574574
单连板,002769,2026-09-02,7.747739999999999,2026-09-03,7.774922996711709,0.24704376480608206,47.85077145846685,,1.3568259759,1.0143347466182118,9.483960948396097
单连板,002774,2026-08-17,17.237219999999997,2026-08-18,17.12459235682791,-0.7578047188872423,-143.68691322147302,,1.929396945,1.0588504066526545,10.655737704918034
单连板,002775,2026-08-03,4.004,2026-08-04,3.840679680739859,-4.179818237358853,-820.0636188968573,,0.9502248915,1.0783144912641316,9.392265193370154
单连板,002779,2026-08-05,68.9689,2026-08-06,70.55164236858046,2.1691970467449546,299.21426839449623,,2.082162652,0.9988062077198582,9.044010962437522
单连板,002780,2026-09-17,13.59358,2026-09-18,13.955561022874434,2.556978322192622,486.61885133387653,,1.001274602,0.9791980079887941,8.766485647788969
单连板,002783,2026-08-11,8.028019999999998,2026-08-12,7.864497859625284,-2.1397552715338337,-412.2719547594971,,2.6691362568,1.0313412497566659,9.466666666666669
单连板,002787,2026-08-18,23.6236,2026-08-19,21.4584512159922,-9.265432999745837,-1751.063064102366,,3.5631245749,1.0570363209501454,8.755760368663612
单连板,002787,2026-09-17,25.335309999999996,2026-09-18,25.83689738836504,1.8703994674281137,331.7100523178831,,7.4892974271,1.0233522346198407,9.90913024664648
单连板,002793,2026-08-05,5.05505,2026-08-06,5.030346226509597,-0.5911692887315831,-116.54722220710099,,2.4108561223,1.0031602708803593,8.704883227176218
单连板,002795,2026-09-22,8.05805,2026-09-23,7.942495502088464,-1.537002349008359,-297.2458026822434,,3.8113842384,1.0110144927536235,10.591471801925723
单连板,002796,2026-08-05,26.876849999999997,2026-08-06,28.653325382276243,6.501162537818131,1223.1153924819005,,1.294408216,0.9602384084624256,6.855320844958146
单连板,002796,2026-09-18,32.252219999999994,2026-09-21,31.955635928415038,-1.022784275857949,-197.9223808650675,,7.5632958348,0.9914363565589717,10.64263855831349
单连板,002803,2026-08-04,19.339319999999997,2026-08-05,19.69733241782515,1.7465628837625438,337.77338509206635,,3.015279679,0.9589404978749242,9.5617529880478
单连板,002806,2026-09-17,15.085069999999998,2026-09-18,15.12085981884771,0.1341393970846289,26.305528532132495,,2.1195154428,0.9954636359201992,11.095305832147929
单连板,002811,2026-08-17,11.19118,2026-08-18,11.87074457726586,5.964663536734101,1134.7775957434749,,0.93690499,1.0289507131761069,9.1796875
单连板,002811,2026-08-21,13.183169999999999,2026-08-24,13.113124177159017,-0.63362616531532,-125.2980218069995,,2.148462312,1.0604921168942563,6.6396761133603155
单连板,002815,2026-09-14,19.669649999999997,2026-09-15,21.577079817187112,9.589539264706545,1886.2288099803507,,20.1417687018,1.0863338976071744,11.000552791597551
单连板,002819,2026-08-19,22.00198,2026-08-20,21.768267687848425,-1.1641918572032566,-230.53073362514013,,1.8478833294,1.007876182287189,10.26137463697967
单连板,002821,2026-08-05,162.16199999999998,2026-08-06,158.3273201683246,-2.4771823145750624,-401.7048384961212,,9.0951360935,0.9654043737290863,3.8958534233365594
单连板,002821,2026-08-26,175.84566999999996,2026-08-27,168.64105126471952,-4.203904553422002,-739.2384128125425,,28.0727240754,1.0015594006911268,10.065184049079745
单连板,002824,2026-08-28,26.926899999999996,2026-08-31,26.265163164124633,-2.5613310569533936,-482.7809366623483,,6.0125657954,1.0061842375216166,9.29946743138057
单连板,002824,2026-09-17,28.53851,2026-09-18,28.620480872856575,0.18502482514225746,36.962329757993956,,6.2226837881,0.9799331103678939,9.984338292873929
单连板,002826,2026-08-07,18.06805,2026-08-10,17.850575083437796,-1.3053445139108217,-259.43532939023066,,1.08308668,1.0179964539007094,9.866828087167058
单连板,002827,2026-09-07,67.067,2026-09-08,64.7373415014899,-3.5984093707424796,-482.6690425351716,,6.3271858808,1.0411615138003467,6.693548387096793
单连板,002830,2026-09-01,15.025009999999998,2026-09-02,15.260550742072747,1.4636616108873242,285.889894422576,,0.8442552682,1.016764885185936,9.895470383275251
单连板,002836,2026-09-28,12.5125,2026-09-29,11.97744065641286,-4.379297742166463,-821.939444982868,,2.8611712336000004,1.055544442221779,13.506012950971314
单连板,002838,2026-08-18,27.497469999999996,2026-08-19,24.64680498905286,-10.465674007380553,-2014.4568993340852,,3.886573752,1.0030112083867728,9.1091492776886
单连板,002842,2026-08-11,42.052009999999996,2026-08-12,41.148586872165,-2.2587016107905398,-379.93177089591944,,25.3462746862,1.0618601802432412,8.814432989690735
单连板,002848,2026-09-14,15.405389999999999,2026-09-15,15.023547650898758,-2.583457774431756,-477.5900947638387,,4.52134867,1.0114185783355614,11.322132943754571
单连板,002849,2026-09-24,23.012989999999995,2026-09-28,23.11211226136978,0.32418627139057565,59.68396337318882,,4.801460954,1.056077253545222,7.176141658900281
单连板,002851,2026-08-03,106.60649999999998,2026-08-04,104.94305682080838,-1.7053652480573063,-181.80302031702118,,31.0650881762,0.8852050027902688,0.42452830188679513
单连板,002852,2026-09-29,8.8088,2026-09-30,8.685802791576755,-1.4991884296658244,-290.5331228632869,,2.3799517194,0.9751829729957092,8.801955990220067
单连板,002856,2026-08-04,15.47546,2026-08-05,14.977964659390953,-3.3189461929963358,-616.346628622405,,1.10100264,1.0419646613378195,12.846715328467173
单连板,002856,2026-08-26,15.535519999999998,2026-08-27,16.485124405365944,6.003714734916357,1119.2499640630529,,0.705777902,0.9985285462036482,10.801144492131609
单连板,002856,2026-09-01,18.63862,2026-09-02,18.74667231566705,0.47377502511483954,88.3051265860595,,1.4039005708,1.0591216216216208,10.178571428571438
单连板,002856,2026-09-11,22.972949999999997,2026-09-14,25.113656079110978,9.20721276549436,1692.1347080085088,,2.1980643844,1.10785244842913,7.97235023041476
单连板,002859,2026-08-12,79.32924999999999,2026-08-13,78.40758241180941,-1.2762615904229395,-202.4897495441179,,15.2109449439,1.0582869407740274,9.99864517003115
单连板,002862,2026-09-07,15.875859999999998,2026-09-08,16.084141131481122,1.2067763735050412,229.90335308488486,,1.8525812594,1.0458335438880184,9.86301369863014
单连板,002863,2026-08-18,4.804799999999999,2026-08-19,4.693280471733499,-2.42258103765668,-477.24071215904536,,2.1555816422,1.0234188306515843,2.4640657084188833
单连板,002868,2026-09-07,25.725699999999996,2026-09-08,26.23300876484606,1.8634554515145414,335.5708713631934,,3.4625094411000004,1.014273560828055,9.91489361702127
单连板,002869,2026-09-22,16.88687,2026-09-23,16.884670246509874,-0.11885395639780272,-22.077784417428987,,1.2906523436,0.9820160057548764,10.434219053791317
单连板,002870,2026-08-13,47.6476,2026-08-14,47.781860866761235,0.17716661850585116,33.76625668767757,,4.7770442761,1.0405419822895539,10.006949270326615
单连板,002875,2026-09-01,14.604589999999998,2026-09-02,14.056252800664636,-3.8573095297848745,-732.3475144128114,,1.468691999,0.9841639743657613,9.939301972685888
单连板,002880,2026-08-21,22.222199999999997,2026-08-24,20.802709347179434,-6.486456641100941,-1297.2900309288596,,0.5870478284,1.005461081155813,8.098765432098777
单连板,002881,2026-09-01,45.00496,2026-09-02,43.94138458046929,-2.4695846308201284,-444.5742301066986,,7.7410744211,1.0279778193864324,11.442045172499382
单连板,002881,2026-09-08,46.16611999999999,2026-09-09,46.815788732729594,1.300371396331149,240.1324077103655,,1.401642144,1.0510830852875899,0.0
单连板,002882,2026-08-25,23.743719999999996,2026-08-26,22.63746424353281,-4.761420284737954,-904.4306403451059,,3.3281675235000003,0.9853083942786892,7.803992740471877
单连板,002882,2026-09-02,23.55353,2026-09-03,23.88589394759585,1.305310101639015,245.95728510606074,,4.5823656754,1.0257823901410752,8.242258652094714
单连板,002885,2026-08-11,31.99196,2026-08-12,31.569876286884572,-1.4227666460210742,-273.10256177304217,,2.3646742759,1.0330355403412101,0.0
单连板,002886,2026-08-24,20.840819999999997,2026-08-25,21.04729537425798,0.8849063247319445,165.9795608754,,3.500512596,1.0226854690374014,10.50988553590011
单连板,002886,2026-09-03,29.369339999999998,2026-09-04,25.960719640461626,-11.708879690935085,-2063.2924119730046,,11.577778078699998,1.1220387208511169,9.946524064171115
单连板,002893,2026-09-03,10.900889999999999,2026-09-04,10.619380315227973,-2.684093988549089,-526.6622397390278,,4.9111776744,1.020878020878021,8.869395711500982
单连板,002897,2026-09-15,72.08201,2026-09-16,72.38464524980006,0.29826895868006686,42.99965212453233,,16.210498953800002,1.0452113931772329,11.564306922956714
单连板,002900,2026-08-05,12.4124,2026-08-06,12.264738328167963,-1.2913764653040647,-256.46529980704275,,1.512440055,1.0399851448378319,8.676599474145497
单连板,002900,2026-09-22,13.063049999999999,2026-09-23,12.980540693587956,-0.7343360037084661,-143.89001899865815,,3.13910716,0.9815219316370516,9.764309764309754
单连板,002902,2026-09-08,27.19717,2026-09-09,27.1100016440007,-0.4248682595411765,-80.88649997641849,,4.5862249783,1.0354701333632188,8.719999999999995
单连板,002902,2026-09-14,29.939909999999998,2026-09-15,29.51132141515734,-1.5384328961946045,-276.36325471863483,,10.3806752038,1.0236398354086547,12.627737226277368
单连板,002903,2026-09-01,31.821789999999996,2026-09-02,29.271915392367596,-8.113271343469906,-1549.0729014295032,,4.8750714698,1.031214421252372,12.54416961130742
单连板,002903,2026-09-17,28.78876,2026-09-18,30.848328964751868,7.0405316613608,1216.1290576279043,,4.5762803177,0.9681757286216228,10.665137614678887
单连板,002907,2026-08-26,15.865849999999998,2026-08-27,16.20701506273267,2.04469028269739,389.28899186081253,,2.54303035,1.055145801787722,11.735419630156475
单连板,002907,2026-09-22,15.265249999999998,2026-09-23,14.837786974256986,-2.901198848968679,-575.7378344798485,,3.6481048352,0.9753814852492386,10.108303249097483
单连板,002908,2026-08-06,7.537529999999999,2026-08-07,7.0861705482896715,-6.088134015202709,-1193.1268123738826,,0.7847967408,1.0353579175704983,8.44062947067239
单连板,002909,2026-09-08,7.8077999999999985,2026-09-09,8.759141597634045,12.075057729696624,2356.990893548132,,8.1218579176,1.1398379711165907,5.1724137931034475
单连板,002909,2026-09-24,7.677669999999999,2026-09-28,7.708956947638761,0.3052026076832124,60.9243675282104,,5.3493187283,0.9222331047992172,10.072992700729944
单连板,002912,2026-09-23,26.276249999999997,2026-09-24,24.46221579868547,-7.00654929130897,-1288.7408857103014,,7.8869259933,1.1072937375745537,10.238194734642715
单连板,002913,2026-08-05,43.543499999999995,2026-08-06,49.71153884889406,14.04859629814124,2446.900211632452,,2.5715794357,0.9783510673894144,8.212560386473422
单连板,002913,2026-08-10,55.485429999999994,2026-08-11,54.76649832444828,-1.407127560028842,-234.2252331991533,,3.6215484786,1.018813314037628,10.618762475049891
单连板,002913,2026-09-17,83.19310999999999,2026-09-18,83.86712872110004,0.6976714229727615,116.08291087045895,,8.3863465197,1.0825165117159574,7.725210628645485
单连板,002915,2026-08-07,18.27826,2026-08-10,18.341886201269087,0.24121035977408284,44.089056706442264,,4.5994490143,1.025860547219771,11.276849642004748
单连板,002915,2026-08-31,18.348329999999997,2026-09-01,18.96296548105478,3.241607739556919,594.7808853594439,,5.015772622,0.9773737209017904,8.448275862068977
单连板,002918,2026-09-15,11.711699999999999,2026-09-16,11.177616850162655,-4.660153559023051,-927.8314474325745,,3.647152775,1.000129600829443,8.333333333333325
单连板,002921,2026-08-14,24.714689999999997,2026-08-17,22.73746446421603,-8.098700770920935,-1601.255031648575,,2.238445079,1.0523080946776502,9.030544488711811
单连板,002921,2026-09-01,23.353329999999996,2026-09-02,22.415502909532325,-4.119294893925336,-769.5940242012268,,2.2045599548,0.9784163432859748,9.995262908574132
单连板,002935,2026-09-24,17.30729,2026-09-28,18.015354616731265,3.9845221515663374,758.5740842744079,,2.4809871966,1.0131271354073013,9.499999999999996
单连板,002937,2026-09-24,29.859829999999995,2026-09-28,27.88816479280953,-6.707517880046423,-1201.712061720879,,8.1764779233,0.9897107755310988,10.447214076246336
单连板,002938,2026-08-05,88.19810999999999,2026-08-06,92.82330441537394,5.132731924779469,905.3945098044225,,24.8971401687,0.9502697384867224,7.371214863071529
单连板,002940,2026-08-21,27.887859999999996,2026-08-24,25.438407907915852,-8.881966106409369,-1733.8931911020268,,5.2069728157,1.022122457810473,1.211257570359825
单连板,002945,2026-09-02,15.385369999999998,2026-09-03,15.171618173453613,-1.4947741838394566,-275.9718466178167,,8.5696974845,1.010718539102816,10.316368638239348
单连板,002947,2026-08-26,60.74067999999999,2026-08-27,65.98692278674187,8.5258326314215,1553.5946147961936,,6.8778258512,0.9986627899844197,8.38181818181818
单连板,002949,2026-08-26,12.48247,2026-08-27,12.905014112728605,3.2813035467428664,655.3403693297827,,2.6615833961,1.022926053538299,10.088495575221224
单连板,002949,2026-08-31,14.184169999999998,2026-09-01,13.441677860418574,-5.334341693120519,-1059.2849317863297,,3.5732756512,1.073,12.012728719172628
单连板,002949,2026-09-07,14.334319999999998,2026-09-08,13.81116285483495,-3.7534845678994335,-699.4474358473187,,2.5225172785,1.0779497209917739,10.874704491725783
单连板,002951,2026-08-11,15.47546,2026-08-12,15.928736797090052,2.821661219700102,523.9980640682417,,1.10776873,1.0693622616699536,8.943661971830984
单连板,002952,2026-08-31,20.71069,2026-09-01,21.204285926271872,2.27642595412497,424.31717019452816,,1.2492398175,0.9990016401625899,9.552538964303658
单连板,002953,2026-08-28,11.531519999999999,2026-08-31,10.978357790060977,-4.897522967944639,-960.0900289403203,,2.1650010134,1.058703489558532,10.51162790697675
单连板,002955,2026-09-02,39.709669999999996,2026-09-03,40.7593836343767,2.539757323652314,504.2646260115829,,3.0257386910000004,0.9983949287876643,10.011248593925748
单连板,002956,2026-09-17,16.6166,2026-09-18,17.56253740976914,5.587671463216449,1114.177219628189,,1.6545081351,0.9722693831352582,9.340300457217499
单连板,002957,2026-08-03,33.36333,2026-08-04,34.055233868967846,1.9608416377941758,327.10103319733776,,3.0717710631,0.9514149665131048,2.7642770352369173
单连板,002957,2026-08-05,34.08404999999999,2026-08-06,38.660894046275885,13.310584128976153,2268.3930749061474,,7.3976701648,0.9620967741935487,6.485992691839204
单连板,002957,2026-09-08,41.54149999999999,2026-09-09,41.814970842344614,0.5457910576532332,90.69191688600715,,8.050406091000001,0.9836790267536641,7.486209613869188
单连板,002957,2026-09-17,41.981939999999994,2026-09-18,42.28082928206592,0.600034776220622,100.7624958928303,,8.0466097102,1.006269984459012,11.212516297262054
单连板,002961,2026-09-17,13.953939999999998,2026-09-18,14.081372370204095,0.8095811917812122,158.1558632534094,,3.8763135067,0.9919290181196225,9.654631083202524
单连板,002962,2026-09-29,14.244229999999998,2026-09-30,15.616319983508527,9.525543752621804,1899.576505223713,,4.5759498144,1.0231023102310242,7.8947368421052655
单连板,002963,2026-08-12,19.429409999999997,2026-08-13,18.332458184082213,-5.746420831572675,-1116.4956636916643,,3.5074127238,1.153996101364522,11.984392419175016
单连板,002963,2026-09-08,22.172149999999995,2026-09-09,21.186297765020328,-4.546199080607589,-907.1910715058417,,2.747268094,1.0251954190147248,9.220907297830362
单连板,002963,2026-09-17,21.020999999999997,2026-09-18,20.443861786484852,-2.8489886500992476,-538.9973137236265,,1.03367958,1.0067629446988384,11.22448979591837
单连板,002971,2026-08-06,37.727689999999996,2026-08-07,44.97735724401612,19.100961428917806,3603.1757574608396,,3.299088345,0.9484910635804272,9.97067448680351
单连板,002971,2026-08-24,45.55550999999999,2026-08-25,42.312877598202725,-7.221228616411837,-1315.8670097889424,,3.2385360725,1.0375665549201336,12.043269230769216
单连板,002971,2026-08-31,45.044999999999995,2026-09-01,44.30975313924564,-1.7389172712961836,-313.31811394214634,,8.425536927000001,0.9840689809917615,8.03120697567692
单连板,002971,2026-09-21,42.12208,2026-09-22,40.81743657659661,-3.2070627491744137,-540.3526147429783,,10.3844240566,0.9790037052284887,8.215010141987843
单连板,002975,2026-09-08,106.11600999999999,2026-09-09,102.66312515322515,-3.398454390344094,-360.6304200702977,,16.8031166802,0.9972114791771778,7.7628865979381345
单连板,002976,2026-09-15,25.025,2026-09-16,25.528327680131238,1.901187887027606,333.04058811006087,,3.4529683924000003,0.9981767140335135,10.102739726027398
单连板,002976,2026-09-17,26.226199999999995,2026-09-18,26.379756049621797,0.47873652206869793,87.88807842554658,,4.4595742271,1.0012691819545398,10.457790844183123
单连板,002979,2026-08-03,57.87781999999999,2026-08-04,56.34929234371325,-2.7492015195378237,-477.35337207460987,,7.4654762624,0.9975864843121479,4.309090909090907
单连板,002980,2026-08-05,68.63856999999999,2026-08-06,77.96563777714019,13.456892992050767,1847.323783234772,,3.46060557,0.8723837157870525,6.475926780495289
单连板,002980,2026-08-28,104.11401,2026-08-31,100.66717875792531,-3.45699166072003,-359.9212643341219,,11.1209958424,1.0210112019376325,7.6476793248945185
单连板,002980,2026-09-21,128.50838,2026-09-22,114.20659763051304,-11.253206069579678,-1446.1312818078518,,19.82778922,1.0435091907664296,8.435673752858474
单连板,002988,2026-08-17,23.423399999999997,2026-08-18,23.654674310015217,0.8814953939953702,165.18095369368922,,1.3456303502000002,1.0295615324151615,10.217596972563857
单连板,002988,2026-08-24,24.064039999999995,2026-08-25,23.466116374217936,-2.5873959049806707,-498.10558842632844,,2.8038877666000004,1.0370442644810887,10.596330275229349
单连板,002988,2026-09-08,29.299269999999996,2026-09-09,30.77996849962569,4.9422427805341815,868.8246337945303,,4.3141737472,1.0313142588567075,9.391634980988584
单连板,002989,2026-08-05,21.8218,2026-08-06,22.386379561078478,2.4829903050674904,487.64986055209584,,1.3216414492,0.9513441752406242,6.601466992665039
单连板,002989,2026-08-17,25.71569,2026-08-18,24.94199429458768,-3.114670435396731,-560.6712955817915,,2.3335965116,1.066818034382096,9.310344827586214
单连板,002989,2026-09-24,27.337309999999995,2026-09-28,24.3911147437674,-10.875956018121881,-2081.2356684963443,,5.4051306296,1.0272036113091008,9.60407683261466
单连板,002992,2026-08-06,35.495459999999994,2026-08-07,36.94103673874482,3.962145737533952,703.1909277040344,,0.7573428555,0.9749925699486256,10.33536585365853
单连板,002999,2026-09-03,6.94694,2026-09-04,6.529498711686379,-6.10934066838075,-1188.3542457584272,,3.8716382117,1.045848540145986,10.391566265060238
单连板,002999,2026-09-09,7.307299999999999,2026-09-10,7.035156316151775,-3.8250570015349634,-754.6726537375437,,3.52047344,1.04766088293433,10.494752623688154
单连板,003005,2026-08-03,13.453439999999999,2026-08-04,13.776826998345543,2.2974304343984135,432.71679504694185,,0.6118681487,0.9915403595347202,9.701492537313428
单连板,003005,2026-08-31,15.045029999999997,2026-09-01,18.16182,20.602715407065947,4029.5901279500013,,0.9033648004,0.9989624403403198,10.190615835777116
单连板,003010,2026-08-21,29.189159999999998,2026-08-24,28.30627260669761,-3.1322660556126736,-548.5692903590833,,4.371175702,1.0224605580166326,9.7478359051562
单连板,003018,2026-08-24,43.1431,2026-08-25,43.315025002342885,0.28834948947037153,49.76116343667674,,3.7603222405,1.0350067355186339,10.904872389791187
单连板,003018,2026-09-04,56.506449999999994,2026-09-07,54.78006607538943,-3.1646301548625786,-536.4660468427036,,11.0102579826,1.0758709192775981,8.35253456221199
单连板,003021,2026-08-26,72.59252,2026-08-27,70.77271985156851,-2.6264691744490842,-381.32403215115727,,4.161170238,0.9498276948160219,10.945121951219527
单连板,003029,2026-08-07,18.14813,2026-08-10,17.0847435849717,-5.958586502562768,-1189.5092271122987,,1.6537113,1.0492338941140116,10.352941176470587
单连板,003030,2026-08-31,23.863839999999996,2026-09-01,24.207941021185672,1.3368189397216461,255.21306629189598,,1.5137939728999998,0.9938936666773238,10.242341106538632
单连板,003031,2026-08-05,98.76866999999999,2026-08-06,110.24337864041672,11.509213225823661,2273.499366122025,,11.619190993299998,0.9487199029967093,7.849462365591386
单连板,003031,2026-08-24,143.50336,2026-08-25,128.01051849324583,-10.912331184988096,-1565.9561904785733,,22.0251003665,1.0866143561567463,10.804274904438715
单连板,003031,2026-09-17,137.83769999999998,2026-09-18,136.20530230673623,-1.3082348112600486,-180.32407744401917,,8.2549291393,1.0077037106206157,8.440944881889756
单连板,003032,2026-08-13,11.791779999999997,2026-08-14,11.879126912647317,0.63536327952073,119.87302419499123,,8.1516367888,1.2220056962974069,7.583333333333342
单连板,003036,2026-08-03,44.49445,2026-08-04,42.77776488131061,-3.9644196597077888,-705.5786893115409,,2.125051035,0.8734933445131529,5.825698848954652
单连板,003036,2026-08-05,45.85581,2026-08-06,49.983084102063664,8.889438810636237,1630.5296684286454,,2.4339563344,0.9052745346207983,8.01728276524245
单连板,003036,2026-09-01,58.38832999999999,2026-09-02,55.474148808839594,-5.097577244778587,-892.9170671058686,,3.7692454642,0.9771450176660005,13.759541984732838
单连板,003039,2026-09-03,13.603589999999999,2026-09-04,13.01600658019457,-4.421630438760533,-842.1006666858574,,2.5817412085,1.0192000945235435,10.513643659711057
单连板,003040,2026-08-24,12.802789999999998,2026-08-25,14.96462170847154,16.77294602843252,3221.107585250334,,3.9763380392,0.9805229614628638,2.483974358974339
单连板,003040,2026-09-02,19.6196,2026-09-03,20.965782228567942,6.754946500598254,1325.2934836313748,,17.5130254529,1.1910565110565126,9.630459126539748
单连板,003040,2026-09-07,21.03101,2026-09-08,22.515856484224756,6.951839099532972,1315.8377785860205,,10.4033309736,1.185982652660944,1.2464046021092967
单连板,003041,2026-09-21,42.12208,2026-09-22,43.841698922058264,3.969031051667015,668.7353739232085,,2.19299663,0.9937531096246334,10.057621791513881
单连板,003043,2026-08-11,73.073,2026-08-12,72.1622262692063,-1.3661779264447673,-199.66143923819695,,6.7597519384,0.9987874244896167,10.000000000000009
单连板,003043,2026-08-19,78.09801999999999,2026-08-20,72.92759548195886,-6.733075399269953,-1051.6797143873853,,6.510331311900001,1.0802412953751732,10.243970058220132
单连板,300006,2026-08-21,5.645639999999999,2026-08-24,5.201321517086198,-7.968711362124724,-1574.5966465063036,,3.3267916242,1.0211893369788114,0.0
单连板,300009,2026-08-21,9.55955,2026-08-24,8.760331807122231,-8.460456377124451,-1617.563115198801,,19.6637531299,1.0283828382838287,7.978723404255317
单连板,300016,2026-08-24,10.25024,2026-08-25,9.516774786366497,-7.255287964665087,-1413.0004152316444,,12.3029251447,1.0342059044910943,21.144859813084093
单连板,300017,2026-08-17,16.92691,2026-08-18,16.867366148183077,-0.45729779825971795,-85.14702541774443,,76.6249915171,1.056030389363721,19.556171983356442
单连板,300052,2026-08-05,11.751739999999998,2026-08-06,11.437737398144517,-2.7726593531656674,-553.9207210585085,,5.8185700858,1.0207250091541573,17.33203505355405
单连板,300058,2026-08-03,14.274259999999998,2026-08-04,15.349458666518396,7.426548506581895,1484.1187799978634,,85.52639403479999,0.986455850723711,20.79124579124578
单连板,300069,2026-08-20,32.792759999999994,2026-08-21,27.388803720736114,-16.573533802669015,-3260.951498056874,,6.150586979,1.0340258058087965,9.961928934010134
单连板,300097,2026-08-26,10.700689999999998,2026-08-27,10.161291079163066,-5.142133280590872,-990.4387351371465,,4.537999617200001,1.0394717094401944,20.182440136830103
单连板,300109,2026-08-21,14.894879999999999,2026-08-24,15.922437595126297,6.791567944558639,1315.0746640986185,,13.6258374404,1.0315734173890208,6.675567423230966
单连板,300112,2026-09-08,10.710699999999997,2026-09-09,9.181599580056998,-14.372970004615787,-2771.0022569118887,,3.88699659,0.9811766442754872,18.806306306306308
单连板,300120,2026-08-17,8.73873,2026-08-18,9.117158115760786,4.224246810192014,812.1201512078437,,9.0325237444,1.068675324675323,19.483870967741936
单连板,300122,2026-08-21,13.4134,2026-08-24,13.224981399098185,-1.5092395109234789,-283.41646558149387,,8.9267449108,0.9935294437496603,0.06910850034553828
单连板,300189,2026-09-02,7.107099999999999,2026-09-03,6.79352161929915,-4.512186071648356,-897.9196136347368,,23.4142411214,1.073182303404102,20.22292993630572
单连板,300197,2026-08-13,2.2622599999999995,2026-08-14,2.1933928097396325,-3.1448554467522616,-626.0743001013398,,6.1223806588,1.0432784373803135,20.418848167539274
单连板,300209,2026-08-05,34.244209999999995,2026-08-06,35.438235052509214,3.3746116804342696,577.80455526622,,55.0589365587,1.0405370245095489,13.418745785569786
单连板,300214,2026-08-24,12.832819999999998,2026-08-25,11.854070012904078,-7.726988749699344,-1487.3858365037506,,7.904111575,0.9747271682940837,17.37943585077344
单连板,300243,2026-09-17,19.519499999999997,2026-09-18,21.799732632457953,11.572630312330759,2258.919573815402,,10.3196087702,1.0086009422137714,20.012091898428075
单连板,300248,2026-08-06,9.759749999999999,2026-08-07,9.42817295552606,-3.4988909570558233,-682.9660203625112,,3.4439623898,1.0480372826671458,20.023837902264585
单连板,300270,2026-08-05,12.14213,2026-08-06,13.331500888158637,9.686936323410112,1881.920642249082,,3.776607853,1.0273904734942307,13.513513513513509
单连板,300300,2026-09-28,10.4104,2026-09-29,10.837646774068233,3.999388230219031,791.0693934055718,,16.0422102948,1.036295369211515,21.460674157303373
单连板,300305,2026-08-04,5.98598,2026-08-05,6.191322589666954,3.3260193371164126,657.0130126425395,,1.9377064646,1.018981018981019,14.555765595463122
单连板,300311,2026-08-07,6.6065999999999985,2026-08-10,6.579565122441079,-0.5114560455407835,-101.36956531409217,,11.0707468466,1.0662057963307638,23.448275862068968
单连板,300314,2026-08-18,15.014999999999999,2026-08-19,14.532436135954677,-3.315470290822284,-647.1632234170557,,3.7600004021,1.07999202074606,12.091254752851711
单连板,300324,2026-09-23,4.014009999999999,2026-09-24,3.863594114302637,-3.8482035451378267,-756.8896480987155,,11.629927031,0.9965468210440784,17.613636363636353
单连板,300345,2026-08-18,8.868859999999998,2026-08-19,8.47806174720155,-4.507413663480692,-879.4636563569419,,10.7737041837,1.1268087045687596,18.983957219251323
单连板,300363,2026-08-21,23.353329999999996,2026-08-24,20.901379636017506,-10.599531633804947,-1980.2748807174883,,12.832856415799998,1.0778108060849816,9.285714285714297
单连板,300364,2026-08-03,24.904879999999995,2026-08-04,25.185901536206384,1.0256129626921504,204.3421420983398,,20.5354662928,0.9746919746919753,15.8656089594027
单连板,300368,2026-08-28,9.489479999999999,2026-08-31,9.283525603135246,-2.2714183968379356,-452.64616841693856,,6.0693539805,0.9298597194388775,20.854271356783904
单连板,300378,2026-08-31,35.985949999999995,2026-09-01,39.233357879484416,8.911919811665054,1603.5195037329402,,5.1832756375,0.9471375856615695,5.31496062992125
单连板,300386,2026-08-07,12.452439999999998,2026-08-10,11.723050857298034,-5.956603067665323,-1186.7878768626938,,2.6043656826,1.0516552511415538,19.165085388994328
单连板,300418,2026-08-03,43.09304999999999,2026-08-04,43.04637869621366,-0.21826231241790203,-37.62235496856108,,60.6593531042,0.927223626354603,17.45513866231647
单连板,300426,2026-08-12,7.517509999999999,2026-08-13,7.136351400485634,-5.17085401515617,-1010.670615954393,,4.210592093,1.0864991956441037,14.035087719298245
单连板,300430,2026-09-15,5.685679999999999,2026-09-16,5.073984542760643,-10.855292401494767,-2160.1901615465763,,1.8700194722,1.0215365816404467,19.742489270386265
单连板,300464,2026-09-17,9.959949999999997,2026-09-18,10.984105635754153,10.175293474163238,2026.9082847598424,,6.2461971001,1.0293267968134467,20.14388489208634
单连板,300489,2026-08-05,162.24208,2026-08-06,195.30471267144642,20.25455100623957,3286.140484718401,,22.8412630373,0.8827634569403248,8.908341915550967
单连板,300534,2026-08-14,18.93892,2026-08-17,19.69788572409331,3.9005941900278605,738.7304131740244,,17.3072530131,1.084763948497853,22.064516129032263
单连板,300540,2026-08-07,33.56353,2026-08-10,33.80250194923383,0.6000472475324388,100.69851896986216,,7.411690961000001,0.9533923597294068,20.81236520488856
单连板,300552,2026-08-06,24.023999999999997,2026-08-07,22.416674118442224,-6.791119819173233,-1305.1989002865419,,5.2767569632,1.0491720662347,8.173913043478255
单连板,300592,2026-08-05,14.614599999999998,2026-08-06,16.99449403300297,16.1714202739304,3072.4049035599814,,4.6326859523,0.9279375551735346,19.215686274509803
单连板,300598,2026-08-19,35.255219999999994,2026-08-20,35.84999385489894,1.5774623043990232,278.0689029164726,,7.685049455700001,1.0038826574633304,20.305980528511824
单连板,300601,2026-08-21,13.213199999999997,2026-08-24,12.919477782930445,-2.3242662595398116,-460.6649241082715,,14.4769131549,1.0082746974387837,7.105847520355302
单连板,300642,2026-09-02,19.93992,2026-09-03,18.522589827651686,-7.206528874541215,-1436.9760923604188,,8.068474281,1.1130370301710149,21.629718394248055
单连板,300642,2026-09-22,20.37035,2026-09-23,21.409758469895053,4.993407960414502,915.4572106178658,,6.914046766799999,0.9747604485219156,11.997798569069884
单连板,300656,2026-09-17,28.50848,2026-09-18,31.050579049863067,8.810334523138115,1758.184718823347,,3.582276077,1.007488202548814,19.910786699107863
单连板,300686,2026-08-06,15.014999999999999,2026-08-07,15.485689691871782,3.0299669159947986,591.4343921676048,,2.190639616,1.03457814661134,7.5714285714285845
单连板,300691,2026-09-22,18.038019999999996,2026-09-23,20.324688799120487,12.568075201945828,2493.7351103962314,,5.049459946,1.0121168235578102,20.16238159675239
单连板,300720,2026-08-03,50.810759999999995,2026-08-04,55.721840003040874,9.542900802322176,1454.6461271117985,,3.347343652,0.846646629077906,7.901444350042475
单连板,300720,2026-08-05,59.809749999999994,2026-08-06,69.4435226113189,15.99141441646855,2869.3274951861395,,7.9386866408,0.8799190090519303,17.641267966135075
单连板,300741,2026-09-18,27.677649999999996,2026-09-21,26.06037133900802,-5.943900371457049,-1151.5923588124072,,8.2026773606,1.131185878092939,17.112068965517246
单连板,300765,2026-08-21,47.927879999999995,2026-08-24,45.76730564040771,-4.609832448814534,-883.7579857075565,,32.2815992611,1.0540032791364946,3.6429143314651746
单连板,300788,2026-09-09,31.431399999999996,2026-09-10,30.64295786842356,-2.6121999680446724,-492.6306124535958,,4.742358602,1.0519019248395964,6.222816995650726
单连板,300795,2026-08-03,15.515499999999998,2026-08-04,15.440089034829342,-0.591498172226192,-110.1286786941058,,8.9486078427,1.1212121212121207,25.019011406844104
单连板,300830,2026-09-04,9.8098,2026-09-07,9.529222752907582,-2.9616837111500693,-581.070497392799,,3.3967719902,1.0210861519924272,10.757409440175646
单连板,300839,2026-08-24,12.011999999999999,2026-08-25,12.937775621604242,7.599127839137741,1460.4915776595606,,2.2594895196,1.0028947368421053,20.250723240115743
单连板,300841,2026-08-21,56.206149999999994,2026-08-24,54.50111166984125,-3.1433024534569554,-530.0187875831089,,5.0696058849000005,1.0412520249942125,0.8865841418534748
单连板,300911,2026-08-20,25.285259999999997,2026-08-21,24.14267860770186,-4.624958277169299,-818.6029076916444,,8.2047475443,1.0295717089809175,18.858671422202413
单连板,300911,2026-09-01,26.025999999999996,2026-09-02,29.369238569027672,12.732322612279102,2319.599998150231,,7.2110117279,0.9949263552781273,20.334387708992317
单连板,300916,2026-08-10,25.605579999999996,2026-08-11,25.021543483770873,-2.3875236315348514,-427.9374914440931,,4.1636357251,1.0585390500938354,20.16385980883022
单连板,300922,2026-08-26,19.809789999999996,2026-08-27,18.775041106504563,-5.323237966478957,-1054.5222623597517,,3.3148202787,1.0081907387884184,21.479289940828416
单连板,300927,2026-09-02,34.534499999999994,2026-09-03,31.59683796902663,-8.612030761521282,-1487.0608816687832,,8.8334715592,1.128721174004191,19.753086419753085
单连板,300931,2026-09-24,19.02901,2026-09-28,17.130380411288836,-10.077015949967551,-1917.5563728209202,,8.736726209299999,1.0319899919578235,19.83780411728009
单连板,300937,2026-08-14,31.030999999999995,2026-08-17,30.112672109872708,-3.063589086945278,-570.3973977419935,,5.530774330800001,1.060471357879728,21.923076923076913
单连板,300992,2026-09-17,27.327299999999997,2026-09-18,30.474544820507052,11.406702511272183,2182.000670754018,,1.6240883,0.9874627195404839,15.141700404858316
单连板,301008,2026-08-10,41.041,2026-08-11,40.43068785579897,-1.599235410948754,-262.5368820029912,,1.0588582551,1.0555000776690424,0.0
单连板,301026,2026-08-06,21.7217,2026-08-07,22.29429924566467,2.531573610436909,494.9107424444466,,5.584229737,1.0205426514257812,14.308510638297856
单连板,301051,2026-08-11,20.50048,2026-08-12,22.604970074470554,10.154130165837403,1873.4808814393175,,5.2479242825,1.0797859036566444,18.399999999999995
单连板,301060,2026-08-14,11.90189,2026-08-17,12.819654466470274,7.602636419865866,1447.7718780677976,,4.2615436691,1.0662655249556419,21.544715447154484
单连板,301129,2026-08-19,25.065039999999996,2026-08-20,24.07623978142579,-4.051920386117263,-710.9308258839125,,2.7879724894,1.051659432823158,14.248704663212441
单连板,301130,2026-08-17,30.820789999999995,2026-08-18,28.66712333447292,-7.090219858070884,-1311.157063796595,,3.1939820806,1.0551668305094555,19.992220925709848
单连板,301139,2026-08-04,3.8037999999999994,2026-08-05,3.9766213381844557,4.438512707789709,877.9271611703056,,0.9299547332,1.0714980544747108,19.558359621451118
单连板,301151,2026-09-01,20.98096,2026-09-02,21.701452554300438,3.3273210224252425,628.2935035079681,,1.694875594,1.0154882154882146,15.311273135165449
单连板,301166,2026-08-21,33.86382999999999,2026-08-24,29.501766205388904,-12.98567921489046,-2198.7241668379197,,1.846905872,1.047275082195876,11.708756969498202
单连板,301171,2026-08-03,31.051019999999998,2026-08-04,35.38383940198787,13.841079832566525,2578.6778802157182,,20.7662237795,0.9797655962579493,17.26923076923077
单连板,301177,2026-08-27,27.026999999999997,2026-08-28,26.270548332590202,-2.902303738280715,-549.0839419415902,,2.0348978152,1.014605588750076,22.988013698630148
单连板,301182,2026-08-04,61.84177999999999,2026-08-05,66.15925158969131,6.872018593655015,1274.9335860741685,,1.0441229274,0.9000597300203083,16.263107721639635
单连板,301211,2026-08-20,14.514499999999998,2026-08-21,12.431692678024596,-14.447517571624946,-2726.0804193135536,,8.0417580039,1.0610593428151065,21.166666666666668
单连板,301231,2026-08-03,25.86584,2026-08-04,26.830661561443957,3.6209670799862197,655.6154859533353,,2.5481073937,0.9868485143692166,19.93642143505905
单连板,301231,2026-09-01,31.301269999999995,2026-09-02,29.975760517434313,-4.3377690419469985,-814.6660798777459,,3.7477475917,0.9918910489655898,14.160583941605843
单连板,301234,2026-08-10,82.38229999999999,2026-08-11,89.14835892413059,8.09611947964464,1333.9538876158574,,5.4874585151,1.1076564930777073,21.18840579710146
单连板,301234,2026-09-23,133.13299999999998,2026-09-24,122.93505610361785,-7.783173296624398,-1036.1972104994957,,6.8292442944000005,1.0413934852742226,13.609756097560988
单连板,301251,2026-09-17,83.29320999999999,2026-09-18,76.70802255048272,-8.014028362117392,-1335.0282946235995,,11.9759836853,1.0824633771638033,17.652136383254202
单连板,301262,2026-09-01,21.45143,2026-09-02,20.980720719886932,-2.296980075879882,-443.4615657821878,,7.3696165408,0.9850382356200807,14.04494382022472
单连板,301270,2026-08-05,34.04400999999999,2026-08-06,33.07313006598094,-2.961130814063041,-504.04383522635146,,5.0590406344,1.0314319538063834,20.382383065892796
单连板,301311,2026-09-28,17.94793,2026-09-29,18.964171742356573,5.556627568622478,1097.0295890147706,,5.6967628309,1.0297863805034602,19.389110225763616
单连板,301315,2026-08-13,43.6436,2026-08-14,43.92422340291979,0.5333785778082267,93.1142451937245,,2.6171272727,1.053552411379885,14.257425742574249
单连板,301357,2026-08-11,111.60148999999998,2026-08-12,107.47198938633372,-3.8399373907582155,-428.54273431532897,,12.0444478348,1.0332901921442192,20.278308901635867
单连板,301366,2026-08-10,54.053999999999995,2026-08-11,54.202022299370235,0.16003514016396342,25.951618399268632,,10.2217380884,1.0703054651243329,19.306487695749432
单连板,301399,2026-08-28,21.131109999999996,2026-08-31,22.447022245836177,6.119611521967817,1163.827658051724,,3.5409261259,1.0105972633886888,21.44082332761579
单连板,301489,2026-09-04,139.67953999999997,2026-09-07,134.02576975797007,-4.169200571541458,-582.3520180006478,,20.9411906962,1.042105975003227,16.890147414008496
单连板,301520,2026-08-12,70.93086,2026-08-13,79.12629113896692,11.425728409166409,1620.8734843772102,,14.0417094733,1.0038390559963364,21.950796950796956
单连板,301520,2026-08-14,85.88579999999999,2026-08-17,83.96471287577185,-2.345868567091147,-402.95359715895364,,12.764256467,1.1186508482204256,19.837837837837856
单连板,301529,2026-08-12,96.25615999999998,2026-08-13,104.17360042151475,8.117246027370918,1562.6698647399587,,5.575839515499999,1.023143344371159,20.019970044932588
单连板,301550,2026-09-08,99.27918,2026-09-09,96.21360724456942,-3.1886186881532623,-633.1268973850631,,15.8866186886,1.0187796520822368,10.277527075812266
单连板,301583,2026-09-21,138.83869999999996,2026-09-22,138.6259128733266,-0.2772099776494256,-38.487472923875295,,16.7529690153,1.008353582611008,15.433198380566804
单连板,301591,2026-08-24,38.42838999999999,2026-08-25,38.96820462819792,1.2999674457804427,249.7782799687735,,3.8120070718,1.075442131184239,20.012726694241167
单连板,301596,2026-08-04,48.63859,2026-08-05,49.819479576400326,2.3232483834674453,451.99810236654343,,1.8144075063,0.9500196001568002,17.113305124588617
单连板,301602,2026-08-13,18.017999999999997,2026-08-14,18.956437189873146,5.103220767096276,1011.4481495969474,,2.2678582445,1.0328130876269284,20.52459016393442
单连板,600053,2026-08-26,7.8077999999999985,2026-08-27,7.741801004776429,-0.9480953884065434,-185.0634793400152,,0.31431482,0.9857397504456346,8.531468531468533
单连板,600059,2026-09-07,9.379369999999998,2026-09-08,8.857455102893788,-5.664430528602567,-1115.70458510824,,6.5527694682,1.021838584376349,6.984866123399303
单连板,600059,2026-09-17,9.77977,2026-09-18,10.538358762594388,7.6496318617458865,1496.2328038509313,,5.4765152385,1.0278117608677926,9.529147982062769
单连板,600078,2026-08-06,10.72071,2026-08-07,11.018218885015354,2.669849578324937,515.2082953111909,,3.089994175,1.0263236613819933,10.189810189810178
单连板,600103,2026-08-26,3.2032,2026-08-27,3.7576488599345956,17.1980370813631,3415.502647499381,,5.1346154625,0.9951690821256046,10.139860139860147
单连板,600103,2026-09-02,4.024019999999999,2026-09-03,3.695872310261366,-8.253280081694363,-1627.3568416026476,,30.3942694431,1.1021034180543392,14.168937329700281
单连板,600103,2026-09-08,3.9038999999999993,2026-09-09,3.9652166700575178,1.467624330594111,292.2023898345238,,18.754624035,1.1036885245901649,8.611111111111104
单连板,600103,2026-09-17,3.74374,2026-09-18,3.6994151422904875,-1.2857674220141135,-255.11968321002922,,9.2858721193,0.9837735849056615,12.5
单连板,600105,2026-08-05,33.043009999999995,2026-08-06,36.99950002180935,11.865211976849448,2352.373908018936,,70.1082503084,0.9279378255208335,7.189746795873719
单连板,600105,2026-09-17,46.05600999999999,2026-09-18,46.53464795569149,0.932440142196621,171.77789005363599,,66.0750392071,1.032299305715858,10.373443983402497
单连板,600107,2026-08-12,5.805799999999999,2026-08-13,5.707912709994909,-1.7878252774428234,-352.9117038564365,,0.16175467,1.004225160147199,10.556621880998085
单连板,600108,2026-08-28,3.7737699999999994,2026-08-31,3.7785528371816395,0.023715292972303556,4.653795180324678,,5.4952269491,1.028864656831303,8.620689655172399
单连板,600108,2026-09-04,4.004,2026-09-07,4.7951999999999995,19.64719259923749,3854.7005991999977,,7.3112954789,1.0515546639919764,8.791208791208781
单连板,600110,2026-08-24,10.8108,2026-08-25,10.841862618395464,0.18379402916089033,35.76528882814596,,22.8522661937,1.0225585177851642,10.721649484536089
单连板,600110,2026-09-01,12.011999999999999,2026-09-02,11.869046878246687,-1.2935102868899269,-248.6023290579488,,16.994156573599998,1.0488788941067533,11.18299445471349
单连板,600110,2026-09-16,12.122109999999997,2026-09-17,12.030577837974096,-0.8582579915812331,-166.46236451722848,,23.1228615269,0.9923711855927969,11.182401466544455
单连板,600121,2026-09-01,4.804799999999999,2026-09-02,5.618011013178336,16.81357715558133,3312.220896202624,,5.966869247999999,1.0371394023147362,9.111111111111114
单连板,600126,2026-08-12,7.377369999999999,2026-08-13,7.16417181758058,-2.990623859859131,-595.6993461152417,,11.1598011306,1.0356671070013221,2.219140083217752
单连板,600127,2026-08-07,6.2062,2026-08-10,6.265152331486397,0.8470568431139661,168.22413375148471,,2.8342299715,1.0133979839224185,10.375670840787121
单连板,600127,2026-08-26,9.16916,2026-08-27,10.471948254746026,14.097190634411449,2714.447326025822,,27.1541662523,1.1305050505050498,10.047281323877066
单连板,600127,2026-08-28,10.940929999999998,2026-08-31,12.110523384949333,10.581843162943708,2083.953695701422,,13.6726892805,1.1760201699505084,4.660194174757271
单连板,600127,2026-09-02,13.213199999999997,2026-09-03,12.283965970398178,-7.131487080445222,-1413.4464763700817,,17.697096162,1.2009237875288679,9.875518672199156
单连板,600127,2026-09-18,12.912899999999999,2026-09-21,15.082663739844884,16.690873356650314,3232.913678506348,,23.7347503648,1.0145696799003414,8.499999999999996
单连板,600130,2026-08-06,4.3043,2026-08-07,4.2437650671050955,-1.5081711108102591,-298.6145619639875,,1.81830165,1.0406410990269026,9.64467005076144
单连板,600130,2026-09-02,4.884879999999999,2026-09-03,4.663915343544753,-4.624312205836248,-903.5684083218148,,1.9813706274,1.0137163143456502,10.290827740492169
单连板,600135,2026-09-17,8.09809,2026-09-18,7.877732225900029,-2.8231726876565335,-548.6953562444279,,0.94020746,1.0087414230660772,9.620596205962052
单连板,600156,2026-08-07,8.84884,2026-08-10,8.241225963103092,-6.966461198117982,-1356.1922111837948,,0.937949924,1.0496164676182154,8.866995073891637
单连板,600162,2026-09-09,5.555549999999999,2026-09-10,5.007558806016761,-9.960820841358354,-1992.1621761075019,,9.7442720941,1.0489023467070406,7.843137254901977
单连板,600163,2026-09-16,6.106099999999999,2026-09-17,5.864186632162335,-4.062988880301116,-793.8885248642125,,11.7911205984,1.0364242828552368,12.321428571428573
单连板,600172,2026-08-06,11.22121,2026-08-07,12.004838949735696,6.8754788193978715,1311.570258611265,,16.717611846900002,0.944687045123728,11.530815109343928
单连板,600172,2026-08-26,13.89388,2026-08-27,14.374534139376697,3.354292184924289,652.4578634318623,,24.498121117,1.057748417285991,13.73983739837399
单连板,600172,2026-09-15,16.596579999999996,2026-09-16,16.52579517043688,-0.5284961373570374,-105.25474108004468,,48.926156008,1.0434499138452955,12.755798090040926
单连板,600180,2026-09-15,1.8618599999999998,2026-09-16,1.7035879559662706,-8.598609558749013,-1713.0065696566107,,0.7164658,1.0426801284993115,9.883720930232553
单连板,600183,2026-08-05,110.10999999999999,2026-08-06,125.57472782700823,13.89481756045452,1529.958361581647,,66.95397803590001,0.9161156334296137,6.885714285714295
单连板,600183,2026-08-10,142.12197999999998,2026-08-11,136.73861556324124,-3.908278192082605,-555.4522350496001,,107.2935225643,0.9741196844333255,6.854961832061068
单连板,600184,2026-09-14,20.21019,2026-09-15,21.143425916526596,4.508317617489267,820.0256006682487,,9.2020662546,1.0089849727311957,11.620111731843586
单连板,600186,2026-08-05,9.25925,2026-08-06,9.619918185101975,3.7898051091143206,736.9058120879022,,16.8077357811,0.982587064676616,8.875739644970416
单连板,600186,2026-08-11,10.880869999999998,2026-08-12,10.961367405707566,0.6363713937865423,124.63693933518311,,28.7255522728,1.051267695753018,5.836575875486405
单连板,600186,2026-09-15,13.103089999999998,2026-09-16,12.812189561279483,-2.3218367038876697,-456.3485294451522,,36.3990981876,1.0200927357032457,12.649572649572649
单连板,600188,2026-08-07,21.101079999999996,2026-08-10,21.482532991563872,1.702163006950675,323.2573000443607,,19.043923211400003,0.9805053636979212,10.036591740721379
单连板,600189,2026-09-28,8.88888,2026-09-29,8.741112791710352,-1.764671355208709,-345.09094214952694,,3.41477434,1.0116938341601722,8.982035928143706
单连板,600192,2026-08-11,7.767759999999999,2026-08-12,7.532894150648435,-3.1255510336106545,-606.9632574209874,,2.3555092066,1.077918013977261,10.659186535764364
单连板,600198,2026-08-17,7.967959999999999,2026-08-18,7.7383417415538,-2.982501070969123,-594.1112308359783,,4.1608581866000005,1.0184281302918627,9.344490934449091
单连板,600211,2026-08-21,40.190149999999996,2026-08-24,37.11476374848765,-7.76239123895799,-1247.8866730096297,,5.962008624199999,1.0053672634463087,3.995901639344268
单连板,600216,2026-08-13,13.763749999999998,2026-08-14,13.29093892629156,-3.537335008291373,-681.6179260851852,,9.0848696541,1.0196926313329044,9.984025559105426
单连板,600218,2026-09-22,8.26826,2026-09-23,8.003018912494081,-3.308700699034115,-656.5727434030995,,3.1022784942,0.9860327444269722,9.97340425531914
单连板,600222,2026-08-18,8.8088,2026-08-19,8.321901515566354,-5.628192225411399,-1090.7076328544865,,5.5659780917,1.0565188864935797,9.413202933985332
单连板,600227,2026-08-11,3.6536499999999994,2026-08-12,3.6041844037753137,-1.4558624559676643,-287.2374405612978,,7.1403173084,1.0166156536947957,11.550151975683898
单连板,600227,2026-08-19,3.7037,2026-08-20,3.6328621127228597,-2.013649480424466,-402.7294933549971,,6.9186116125,1.0425309029960184,11.940298507462677
单连板,600227,2026-08-27,4.104099999999999,2026-08-28,4.332334476029428,5.455534979979045,1074.7229333439357,,10.9449678246,1.0511826289259396,13.55013550135502
单连板,600228,2026-08-05,7.837829999999999,2026-08-06,7.789581496977915,-0.7183055499486766,-140.74891971385586,,2.9754975377,1.0763443239654784,8.749999999999991
单连板,600230,2026-09-24,15.014999999999999,2026-09-28,13.887470694081292,-7.608753737362614,-1485.1906857644956,,3.3663608232,0.9734648230988205,9.859154929577475
单连板,600237,2026-09-14,9.008999999999999,2026-09-15,9.630016103615407,6.787315471829398,1345.2323518856429,,8.9941879355,0.9994064275417609,11.757575757575767
单连板,600246,2026-09-01,13.513499999999999,2026-09-02,12.837278171497356,-5.1063516669475915,-966.0655655181478,,18.9262535391,0.9787283236994222,6.810897435897423
单连板,600251,2026-08-31,11.67166,2026-09-01,11.670452608012207,-0.11273796837000877,-22.36926701039344,,7.4842592789,1.0355153203342633,7.882676443629699
单连板,600255,2026-09-10,3.8238199999999996,2026-09-11,3.8628435579385054,0.9177260593040564,182.4794015245779,,5.9507436537,1.0292764533667924,10.511363636363647
单连板,600261,2026-09-21,3.5535499999999995,2026-09-22,3.4579417237866843,-2.7913797829821183,-555.4812271577018,,3.0560052757,1.0006597756762694,10.377358490566024
单连板,600262,2026-08-07,15.505489999999998,2026-08-10,15.226610969282612,-1.903409634555573,-354.15958865406105,,2.7504356402,1.0295693385534712,10.459363957597168
单连板,600272,2026-08-07,11.9119,2026-08-10,14.25573,19.56187055549493,3728.3047339200007,,1.5211165506,1.017918723375483,10.186915887850457
单连板,600272,2026-08-17,17.627609999999997,2026-08-18,19.695861672088423,11.623467942873452,2253.83355718923,,7.6543794405,1.1777827347758203,13.037893384714195
单连板,600272,2026-08-19,20.019999999999996,2026-08-20,19.487740023437844,-2.7647853900360433,-498.1590315766942,,11.317632090899998,1.2163318733323272,15.507726269315668
单连板,600272,2026-08-25,17.627609999999997,2026-08-26,20.633291238005135,16.938717581582807,3284.4801817111334,,8.8450655989,1.136912047560763,14.655716993051149
单连板,600272,2026-09-02,20.019999999999996,2026-09-03,16.639620153780516,-16.983902915129963,-3060.1596272481165,,9.5023145397,1.040801020025501,10.021905805038323
单连板,600281,2026-08-26,4.87487,2026-08-27,4.950248843504559,1.4434527177981857,288.50241836692646,,1.5866181875,1.0399257195914577,9.782608695652172
单连板,600288,2026-08-17,12.93292,2026-08-18,12.193116447302835,-5.820944055572555,-1129.227056927931,,6.3846491288,1.0678988071831172,10.183639398998313
单连板,600293,2026-09-18,3.4634599999999995,2026-09-21,3.4582363820962168,-0.25339801884716845,-50.025132434315594,,2.4673020992,1.0268503385477457,10.032362459546928
单连板,600293,2026-09-24,3.7237199999999997,2026-09-28,3.9371672621306635,5.626504602229695,1110.430969022982,,2.3224032071000003,1.046511627906975,11.782477341389729
单连板,600302,2026-09-07,6.886879999999999,2026-09-08,7.127386228162656,3.388386562917098,676.7269379202525,,0.5929560460000001,1.0096533567354096,10.000000000000009
单连板,600313,2026-09-02,7.837829999999999,2026-09-03,7.0731586757214275,-9.854220026502098,-1930.8925337579733,,7.0558351007,1.0576478013885964,11.898016997167149
单连板,600316,2026-08-11,27.827799999999996,2026-08-12,29.05821943928409,4.315956543759634,840.7250285590403,,6.859451174099999,1.019856099057391,10.624272974020954
单连板,600318,2026-09-02,7.307299999999999,2026-09-03,7.1352493564849375,-2.455987812058786,-484.5592729545434,,2.3373808242,1.02614098992929,10.471976401179939
单连板,600318,2026-09-11,7.707699999999999,2026-09-14,6.7713638645628365,-12.245762134074875,-2359.6665200202224,,9.205749234,1.0375803858520891,0.0
单连板,600325,2026-09-22,2.74274,2026-09-23,2.8632754783367154,4.289830299404049,847.1440191878972,,4.1825370645,0.9808844507845939,10.97560975609757
单连板,600326,2026-08-11,8.168159999999999,2026-08-12,7.81601846828734,-4.411961193195911,-864.9025185555626,,9.8212505721,1.0592500517920038,10.728476821192046
单连板,600327,2026-08-11,4.004,2026-08-12,3.9876282360226423,-0.5116461214850008,-100.3829224508712,,1.5308094224000002,1.021157684630739,10.05586592178771
单连板,600327,2026-08-21,4.23423,2026-08-24,4.045193433168969,-4.564457229683209,-908.3672015751522,,2.1528319593000003,1.0439276485788116,9.278350515463929
单连板,600330,2026-08-05,17.717699999999997,2026-08-06,20.54561638480959,15.849517907868584,3088.9870377986754,,14.5313578553,0.9626781622587308,7.537091988130551
单连板,600330,2026-08-07,21.671649999999996,2026-08-10,23.392272541914565,7.832189313259858,1527.6281897763718,,33.0975136063,0.9845879801734848,11.139630390143719
单连板,600330,2026-08-18,27.327299999999997,2026-08-19,27.351357106439487,-0.016288008586686557,-3.1157510793567162,,30.2200939469,1.1461481630734118,9.438470728793313
单连板,600330,2026-09-15,30.029999999999998,2026-09-16,30.212562438593622,0.5001234268507164,90.11223904996207,,23.4318310298,1.0171089650977128,11.962962962962976
单连板,600340,2026-09-29,1.24124,2026-09-30,1.298681155807513,4.523323290067109,903.9392978906268,,2.3135903680000003,1.0334620334620341,9.322033898305104
单连板,600343,2026-09-21,21.381359999999997,2026-09-22,20.52399224154484,-4.111805419344041,-791.2439272885131,,7.373685264500001,1.0423819941414183,9.16876574307306
单连板,600345,2026-08-28,51.901849999999996,2026-08-31,50.63982867993791,-2.5465373286736166,-396.5099953566562,,9.2516240347,1.0023886426800879,8.752872362648855
单连板,600345,2026-09-08,51.85179999999999,2026-09-09,54.71715415691816,5.406941623945186,841.0789670894429,,7.611103326,1.0219003781993032,9.042553191489366
单连板,600353,2026-08-05,23.243219999999997,2026-08-06,26.158917057626066,12.432113871170529,2311.6988621813457,,7.2652024026,0.9038303016980817,8.22429906542057
单连板,600354,2026-08-19,7.0270199999999985,2026-08-20,6.672611566294322,-5.14376171372665,-1012.0688602525601,,8.3072066067,1.0175113069697324,9.218749999999986
单连板,600354,2026-09-02,9.039029999999999,2026-09-03,7.825185514950651,-13.524362398481113,-2689.43658391634,,11.2056432011,1.083207566153537,10.012062726176119
单连板,600354,2026-09-18,9.379369999999998,2026-09-21,10.30277318953104,9.73725395994056,1917.9154611592012,,12.8484405052,1.0647005717724944,8.574610244988868
单连板,600356,2026-08-11,9.06906,2026-08-12,8.84409989097246,-2.5813782808514882,-515.034839258258,,1.3776485234,1.0484401386543432,10.085054678007289
单连板,600356,2026-09-18,9.909899999999999,2026-09-21,10.254700098231254,3.3751208607671024,668.942204362318,,2.2822643945,1.0230507425742585,10.881392818280734
单连板,600358,2026-09-28,5.675669999999999,2026-09-29,5.7420659650492,1.06689803758644,211.93764147458805,,1.9463646996,0.9987598181066554,9.788867562380045
单连板,600359,2026-08-19,6.846839999999999,2026-08-20,6.6120185505857005,-3.5302464076445044,-700.9599370977842,,2.4658720393,1.0217366035104036,9.825673534072909
单连板,600362,2026-08-27,47.697649999999996,2026-08-28,48.96494009585198,2.551155035736774,486.7363999612405,,41.4984040367,0.9877046648130989,8.029359430604988
单连板,600367,2026-08-06,30.380349999999996,2026-08-07,32.598752092036314,7.191511152118755,1310.8837549816262,,7.428395714,0.9475971869505754,9.808963997060992
单连板,600367,2026-08-19,37.006969999999995,2026-08-20,36.325432298413126,-1.946751495080673,-360.216870879528,,21.0935303486,1.087954978669328,7.69664505215677
单连板,600367,2026-08-25,38.15812,2026-08-26,38.41713510988154,0.5740345430422362,109.52039488775405,,27.8107905947,1.0570386337257496,9.163802978235957
单连板,600371,2026-09-08,15.385369999999998,2026-09-09,15.515807483378621,0.7412056682989445,136.84468143451838,,12.2213103922,1.2084692637369676,5.903021784961338
单连板,600376,2026-08-13,4.344339999999999,2026-08-14,4.007590049662122,-7.84955085713097,-1568.6514174507442,,10.4338833226,1.0526315789473684,12.182741116751261
单连板,600378,2026-08-05,41.7417,2026-08-06,46.20259907292142,10.569570310730589,1764.7673321576922,,18.2695655496,0.9599709479869922,9.045490402313948
单连板,600379,2026-08-05,12.172159999999998,2026-08-06,12.817284748929923,5.193952528622452,1011.5459393727529,,3.1608106678,1.0231876672187534,5.660377358490565
单连板,600379,2026-08-13,14.774759999999999,2026-08-14,14.480559552044985,-2.0942850416444325,-402.25326520452444,,4.150513319,1.0859618717504327,10.64467766116941
单连板,600397,2026-08-05,14.014,2026-08-06,16.7726226704977,19.571754215733478,3839.8998901100454,,10.62855984,0.945730166750885,8.899297423887575
单连板,600397,2026-08-28,19.08907,2026-08-31,18.84901395101094,-1.3613022363272547,-259.85993680407506,,18.8012296175,0.9879017768017567,11.286549707602344
单连板,600403,2026-08-20,6.506499999999999,2026-08-21,6.604691834353731,1.4051339919292671,274.2751295546332,,8.2553499535,1.0385053542948295,6.230529595015577
单连板,600403,2026-08-25,7.237229999999999,2026-08-26,6.970069570758949,-3.7927665795593146,-741.1263499597694,,10.3982236923,1.0148896859037073,10.60606060606062
单连板,600403,2026-09-23,7.537529999999999,2026-09-24,7.3259199318855535,-2.909014178727798,-570.0963227072396,,7.9335076692,0.9918334013883232,10.948905109489049
单连板,600410,2026-08-05,15.865849999999998,2026-08-06,16.033569200500096,0.952045357636123,181.26010604941294,,7.907381308,1.0170043035583065,8.850174216027874
单连板,600410,2026-09-02,14.624609999999997,2026-09-03,14.661367802675361,0.14661554259355883,27.874536694799414,,20.1113681204,0.9677191566629666,6.732117812061711
单连板,600410,2026-09-14,15.705689999999997,2026-09-15,15.824218817474122,0.6492428899582271,122.36169077265632,,21.4132861153,1.021498371335503,8.591549295774659
单连板,600418,2026-09-29,25.71569,2026-09-30,27.243842548042135,5.8319077464260936,1049.8007220098443,,43.9257672404,1.0503496990152756,8.193908193908195
单连板,600438,2026-08-04,12.98297,2026-08-05,12.718727929071612,-2.1376088717672377,-416.2876778083184,,15.4913940564,1.033382081770203,7.983193277310918
单连板,600449,2026-08-03,13.012999999999998,2026-08-04,13.33997736882621,2.4081855352450896,470.0657755521652,,1.4195631685,1.0166496363527076,6.775510204081625
单连板,600459,2026-08-18,23.022999999999996,2026-08-19,22.105839862163684,-4.087930965408576,-752.9314769328131,,11.0266845979,1.0582462581191754,6.3425925925925775
单连板,600460,2026-08-24,36.286249999999995,2026-08-25,34.03841548420716,-6.2986860592918275,-1142.7784850948901,,26.9927681355,1.0359570700998921,11.390440720049666
单连板,600468,2026-08-27,6.6065999999999985,2026-08-28,6.543176187913918,-1.0619718353653889,-210.48069382574928,,2.937809268,0.9771063335270181,4.451510333863284
单连板,600470,2026-08-26,5.705699999999999,2026-08-27,6.0335120634306,5.640338125402822,1126.3727034738806,,2.0607649554,1.0016470290130493,9.409594095940953
单连板,600479,2026-09-02,13.253239999999998,2026-09-03,13.143237738365052,-0.9318816526990988,-185.25676792226702,,13.4586766093,1.0806419655240749,11.046511627906973
单连板,600479,2026-09-04,13.623609999999998,2026-09-07,13.778558642440892,1.0323437348132534,196.89947800654855,,16.3385597307,1.124684820978317,11.059190031152655
单连板,600479,2026-09-23,13.103089999999998,2026-09-24,12.687104013023983,-3.2759761826357363,-643.8811613839873,,12.54824521,0.9398280802292273,11.871393239901074
单连板,600487,2026-08-17,63.86379999999999,2026-08-18,65.77581360238695,2.8881713366827775,553.3487898349246,,191.9672761112,1.0867125128448347,8.399311531841636
单连板,600488,2026-09-11,5.65565,2026-09-14,5.621646801944818,-0.7034370458093443,-139.24378048460662,,11.1088157971,0.9924533298027272,0.0
单连板,600488,2026-09-15,6.005999999999999,2026-09-16,6.026634338146667,0.24093226113735158,47.752292292900805,,6.720270886900001,1.002495075508864,13.269230769230766
单连板,600490,2026-08-11,7.9079,2026-08-12,7.341967766147221,-7.255475112400445,-1434.3892910337868,,6.867128901599999,1.0479035527579206,0.0
单连板,600491,2026-08-13,1.3213199999999998,2026-08-14,1.5322734404684486,15.855093100700874,3163.3973939885295,,2.0172582198,1.0062965082999449,9.677419354838722
单连板,600491,2026-08-18,1.6216199999999998,2026-08-19,1.584875711313005,-2.3668800107205175,-472.0961354471065,,2.1607167762,1.0538336052202306,10.067114093959727
单连板,600491,2026-09-11,1.75175,2026-09-14,1.7912013336951857,2.148886001572425,429.1314600710125,,1.490342013,0.9852686308492212,4.216867469879526
单连板,600500,2026-08-10,5.525519999999999,2026-08-11,5.328355298625822,-3.668708023032289,-729.7747039953133,,8.1147063638,1.0053412462907996,10.199999999999987
单连板,600500,2026-09-17,6.005999999999999,2026-09-18,5.822873899077483,-3.1499522084806655,-624.314227816451,,8.684797854700001,1.0176633863234912,9.836065573770503
单连板,600503,2026-09-22,2.35235,2026-09-23,2.849001293650736,21.000204429729372,4198.98562567328,,2.0602859184,0.9919015225137681,9.954751131221728
单连板,600536,2026-08-19,34.01398,2026-08-20,35.75841050004688,5.0151542715432225,852.9267854459287,,16.6523040665,0.9925749664000704,10.593900481540942
单连板,600539,2026-08-21,15.375359999999997,2026-08-24,15.113876294518475,-1.801829964853082,-360.14919678924525,,4.323879961499999,0.9988221436984678,10.028653295128919
单连板,600540,2026-09-08,6.82682,2026-09-09,6.918228281613916,1.2357648382149267,244.65397927185035,,11.947893927,1.188438333099481,10.344827586206895
单连板,600540,2026-09-10,7.3573499999999985,2026-09-11,6.015387626201575,-18.33278964153521,-3641.780246467025,,12.9139367912,1.182125227331775,12.30529595015577
单连板,600545,2026-08-18,4.86486,2026-08-19,4.23658549919732,-13.010093453820136,-2594.983612829809,,2.9868517019,1.0588434223875556,7.760532150776056
单连板,600545,2026-09-17,4.594589999999999,2026-09-18,4.523449962659613,-1.6501695280034108,-326.01965370177516,,9.4038757936,1.008885163453479,9.76744186046512
单连板,600551,2026-08-31,7.15715,2026-09-01,8.989004125845,25.477941059459635,4923.435038050212,,1.3832467268000002,1.0033912239235427,4.602510460251041
单连板,600556,2026-08-06,5.275269999999999,2026-08-07,5.074999915553795,-3.8976922471426043,-760.7710222816065,,7.3222193028,1.0608667941363918,10.80000000000001
单连板,600572,2026-08-13,4.78478,2026-08-14,4.745133058115485,-0.9311573768156044,-182.67071093103044,,8.9926961015,1.0072320841551599,9.953703703703699
单连板,600577,2026-08-24,8.72872,2026-08-25,8.484702844965659,-2.898215262154447,-556.5496095076007,,10.2560807846,0.9994770786125159,10.783055198973045
单连板,600577,2026-09-21,8.83883,2026-09-22,8.875145181549575,0.3072240857843234,59.74103225536713,,11.5822457609,0.997704802259887,9.308176100628929
单连板,600584,2026-08-07,75.17509999999999,2026-08-10,77.63050391986546,3.14606912643461,473.0121223732688,,172.59959742529998,0.9068538603910742,13.231780167264029
单连板,600589,2026-09-03,8.538529999999998,2026-09-04,8.276750810836566,-3.1672143034446867,-621.9971499670057,,13.6496111164,0.9943197186908305,11.139564660691414
单连板,600593,2026-09-18,43.35331,2026-09-21,47.309950637647546,9.01218160671548,1562.831611888937,,4.2641596065,0.9794114552278074,9.812373225152138
单连板,600593,2026-09-22,48.12807999999999,2026-09-23,49.08593305437298,1.885256897252623,362.93517908610403,,7.355194203200001,1.0105550469017228,9.91174473862866
单连板,600594,2026-08-25,4.054049999999999,2026-08-26,4.0914498362699145,0.8197195403827391,162.83601613174352,,2.0938655711000003,1.0188749766398786,9.35828877005347
单连板,600596,2026-09-09,12.27226,2026-09-10,12.173943049431674,-0.9036508688989132,-177.437414597654,,15.615059164000002,1.0259833758753847,5.226480836236935
单连板,600598,2026-08-19,13.583569999999998,2026-08-20,13.083141834322292,-3.786775206047208,-720.1309651984933,,13.4867249666,0.9999999999999997,9.967320261437917
单连板,600601,2026-08-07,11.94193,2026-08-10,13.030786945323472,9.008944322076566,1721.346919490173,,40.241333312,0.9781510212796237,12.608277189605378
单连板,600602,2026-08-03,17.897879999999997,2026-08-04,18.31283372148798,2.2144761748269297,435.9787172390254,,7.4598019337,0.9748779902392165,5.1940298507462845
单连板,600604,2026-08-25,4.9049,2026-08-26,5.031280962146052,2.472343164088113,485.0638394214313,,1.3904086488,1.0059788440901427,0.40650406504065817
单连板,600604,2026-08-27,4.974969999999999,2026-08-28,4.929355211723134,-1.0186696429293909,-202.71403653937725,,4.8974121738,0.9983285215012915,10.869565217391308
单连板,600605,2026-08-26,26.6266,2026-08-27,26.470577688010078,-0.6913172800752595,-128.85200082756333,,2.0695156618,1.0074693583273238,8.401305057096241
单连板,600605,2026-09-24,31.081049999999998,2026-09-28,30.347370127702398,-2.4649569696950175,-459.6807049376359,,4.5292996241,0.9998960336850854,9.26374006221915
单连板,600610,2026-08-20,7.8077999999999985,2026-08-21,7.5863395089985906,-2.938184919580386,-573.5190053774934,,3.6076688421,1.0082263242375613,10.63829787234043
单连板,600610,2026-08-25,8.66866,2026-08-26,8.953952245621394,3.1872425183266104,635.4697997650945,,6.967907181599999,1.0377047591354083,12.031047865459254
单连板,600610,2026-09-04,9.008999999999999,2026-09-07,8.695697284868052,-3.5783446030933974,-709.220743643905,,6.891420775299999,1.079240885633428,10.606060606060597
单连板,600611,2026-08-06,4.69469,2026-08-07,4.597543898131422,-2.170936708016449,-428.05874385782516,,2.1827029297,1.0276223776223783,0.4282655246252709
单连板,600611,2026-08-12,5.12512,2026-08-13,4.9546903486873966,-3.4257129033961595,-684.7303989026952,,9.8236333526,1.0622009569377997,10.572687224669597
单连板,600613,2026-08-25,9.55955,2026-08-26,10.256923944211968,7.18702572297252,1374.0946350008392,,9.377387509,1.2144547214454708,6.22317596566524
单连板,600613,2026-09-22,9.25925,2026-09-23,8.881227152884273,-4.183997302433798,-813.554217473763,,8.096510855,0.9538065346853366,9.338061465721026
单连板,600616,2026-09-17,4.73473,2026-09-18,4.9185145818798555,3.7773609004556805,751.1609270010099,,2.6643346516,1.0190821636965757,10.90909090909089
单连板,600629,2026-08-06,15.515499999999998,2026-08-07,15.64058012189591,0.7000414920589766,130.3379252404926,,5.8793137064,1.072822413605146,10.425531914893615
单连板,600641,2026-09-23,44.54449999999999,2026-09-24,51.70360301762953,15.95547987987417,2842.9154940362196,,25.5204348517,1.0896740877241853,2.8934368383909836
单连板,600644,2026-09-11,10.009999999999998,2026-09-14,10.045111917009843,0.24601050986445763,46.78873887112119,,7.6372351777,1.019790270440747,10.480349344978146
单连板,600644,2026-09-17,10.130119999999998,2026-09-18,9.828110139420167,-3.083740921585055,-593.5346461067767,,4.9848781176,1.037574461585459,10.660980810234545
单连板,600645,2026-08-17,22.352329999999995,2026-08-18,22.047671686108433,-1.4702098159407757,-262.9009198011797,,9.9837616679,1.0355411954765756,0.6309148264984188
单连板,600649,2026-08-21,3.9839799999999994,2026-08-24,3.8123431473354197,-4.408179445421936,-878.1049373486043,,5.3091850698,1.0140045420136274,10.63829787234043
单连板,600653,2026-09-24,1.81181,2026-09-28,1.6841545141783174,-7.144326040423904,-1423.8577499630476,,1.3706754382,0.9938448912597457,10.000000000000009
单连板,600657,2026-09-03,3.02302,2026-09-04,3.5851489741119362,18.483343359289325,3687.7840983719216,,3.6320988881,1.0289855072463772,7.773851590105996
单连板,600665,2026-08-07,3.3333299999999997,2026-08-10,3.3039923478653748,-0.9816816276427295,-196.33612919222037,,1.0855327924,1.036445332001996,9.539473684210531
单连板,600667,2026-08-03,16.74673,2026-08-04,16.66192644605008,-0.6124151570384815,-112.81546411114152,,63.3823136465,0.9656234798118999,0.0
单连板,600667,2026-09-11,19.45944,2026-09-14,18.57095557525486,-4.666887672453696,-908.1502064885237,,37.4377850396,0.9650497137692061,9.35960591133005
单连板,600671,2026-09-01,22.6226,2026-09-02,22.257202172602497,-1.7216200901113403,-311.58018120442244,,2.4037480588,0.9789009497964735,13.505461767626613
单连板,600673,2026-08-03,28.388359999999995,2026-08-04,31.20040244743554,9.798243520589562,1947.0924510111467,,13.9986469857,0.9194867423806123,2.8281363306744023
单连板,600673,2026-08-05,31.891859999999998,2026-08-06,32.47626793739429,1.7272729012342174,330.5156732877329,,19.6374527228,0.9662379804824509,7.381429525718097
单连板,600683,2026-08-21,10.330319999999999,2026-08-24,9.955230337291345,-3.7320556505065454,-732.5132534232746,,7.959056521900001,1.114758717858401,7.902735562310048
单连板,600683,2026-08-28,11.051039999999999,2026-08-31,11.695379391002986,5.725331566603871,1138.8756268044365,,4.5822981753,0.9487519915029211,10.06979062811566
单连板,600689,2026-08-31,12.112099999999998,2026-09-01,11.626253863826443,-4.112801633441814,-797.0346346305695,,1.16423363,1.023848847195614,10.090090090090097
单连板,600693,2026-09-02,10.4104,2026-09-03,10.376171931737927,-0.4311763029470078,-85.28563789979106,,4.5246955161,0.988665951906876,7.822410147991521
单连板,600693,2026-09-04,10.56055,2026-09-07,11.343577553271858,7.306259310965194,1388.8461017954423,,15.6392814637,1.0351636667426127,10.010010010010006
单连板,600698,2026-08-11,7.307299999999999,2026-08-12,7.254821662701006,-0.8204818886684981,-161.87869723681752,,3.3514600066000004,1.0163970029319136,10.566615620214392
单连板,600698,2026-08-26,7.1471399999999985,2026-08-27,7.282424210411638,1.7880578659523465,345.04649719369155,,2.3083654276,0.9837214094374611,7.533234859675053
单连板,600698,2026-09-10,7.927919999999999,2026-09-11,7.918202042976799,-0.22497097933782173,-44.58879816279759,,8.2215528347,1.0420768191468823,11.288180610889786
单连板,600703,2026-09-04,13.813799999999999,2026-09-07,13.010715974437279,-5.914378996746314,-1143.8006801935592,,34.582143518,0.9781014138407579,6.030534351145045
单连板,600707,2026-08-19,10.360349999999999,2026-08-20,9.919893871948046,-4.3519961711851645,-856.675867110626,,35.5307994292,1.062197924094762,9.42249240121582
单连板,600712,2026-08-05,5.545539999999999,2026-08-06,5.501408338459822,-0.8974890266875677,-179.17420669405104,,1.9577949074,1.0428294284435171,10.843373493975882
单连板,600712,2026-09-22,5.895889999999999,2026-09-23,5.624732074485086,-4.700152153503584,-914.4821426505679,,4.208210185,0.9654665686994874,9.074074074074057
单连板,600714,2026-08-31,18.5185,2026-09-01,18.648688263880846,0.5966587351365735,110.49224786626638,,9.9470917469,1.037597980603161,10.776361529548083
单连板,600714,2026-09-22,19.29928,2026-09-23,19.37454498235525,0.28597425196301657,55.190971614248056,,4.456305104,0.9159146992744281,9.312890403180019
单连板,600715,2026-08-12,1.75175,2026-08-13,1.7518198831461183,-0.09808793930312704,-19.58811243486482,,1.555480644,1.0390309555854638,9.756097560975618
单连板,600719,2026-09-21,8.348339999999999,2026-09-22,8.099403669706058,-3.0844255942192986,-592.2461720006289,,3.36252647,1.020977711181869,10.209424083769637
单连板,600721,2026-08-28,16.34633,2026-08-31,13.887596449988877,-15.136810653118763,-2969.1756250007375,,27.4671303445,1.0378919415790009,2.836004932182501
单连板,600721,2026-09-18,11.711699999999999,2026-09-21,12.669710511466693,8.073546019490509,1607.4341315799388,,10.4518607548,0.9425549813724311,8.899082568807337
单连板,600721,2026-09-22,13.393379999999999,2026-09-23,13.649839554637685,1.8085154421211238,339.1098837307471,,14.1541547973,0.9801131180441527,9.492089925062452
单连板,600722,2026-08-11,12.452439999999998,2026-08-12,11.944627120007151,-4.17813026382018,-832.4466627584792,,14.9612795158,1.0359883567081238,10.017574692442865
单连板,600722,2026-08-19,12.612599999999999,2026-08-20,12.632864053850339,0.05572602410454463,10.542750774314692,,15.9803087224,1.0525860470864485,8.771929824561386
单连板,600730,2026-08-28,10.510499999999999,2026-08-31,10.181185263161812,-3.23367493665511,-645.7632680125571,,1.4246004576,0.9743840301528569,9.619450317124723
单连板,600735,2026-09-11,6.44644,2026-09-14,6.668822456913352,3.345894580709868,668.642368487011,,0.9002281886,0.9973952166706138,10.71428571428572
单连板,600737,2026-08-19,15.375359999999997,2026-08-20,15.26204680067392,-0.8386334010177977,-167.62577583274907,,16.108151179300002,1.032982609169711,10.395314787701327
单连板,600744,2026-08-10,7.887879999999999,2026-08-11,7.571657936056044,-4.109627533524132,-810.4062207283582,,14.9102316748,0.9796511627906976,10.05586592178771
单连板,600758,2026-08-07,3.5935899999999994,2026-08-10,3.524875267092158,-2.0137672080632534,-398.0159535673214,,3.5576241799,1.0173837461973037,10.210210210210203
单连板,600759,2026-08-12,2.5325299999999995,2026-08-13,2.5207862208759977,-0.566104120334216,-111.82670209386093,,7.6228071746,0.9922388059701532,8.936170212765958
单连板,600769,2026-08-17,16.666649999999997,2026-08-18,16.47841238273662,-1.2308508753223044,-246.16992889428576,,3.11436782,1.0609169764560111,9.70099667774087
单连板,600769,2026-09-09,16.696679999999997,2026-09-10,16.010005879885536,-4.216988640880183,-774.5068089045247,,2.9337453356,1.0157805748637994,7.4332909783989765
单连板,600778,2026-09-10,6.666659999999999,2026-09-11,6.034479789238534,-9.579876510686162,-1915.9733861619304,,2.8522395001,1.0329833230389116,10.666666666666668
单连板,600783,2026-08-20,19.399379999999997,2026-08-21,17.424311235219793,-10.279447886015774,-1994.1491573101664,,8.9687631274,1.024190989847716,0.0
单连板,600785,2026-09-08,12.57256,2026-09-09,11.837923762598859,-5.945216970821646,-1121.1989561801008,,9.0551106705,1.075743170437979,12.567324955116677
单连板,600785,2026-09-22,11.33132,2026-09-23,10.850289750639227,-4.346886005114802,-837.3512575671167,,3.1013144385,0.9280266615394466,8.198284080076256
单连板,600791,2026-09-08,7.987979999999999,2026-09-09,7.702828653878791,-3.670010046778856,-732.8991713367141,,1.848448135,1.0002874940105417,11.09570041608876
单连板,600792,2026-09-18,5.075069999999999,2026-09-21,5.368347551167216,5.6733176222597725,1122.906878542874,,7.7330736985,1.1012269938650299,9.876543209876543
单连板,600792,2026-09-28,5.615609999999999,2026-09-29,5.263436978825723,-6.371002847252926,-1252.1973554671702,,10.2059846767,1.0465051517683088,11.764705882352944
单连板,600793,2026-09-17,16.25624,2026-09-18,17.060389826068146,4.840929584722666,944.3437578282238,,1.1311513269,1.012203610041298,10.020174848688645
单连板,600802,2026-09-07,5.045039999999999,2026-09-08,5.153878425644081,2.05341076944682,404.0220392633094,,1.2619210858,1.0261289835372303,9.224318658280929
单连板,600802,2026-09-15,5.65565,2026-09-16,5.959333843723232,5.2643088611528395,1042.0580943702669,,2.2480776329,1.0604742528413074,9.532710280373834
单连板,600802,2026-09-24,5.805799999999999,2026-09-28,7.04583629944844,21.245025465312857,4193.708540781455,,2.1377548696,1.0332565873624966,10.45871559633027
单连板,600815,2026-08-11,3.5435399999999997,2026-08-12,3.64482779351646,2.7545274402448636,546.6035772738958,,4.7783126681,1.0798319327731094,10.397553516819569
单连板,600815,2026-08-17,3.9639599999999997,2026-08-18,4.040445368309417,1.826080524818083,361.92550785789433,,4.2987426119,1.063920152898705,9.641873278236911
单连板,600815,2026-08-31,4.314309999999999,2026-09-01,4.568536684112266,5.787244640739599,1148.5265015955056,,7.7632112304,1.0197152245345018,10.396039603960405
单连板,600815,2026-09-23,4.2042,2026-09-24,4.503538934443738,7.013758337203358,1385.9004116597068,,4.2877936047,0.9744456971063511,10.554089709762549
单连板,600815,2026-09-28,4.36436,2026-09-29,3.813578393696368,-12.716466952924113,-2497.465786979875,,13.3580932999,1.0306179254035996,12.04819277108433
单连板,600824,2026-08-18,3.9139099999999996,2026-08-19,3.63072813937449,-7.333675413852547,-1463.8706224906127,,1.3083882508,1.0128205128205128,9.887005649717517
单连板,600829,2026-08-07,10.3103,2026-08-10,10.542342553260248,2.1463943596534314,420.4694255603607,,2.777522,1.0260775361758105,10.223642172523961
单连板,600829,2026-08-26,10.17016,2026-08-27,10.501625198606671,3.153780375732974,609.4145694952248,,4.1605267397,0.9877540034988568,10.217391304347846
单连板,600833,2026-08-11,10.900889999999999,2026-08-12,12.305714927906141,12.777713093493787,2507.1920079072383,,1.4436480436,1.029956786054347,9.226190476190466
单连板,600838,2026-09-21,8.768759999999999,2026-09-22,8.59022749929239,-2.1388047897046243,-412.602649530947,,1.8615667736,0.9658578118348221,9.98719590268886
单连板,600843,2026-09-24,7.207199999999999,2026-09-28,7.908778898728455,9.62606346134977,1873.1780436232814,,1.9308861591,0.9872547036212826,4.965517241379325
单连板,600847,2026-09-21,13.803789999999998,2026-09-22,13.421665575832945,-2.8705911105108433,-554.7505161150185,,1.3533303967,0.9831942251297093,10.301109350237713
单连板,600857,2026-08-13,19.73972,2026-08-14,20.361688120797364,3.0465794988771866,601.3862626557597,,1.8882947461,1.0604015450570912,9.307479224376735
单连板,600857,2026-09-22,23.753729999999997,2026-09-23,23.273613410502502,-2.124818584857407,-403.77893570947936,,1.8512075341,0.9995047052996531,10.009398496240607
单连板,600860,2026-08-18,9.349339999999998,2026-08-19,8.496015734617098,-9.225385231144216,-1811.2765262958626,,2.4587067923,1.0316719028615104,10.035005834305721
单连板,600863,2026-08-12,5.185179999999999,2026-08-13,5.042214879033299,-2.8585329979359595,-563.236308949028,,11.0249306884,1.0007377895824103,9.97876857749469
单连板,600865,2026-09-04,10.07006,2026-09-07,12.471926105019165,23.73512733996487,4541.2689720006465,,2.46986051,1.0367676128726182,10.021321961620465
单连板,600869,2026-09-03,19.65964,2026-09-04,21.19561124259163,7.705964526603292,1514.9648844579115,,34.3184685799,1.0437546437711553,9.859154929577475
单连板,600869,2026-09-10,24.224199999999996,2026-09-11,24.125243584211653,-0.5118952618302824,-99.202025613033,,73.7114699634,1.0949931539799438,11.643528884908205
单连板,600881,2026-08-12,1.9018999999999997,2026-08-13,2.2218327113886787,16.711087688810647,3337.195855911641,,3.0669722375,1.0020366598778008,10.000000000000009
单连板,600881,2026-09-09,2.0720699999999996,2026-09-10,1.9536150046434198,-5.816103045534886,-1156.931773205901,,5.1627259993,0.9878810135879545,10.106382978723394
单连板,600881,2026-09-21,1.8818799999999998,2026-09-22,1.9025616869132687,0.9962997335923676,198.74115352119725,,2.9412028927,0.9738537324744221,10.919540229885062
单连板,600894,2026-09-22,8.008,2026-09-23,7.776902948773118,-2.988386843124651,-574.3440441538129,,1.4401915686000002,0.9924359968968184,5.74098798397864
单连板,600903,2026-09-03,7.007,2026-09-04,6.789553398287246,-3.2046635153034018,-628.7421630484662,,5.1513981948000005,1.0178490736556711,5.365126676602094
单连板,600929,2026-09-18,5.92592,2026-09-21,6.347229562473909,7.002843662532459,1369.4436134502535,,5.6898245392,0.991051187209163,10.408921933085512
单连板,600936,2026-08-11,6.036029999999999,2026-08-12,6.169159635540028,2.1022543094649984,418.7459126254804,,6.8934952402,1.0666144200626957,10.000000000000009
单连板,600936,2026-08-26,5.004999999999999,2026-08-27,4.997205142583165,-0.2588927992737992,-50.534579954249224,,4.7740136045,0.907355864811133,9.935205183585305
单连板,600962,2026-08-04,27.27725,2026-08-05,28.635596872709105,4.872867431718025,930.4289620628136,,3.0738596260000004,1.036765163297046,7.769726247987108
单连板,600967,2026-09-14,14.984969999999999,2026-09-15,13.639500345245617,-9.077548752668605,-1768.348344519594,,25.6364498273,1.0915607324858596,10.228108903605593
单连板,600969,2026-08-27,9.489479999999999,2026-08-28,10.171164126358699,7.077732742914826,1410.4440694939426,,1.516580545,1.0072119324700852,10.33681765389083
单连板,600969,2026-09-04,10.430419999999998,2026-09-07,10.239074047370874,-1.9360231178420464,-383.67715072723865,,2.0179217276,1.0724924012158041,8.080808080808065
单连板,600975,2026-09-07,5.705699999999999,2026-09-08,5.8305611152737455,2.0851662240884328,416.40665236734793,,3.1502945346,1.0255187885586072,9.607843137254912
单连板,600985,2026-08-07,16.40639,2026-08-10,16.836886152345993,2.519822722579223,496.0943318099584,,6.688699505800001,1.006979156842402,10.000000000000009
单连板,600992,2026-09-22,10.460449999999998,2026-09-23,10.238791795987801,-2.2202462630468864,-441.27072542348714,,1.5985513080000002,0.98493327593629,8.29918032786885
单连板,601003,2026-08-31,4.014009999999999,2026-09-01,3.9094838555472684,-2.7055472618550995,-532.1445944633903,,1.5653393922,0.9957708573625551,10.354223433242504
单连板,601015,2026-08-20,3.6336299999999997,2026-08-21,3.526023172665698,-3.0619412893041518,-611.9278949879833,,5.6557825684,1.0123663802137919,9.117647058823541
单连板,601026,2026-09-21,15.735719999999999,2026-09-22,15.336508933374343,-2.6406378399908546,-498.6280520580106,,1.7729189006,0.9875591549982938,10.152990264255912
单连板,601038,2026-08-27,14.134119999999998,2026-08-28,14.181331032779454,0.23131511271930125,45.77209785383381,,2.8992106587,1.0025283060349568,7.703927492447127
单连板,601083,2026-08-25,13.123109999999999,2026-08-26,13.057385426640687,-0.6033763162357397,-118.77260654034595,,5.6398747413,1.0183131929737133,9.432387312186963
单连板,601086,2026-09-08,14.034019999999998,2026-09-09,14.482996231464087,3.0946707076317757,608.0293884604588,,8.087329667999999,1.1885258475226246,7.656612529002316
单连板,601086,2026-09-15,17.86785,2026-09-16,14.577524002854691,-18.508271123709207,-3637.7331341754434,,18.5225293615,1.2320316591980434,9.896151496640183
单连板,601116,2026-08-19,11.841829999999998,2026-08-20,10.494769724681678,-11.474417604187087,-2174.049641884652,,2.7859685014,1.0218060200668877,9.183673469387754
单连板,601118,2026-08-21,6.026019999999999,2026-08-24,6.2698120435841185,3.9413058073419602,783.7627914982403,,11.6276561122,1.0219321148825078,11.711711711711725
单连板,601126,2026-08-05,41.23118999999999,2026-08-06,43.95537866560294,6.491103241462335,1070.5436442333973,,8.4620110126,0.9547580826126723,6.913389874068376
单连板,601133,2026-09-21,26.206179999999996,2026-09-22,25.351071371794294,-3.3678523565473175,-617.8098154837222,,3.94136075,0.9963239725201878,7.14285714285714
单连板,601136,2026-09-01,15.875859999999998,2026-09-02,15.19880174281814,-4.367018467056437,-831.962085604831,,6.399146223,1.0049781264142394,9.986130374479885
单连板,601138,2026-08-06,65.61554999999998,2026-08-07,68.3243727682886,4.0234179997629465,791.9963548030366,,185.5311480172,0.9876386842201402,11.728813559322028
单连板,601155,2026-08-13,12.011999999999999,2026-08-14,11.239658061200942,-6.5305051982206885,-1255.1108550564304,,5.4558927642,0.9978354978354966,9.147982062780269
单连板,601177,2026-08-24,13.803789999999998,2026-08-25,13.639814100778649,-1.2910447018942217,-249.4983392378461,,1.286939796,0.9973098030775831,0.5043227665705974
单连板,601199,2026-09-14,6.506499999999999,2026-09-15,6.755170473312516,3.7166977336170754,725.4808141133849,,2.09945727,0.9826548672566375,10.787671232876717
单连板,601208,2026-08-05,35.66563,2026-08-06,41.1095412213366,15.147885230160579,2701.2943495068603,,19.8144589879,0.919148628365793,8.318154219793561
单连板,601208,2026-08-28,49.94989999999999,2026-08-31,51.48512455369567,2.969911133302159,593.3870564693179,,37.7517293382,0.9741309248156041,7.010264249836218
单连板,601208,2026-09-17,54.2542,2026-09-18,51.491360066260775,-5.203240307121564,-846.8929208119041,,43.9932675478,1.002475573849737,6.253675749852983
单连板,601212,2026-08-27,7.007,2026-08-28,7.313846447734021,4.273938739464086,838.5296849278957,,40.3196882378,1.0411388587284376,10.365853658536594
单连板,601218,2026-09-18,5.4054,2026-09-21,5.469392472730529,1.0812581097926912,216.25140570691627,,14.4141242967,1.047504509921826,12.770137524557956
单连板,601218,2026-09-28,5.5055,2026-09-29,6.175157782251945,12.054774661796728,2389.2322284187876,,7.8850426948,1.0678182075605245,11.561866125760645
单连板,601222,2026-08-31,5.92592,2026-09-01,5.974046707098236,0.7085883887618083,138.56825745613537,,5.933540385900001,1.0014089919303182,4.459691252144071
单连板,601231,2026-08-06,25.98596,2026-08-07,27.627688595108722,6.207555541682915,1129.1650300276538,,6.678993263,0.9725051834490233,12.918660287081352
单连板,601231,2026-09-11,27.747719999999997,2026-09-14,25.798505075487014,-7.1246767431241045,-1383.854747511037,,10.2515954772,0.9824513523102547,11.190760653126253
单连板,601233,2026-08-28,26.406379999999995,2026-08-31,27.320389694568345,3.353456693944443,619.8685624168844,,16.833736978599998,1.0161189030772466,10.122829309614566
单连板,601330,2026-09-01,7.827819999999999,2026-09-02,7.833612809094346,-0.029134696994720176,-5.701529095730262,,2.1485425934,1.0052156469408233,4.411764705882337
单连板,601366,2026-08-18,3.9239199999999994,2026-08-19,3.6612172196250508,-6.794461669885152,-1333.0462017847872,,1.049897247,1.0102265891317415,8.757062146892647
单连板,601567,2026-09-15,14.39438,2026-09-16,14.264057714117154,-1.0103471411019562,-189.0631688521573,,4.8069224372,0.9689651628815116,10.015527950310554
单连板,601567,2026-09-28,16.016,2026-09-29,13.841853549710383,-13.671948607225904,-2627.6391467199605,,2.0813611,1.0390475229542917,0.0
单连板,601579,2026-09-07,24.514489999999995,2026-09-08,23.559914420728997,-3.9949282262269037,-783.4690244204572,,3.9943831863,1.0406457807332594,6.977777777777772
单连板,601579,2026-09-16,25.935909999999996,2026-09-17,29.28260282369862,12.790041386143086,2322.049536010976,,5.0652583097,1.0719269313713047,7.8308207705192645
单连板,601579,2026-09-29,41.47143,2026-09-30,38.53255507876339,-7.195173252108211,-1193.5764954507122,,22.2360741371,1.1858485921271649,3.410776075135935
单连板,601595,2026-09-08,20.840819999999997,2026-09-09,21.94261469368381,5.178704297042648,971.3559967910311,,4.0757174446,1.0613952343846125,9.734042553191479
单连板,601606,2026-09-03,36.29626,2026-09-04,34.90788412433789,-3.9302723177691457,-713.2709295827575,,21.4011493347,1.0066745016298195,10.835351089588375
单连板,601666,2026-08-07,8.92892,2026-08-10,9.323507279810242,4.314044110061291,847.4346041745862,,5.3605735896,1.018669048682447,10.123456790123452
单连板,601678,2026-08-07,7.267259999999999,2026-08-10,7.322627323141631,0.6585206378074454,129.21229863843845,,25.0753511722,1.0251097849341293,11.349693251533743
单连板,601699,2026-08-07,16.016,2026-08-10,16.2862211343512,1.5823031233725775,304.1060018872224,,10.4538385229,0.9941920374707258,9.72972972972972
单连板,601700,2026-08-11,6.6065999999999985,2026-08-12,7.243758573416851,9.536900330140718,1890.1945716332293,,18.8002283886,1.1255838090295793,12.380952380952381
单连板,601700,2026-08-13,7.467459999999999,2026-08-14,6.476403825349935,-13.368400621458253,-2595.5279195225808,,11.8677683527,1.159279103750608,9.840810419681612
单连板,601700,2026-08-21,7.537529999999999,2026-08-24,7.368400469095094,-2.3457146345062254,-459.70325515477236,,6.128449,1.049324536600691,8.695652173913038
单连板,601700,2026-08-25,7.507499999999999,2026-08-26,7.5524121332517735,0.49469429527355124,96.56185296592083,,12.2149132146,1.0136487716105549,12.063953488372103
单连板,601700,2026-08-31,8.3083,2026-09-01,8.28476942681443,-0.3852238756413706,-76.81333262378878,,16.2273943185,1.0381812882541528,12.483221476510064
单连板,601702,2026-08-19,16.6166,2026-08-20,16.515928715054972,-0.7076893463346112,-141.1126895076444,,4.0983081636000005,0.9954610059144485,9.940750493745876
单连板,601858,2026-08-04,22.022,2026-08-05,24.825474734950625,12.621389572812145,2501.5341705522214,,6.0528385872,1.0414593698175785,13.39239187076602
单连板,601865,2026-08-04,11.3113,2026-08-05,10.91630375608964,-3.5942732026127957,-691.15034210414,,3.2384347946,1.030109759715219,8.725490196078445
单连板,601865,2026-08-10,11.48147,2026-08-11,11.050965139974002,-3.8508833789450367,-751.6346338105532,,5.611538024500001,1.0610269360269367,8.79629629629628
单连板,601872,2026-09-18,21.63161,2026-09-21,22.523967885826643,4.019780474008927,782.5889114943861,,35.2373743057,1.0456727272727286,8.70646766169154
单连板,601877,2026-08-21,26.746719999999996,2026-08-24,26.242265840260895,-1.9904904107993404,-372.6736277623445,,10.3472876081,0.9898328061455,4.752396166134187
单连板,601882,2026-09-01,22.222199999999997,2026-09-02,22.530266792656867,1.2835948892616662,256.71872113335536,,2.2385625696,0.985050702163988,5.083932853717021
单连板,601886,2026-08-11,8.948939999999999,2026-08-12,10.164714912242967,13.475964345411517,2653.1031201229926,,0.9906457068,1.0062526766595281,9.43627450980391
单连板,601886,2026-08-13,10.26025,2026-08-14,11.255647770971647,9.593251920895835,1870.154097406058,,2.9503249866,1.02179700499168,3.106212424849697
单连板,601890,2026-09-10,10.20019,2026-09-11,10.146609958477304,-0.6286154708515578,-121.82794755288165,,13.3561109729,1.028727770177838,10.706401766004392
单连板,601929,2026-09-01,2.5525499999999997,2026-09-02,2.5546896415433227,-0.018445356835917335,-3.672450256138621,,5.1646195499,0.9924585218702868,10.775862068965525
单连板,601949,2026-09-23,6.516509999999999,2026-09-24,5.856765920469632,-10.222182250670075,-1998.3885857494215,,5.682279318200001,0.9793483249196886,9.784411276948578
单连板,601952,2026-08-19,9.049039999999998,2026-08-20,8.757335482521558,-3.3241835987019734,-661.7747477439582,,5.5797253831,1.01010793215693,11.13744075829386
单连板,601952,2026-09-09,10.360349999999999,2026-09-10,10.280692943803558,-0.8712733738967915,-171.50724488578084,,6.0061572924,1.0325372903624697,8.393039918116685
单连板,601991,2026-08-14,6.82682,2026-08-17,6.288371491184638,-7.985740393593717,-1580.9991547800103,,59.666659464,1.0261293694112186,10.731707317073159
单连板,601999,2026-08-14,6.456449999999999,2026-08-17,6.172348473651001,-4.501658371146585,-871.9419657116811,,2.0401978144,1.0231831831831832,9.88467874794068
单连板,601999,2026-09-09,7.647639999999999,2026-09-10,7.504473430742955,-1.9733732360947598,-392.38285047748093,,6.0627925647000005,1.061703996486605,10.468319559228645
单连板,603001,2026-09-21,10.600589999999999,2026-09-22,11.646188087812721,9.754145480887223,1861.1945467782891,,2.5880866045,1.00491611392899,11.075612353567621
单连板,603004,2026-08-06,20.540519999999997,2026-08-07,20.692384371746186,0.6328697589227861,116.99526546493799,,0.9536531,1.0153321976149896,9.951060358890684
单连板,603007,2026-08-31,5.15515,2026-09-01,5.129490289013538,-0.6005427869456198,-117.64374962866304,,4.1391851332,0.9970326409495529,7.831325301204806
单连板,603009,2026-08-03,39.86982999999999,2026-08-04,39.8383014486083,-0.1812016339936418,-36.122391715243594,,4.5470236005,0.941814440899026,5.762987012987031
单连板,603009,2026-09-18,48.20815999999999,2026-09-21,49.36428818063076,2.2931186588715384,442.1881248234581,,5.6548398649000005,0.980383049220432,10.214053047929262
单连板,603010,2026-08-18,12.57256,2026-08-19,11.895199075956295,-5.489891222146557,-1035.3298017586637,,1.62157022,1.0554523746351818,10.526315789473673
单连板,603011,2026-08-18,26.696669999999997,2026-08-19,23.754607075456047,-11.120227560733783,-2078.111318596703,,20.179075243,1.1364647302904574,6.506986027944106
单连板,603011,2026-08-28,25.20518,2026-08-31,26.654527161732528,5.638585349496929,994.850910756031,,12.4214216347,0.9695497630331763,12.684894666069034
单连板,603012,2026-08-12,8.89889,2026-08-13,9.122979323858228,2.4138084745131794,472.56475410673295,,5.101553896,1.0266958424507662,8.078335373317014
单连板,603016,2026-08-21,31.030999999999995,2026-08-24,29.04910683613838,-6.489269391945843,-1208.2111110088285,,1.571915775,1.0069469835466185,8.48656294200849
单连板,603016,2026-08-31,31.831799999999998,2026-09-01,32.74277823986096,2.7560315102883615,526.3766629751824,,1.18415842,1.006635667925991,9.996528982992036
单连板,603020,2026-08-11,11.021009999999999,2026-08-12,10.656258523787985,-3.4103220459350094,-676.5334806864636,,1.244530175,1.037803244530436,9.226190476190466
单连板,603023,2026-09-17,4.104099999999999,2026-09-18,4.136031834916827,0.674888144725686,132.950804868897,,0.8447947526,0.9779586300440853,10.362694300518127
单连板,603025,2026-08-17,14.874859999999998,2026-08-18,14.449631115768312,-2.960964018438063,-572.5710281109468,,3.1516143026,1.0147313237221498,3.2653061224489743
单连板,603029,2026-08-31,18.29828,2026-09-01,17.246839701923662,-5.849834897729831,-1070.4191691243182,,2.236419874,1.0208361100004446,10.989678202792973
单连板,603032,2026-08-25,20.2202,2026-08-26,19.918210540976162,-1.5996926811349375,-291.11495355976194,,1.7161665494,0.9925153602681083,8.128342245989305
单连板,603036,2026-08-04,12.8128,2026-08-05,12.633969874834492,-1.499034125783133,-288.1023667025119,,1.1057726448,1.0006650946248274,9.396551724137936
单连板,603038,2026-08-11,15.075059999999999,2026-08-12,16.16085825154641,7.095913087880364,1390.6271022095627,,1.1706126562,1.058205244122966,9.84682713347922
单连板,603039,2026-08-07,47.95790999999999,2026-08-10,45.07486323585668,-6.112681981957923,-1172.6058093974386,,18.8585589046,1.147590611263166,12.540192926045023
单连板,603039,2026-09-23,39.7397,2026-09-24,36.45033866037336,-8.375373768154839,-1664.174204671714,,14.3968824214,0.9826845663437268,7.880434782608714
单连板,603042,2026-09-22,18.878859999999996,2026-09-23,17.083763813248932,-9.608618819652353,-1813.9976948958201,,7.016833211000001,1.0383562833934241,10.318840579710153
单连板,603042,2026-09-28,17.837819999999997,2026-09-29,16.649854441792368,-6.759381310405938,-1326.2988983902374,,10.4245917704,1.0350010379904515,10.436320754716988
单连板,603045,2026-08-06,54.31425999999999,2026-08-07,55.408884478691476,1.9009546879107184,309.7468415022048,,3.3012648788,0.9564124293785309,9.956887702730445
单连板,603045,2026-08-31,60.059999999999995,2026-09-01,57.14441866019497,-4.959472072352752,-893.5976779965189,,3.8034074366,1.0113001621663362,9.994693083318595
单连板,603052,2026-08-24,61.52146,2026-08-25,55.7792318289668,-9.435120894724049,-1741.3872381597891,,2.7175877448000003,1.039240311667009,11.725140883475738
单连板,603052,2026-09-17,61.00093999999999,2026-09-18,59.984653711778094,-1.7718117201935626,-324.2465413044729,,2.7751189812,0.9838689445824246,9.288824383164007
单连板,603058,2026-08-05,9.8098,2026-08-06,9.954763379358166,1.3740173299628369,269.5767040693887,,1.3705968025,1.0551752577319582,9.364548494983271
单连板,603065,2026-08-11,17.3173,2026-08-12,16.953646426140224,-2.2033689756949104,-419.72041719081614,,7.5807908664,1.0243902439024382,6.992163954189268
单连板,603065,2026-08-19,16.986969999999996,2026-08-20,15.862571029789262,-6.721326170746375,-1255.9246262495187,,11.20376742,1.0762931622765106,8.443113772455103
单连板,603065,2026-09-28,16.43642,2026-09-29,14.86738127729204,-9.643941835829887,-1902.1425416312527,,7.0482605372,1.0276154806491873,7.748344370860938
单连板,603067,2026-08-03,30.850819999999995,2026-08-04,32.59055921455068,5.530299857457904,1023.6857126907566,,6.5219066063,0.9372638278125234,3.8000000000000034
单连板,603067,2026-08-18,36.55652,2026-08-19,34.78611927175703,-4.947153652129805,-904.2536071357813,,14.2247120157,1.0399913438649668,8.047337278106536
单连板,603067,2026-09-24,40.03999999999999,2026-09-28,40.27215808651972,0.46508213260639514,74.48755435824023,,17.6110465802,0.9927471241957521,9.807162534435276
单连板,603071,2026-08-19,13.163149999999998,2026-08-20,12.45895837123064,-5.4496377820305515,-1076.0159935580318,,1.3950772936000002,1.0084301125980082,4.100946372239744
单连板,603075,2026-09-09,20.900879999999997,2026-09-10,19.990328733608234,-4.459460338306403,-838.8598085613138,,1.2083922575,1.0076229055422559,9.811122770199376
单连板,603076,2026-08-13,22.50248,2026-08-14,21.695792883036027,-3.6906020853449046,-664.381596907456,,0.9216281976,1.0356811532148724,9.809523809523801
单连板,603077,2026-09-09,2.5325299999999995,2026-09-10,2.4764557475088127,-2.315653575849745,-457.4280477348468,,14.5819490568,0.9946043165467624,9.523809523809511
单连板,603078,2026-08-06,31.481449999999995,2026-08-07,35.459688671413005,12.525384786990198,2365.903649414355,,3.2500099769,0.9357137946050005,8.642407277816666
单连板,603079,2026-08-24,13.773759999999998,2026-08-25,13.399971477822998,-2.8162469969967936,-543.0643433229636,,1.6081178928,1.0694850460984928,7.840122982321285
单连板,603079,2026-08-26,13.793779999999998,2026-08-27,13.80941308273709,0.00949331598763466,1.833281970854813,,2.1308452222,1.057942278034809,7.841614906832306
单连板,603082,2026-08-18,45.044999999999995,2026-08-19,40.81031847119296,-9.503707939232637,-1712.3780964909363,,2.1137243626,1.055500313040918,8.127294981640155
单连板,603082,2026-08-31,43.81377,2026-09-01,44.88711405297309,2.3394779474719516,410.0053948424326,,3.0403412756,1.0027764447796002,10.667328206400395
单连板,603083,2026-08-05,133.95381999999998,2026-08-06,149.77775353282073,11.680299479566168,1564.6207340319,,37.2777232712,0.9166554172628858,3.741187966776005
单连板,603083,2026-08-27,193.11291999999997,2026-08-28,196.56428221401146,1.6825302527051798,324.9183300882351,,49.9573038949,1.0385577038698686,8.133998412878363
单连板,603087,2026-08-12,75.67559999999999,2026-08-13,76.27901258230085,0.6788892719501245,102.75070597677765,,12.2702798387,1.0256011760999693,0.0
单连板,603089,2026-08-25,10.540529999999999,2026-08-26,10.532119321656927,-0.1844596054721374,-34.99743609481011,,1.1110228786,1.0822029501148909,10.261780104712038
单连板,603090,2026-09-01,42.2422,2026-09-02,40.09717476812503,-5.1865130438440925,-876.3588852026836,,1.93333774,0.9947996104301793,11.30779392338177
单连板,603090,2026-09-04,45.18514,2026-09-07,42.52993858663757,-5.980602325104257,-1080.9374133766455,,6.34840701,1.0251087926294111,8.994839026787925
单连板,603093,2026-08-28,13.533519999999998,2026-08-31,13.09990867973294,-3.3071253157831806,-626.5986524512117,,7.5956649663,0.9830124575311433,11.184210526315773
单连板,603093,2026-09-22,13.873859999999999,2026-09-23,13.612045337037252,-1.9896294313730478,-386.4537625584898,,3.6025563194,0.9722161212387431,9.984276729559749
单连板,603095,2026-08-13,14.464449999999998,2026-08-14,14.496466274749697,0.11605090243507245,21.821962184450783,,0.9768629606,1.0476082649306528,9.96955859969557
单连板,603095,2026-08-24,14.714699999999997,2026-08-25,16.01265420039758,8.71202465604513,1666.5327796819945,,1.1683852609,1.057403351500025,9.70524802300503
单连板,603102,2026-08-10,35.40536999999999,2026-08-11,38.38313343158524,8.297707324722628,1468.9169899175736,,0.7762831967,1.0429371775282896,10.296318467524701
单连板,603105,2026-08-25,7.757749999999999,2026-08-26,7.880111402167174,1.4729137681939923,285.66241963017353,,2.4926483067,0.99175687754494,9.787234042553195
单连板,603106,2026-08-07,9.3093,2026-08-10,8.530038046512884,-8.46967302216862,-1655.7812683707612,,11.6396419158,1.1231295843520788,11.804008908685958
单连板,603106,2026-08-12,9.17917,2026-08-13,9.117564441413359,-0.7746802043503397,-149.32934711869663,,5.3671383778,1.1502816645466112,6.742857142857139
单连板,603106,2026-08-27,8.008,2026-08-28,8.029603739728573,0.16560808135171912,31.828548371149598,,4.1527521112,0.9193786340362761,11.86903137789903
单连板,603110,2026-08-18,28.248219999999996,2026-08-19,26.678973720931552,-5.654943044736393,-1118.194526506284,,4.3645303114,1.0760391628070598,10.079365079365065
单连板,603112,2026-08-19,16.576559999999997,2026-08-20,16.135385971178028,-2.762347402601047,-549.4826095207248,,3.2039221559,1.0237137312443783,10.013262599469485
单连板,603113,2026-08-20,5.11511,2026-08-21,5.1285743459194135,0.1609646584118888,32.11072542168023,,1.8729464288,1.0188796038378207,9.808102345415781
单连板,603113,2026-08-26,5.305299999999999,2026-08-27,5.300690906163114,-0.1897762973202563,-37.25234703640675,,1.885853348,1.0502364066193846,12.295081967213118
单连板,603113,2026-09-01,5.92592,2026-09-02,5.784194829116261,-2.493531341578872,-487.62341917373925,,3.8299306948,1.053895559899469,10.163339382940118
单连板,603115,2026-08-03,67.93787,2026-08-04,67.58175083983538,-0.6495129031760078,-88.25304635858842,,2.3363235475,0.9446300951254382,0.9180996793937579
单连板,603115,2026-08-17,81.08099999999999,2026-08-18,84.91416128931664,4.611492528532084,747.8088514118197,,13.706451359,1.0666318214375596,8.32910750507101
单连板,603118,2026-08-27,17.87786,2026-08-28,18.013719928973934,0.6566962942950189,129.14356853117658,,21.7155346489,1.041424699961285,6.428571428571428
单连板,603118,2026-09-21,18.36835,2026-09-22,18.346154981417,-0.2272127933293857,-41.73524112351822,,16.245793103900002,0.9789569990850863,7.903981264637006
单连板,603119,2026-09-08,52.27221999999999,2026-09-09,53.69879440855312,2.6119647642121038,409.59959036142953,,6.4101931812,0.9990440725363465,8.989238235914755
单连板,603120,2026-08-03,44.47443,2026-08-04,44.94933584122251,0.9590610506834695,170.61477425739366,,1.0723752795,0.9388107126645484,4.023255813953486
单连板,603121,2026-08-27,14.084069999999999,2026-08-28,13.993302405417303,-0.7468570992072275,-147.26302731324148,,1.5164023826,1.003880835521058,9.587955625990507
单连板,603122,2026-08-07,12.4124,2026-08-10,12.768633770609211,2.7661664415117104,549.3562294179193,,3.122199665,1.0445920953489949,9.646017699115038
单连板,603122,2026-09-17,13.043029999999998,2026-09-18,13.174516292502256,0.9044692239948318,176.95528833961964,,4.18341861,1.0014091652105286,9.696458684654296
单连板,603122,2026-09-21,13.673659999999998,2026-09-22,13.866192005691044,1.3030940803361089,249.4529156354009,,6.674369525,0.9843095650231719,10.534846029173428
单连板,603122,2026-09-28,13.903889999999999,2026-09-29,14.252626017975912,2.4035380218333584,467.8593957294406,,10.6756195788,1.0316199124371648,8.819241982507275
单连板,603123,2026-08-07,9.819809999999999,2026-08-10,9.734663045588416,-0.9695689699172844,-190.41966132966894,,4.1985770702,1.0303994906891607,10.175054704595187
单连板,603123,2026-09-02,10.290279999999997,2026-09-03,10.327038217560505,0.25388393099909623,49.63819801214621,,5.4673482277,1.042830259691379,8.977035490605424
单连板,603124,2026-08-05,109.87976999999998,2026-08-06,125.72971834199738,14.274445048386058,1568.4727387942987,,4.5870497245,0.9660530929125981,6.981260316535587
单连板,603124,2026-08-10,141.79165,2026-08-11,137.25426224318159,-3.320932753841603,-470.8805347062448,,13.3819784869,0.9837228612596782,9.984472049689419
单连板,603124,2026-09-08,131.6315,2026-09-09,131.63168964668372,-0.12782565725991732,-16.825883003608805,,12.673172091,0.9743694383041442,8.966262256938663
单连板,603124,2026-09-24,144.37422999999998,2026-09-28,122.81377194617492,-15.047378482861943,-2172.453681981761,,10.2580576181,1.0200420554606395,9.923432643469043
单连板,603125,2026-08-06,22.612589999999997,2026-08-07,23.20369291748029,2.5054313026167216,453.23432655390275,,1.412566374,0.9945739130434772,9.970817120622577
单连板,603130,2026-08-04,42.041999999999994,2026-08-05,41.07106684910486,-2.4197226939445744,-406.91992599527117,,1.14427271,1.0256220552159176,6.974358974358963
单连板,603130,2026-08-11,44.37432999999999,2026-08-12,44.08440766260936,-0.7613616444430058,-135.1396514394264,,1.50042367,1.0615017304880527,9.32182490752158
单连板,603136,2026-09-14,10.50049,2026-09-15,9.839925003724481,-6.38971629725997,-1274.8078895620913,,3.2415817535,1.0203591014950042,8.959835221421208
单连板,603137,2026-08-12,30.029999999999998,2026-08-13,31.209396785841076,3.8178921971815947,687.9078160881797,,9.8533130178,1.0188474870017337,11.339449541284408
单连板,603137,2026-08-28,23.653629999999996,2026-08-31,22.867448393745036,-3.426875880090173,-648.4644329886186,,4.471078087,0.9013456662859058,8.237378210806035
单连板,603139,2026-08-03,32.94290999999999,2026-08-04,33.53888185733737,1.7055898577978374,337.1225590940816,,1.2075667,0.9388518356915783,7.089673033344113
单连板,603150,2026-09-04,63.03296999999999,2026-09-07,69.16290169751107,9.615118809429461,1818.2084863836085,,2.8107252,1.0176881180265442,8.8060224089636
单连板,603151,2026-08-11,14.414399999999999,2026-08-12,14.788675094089056,2.4898463904065795,466.5653435283958,,0.6963540804999999,1.0456202233980023,10.39874902267397
单连板,603151,2026-09-22,18.6186,2026-09-23,18.242854292742408,-2.1228005808540646,-395.2357489468949,,0.7568075979000001,0.975235944180045,9.946075494307971
单连板,603155,2026-09-17,15.645629999999999,2026-09-18,15.069181766667311,-3.7877880639323687,-711.1479668004262,,3.9475863279,1.0003092783505159,11.111111111111116
单连板,603156,2026-08-04,42.25221,2026-08-05,44.989544625788334,6.364087075987701,1075.586974371673,,6.6309562464,1.020879609062637,10.780962398106752
单连板,603162,2026-08-11,12.8128,2026-08-12,11.501974161808484,-10.329409962542973,-1985.2299595210593,,6.7098907093,1.014012412822318,9.40465918895599
单连板,603162,2026-09-04,13.453439999999999,2026-09-07,14.213769455247618,5.543586185262544,1044.1242577956193,,10.2241115688,1.015021333800924,8.65306122448981
单连板,603163,2026-08-05,73.77369999999999,2026-08-06,79.69616128326177,7.904007124500086,1166.2157008014638,,3.758864373,0.9603203150142938,8.340701444149712
单连板,603163,2026-09-09,85.07498999999999,2026-09-10,84.49955922847073,-0.7868073762168711,-133.87525932715306,,3.8791809802,0.9893110894087502,9.58552547157705
单连板,603171,2026-08-31,43.15311,2026-09-01,45.64132257488057,5.653135936824445,975.8015877069532,,6.175067769,0.9576780003915673,5.873925501432664
单连板,603177,2026-08-17,10.20019,2026-08-18,10.394240711674296,1.7978536587711365,348.4305293215544,,0.9699312,1.0363836824696795,8.714133900106269
单连板,603177,2026-08-21,10.620609999999997,2026-08-24,10.385892169637604,-2.3132042041320093,-442.21751464403616,,0.73558904,1.0523579650946895,8.267716535433077
单连板,603178,2026-09-01,17.987969999999997,2026-09-02,17.77916705085486,-1.2627390035228159,-249.85522444518134,,3.5019783934,0.9830494109670314,11.492816989381627
单连板,603179,2026-08-12,41.70165999999999,2026-08-13,41.98927809551281,0.5774027870451802,96.31461883364202,,12.2232934137,1.0133005558715067,9.718198577824587
单连板,603186,2026-08-05,109.54943999999999,2026-08-06,127.47585017653542,16.212133990411452,1776.0301998545397,,12.3640779166,0.8683588486093635,7.845281893208722
单连板,603191,2026-08-13,15.505489999999998,2026-08-14,16.279493457635716,4.883512405857494,908.6550332867915,,1.7302019407,1.0285420944558508,9.065155807365443
单连板,603192,2026-08-04,22.19217,2026-08-05,22.450468556421033,1.0612562207577998,211.96420618153164,,0.7491332,0.9955011949950804,10.518292682926834
单连板,603192,2026-09-08,20.91089,2026-09-09,20.666532251734825,-1.2731064996500403,-239.5961097522033,,0.9017116337,1.0076363117328013,10.596379126730548
单连板,603200,2026-08-27,43.073029999999996,2026-08-28,43.742961613963395,1.4445047707121554,248.87678929611118,,7.3690339511,0.9980307505869846,11.724679403297555
单连板,603201,2026-09-01,16.416399999999996,2026-09-02,15.802845055175501,-3.8383073824710046,-756.1342717631638,,1.4455196066,0.9726967171600908,8.124174372523129
单连板,603203,2026-08-05,38.5385,2026-08-06,42.484195126064364,10.129202749328774,1951.8214007750346,,3.72423006,0.9473384571591247,8.50236176715753
单连板,603206,2026-08-06,15.555539999999997,2026-08-07,14.620073894988586,-6.116221175421687,-1141.6934777174288,,1.08706369,1.0382937469704323,9.97876857749469
单连板,603216,2026-09-01,23.022999999999996,2026-09-02,22.949643114765706,-0.42475538905800186,-78.23314657825901,,1.63320099,1.0041306796845662,8.999037536092391
单连板,603216,2026-09-03,24.114089999999997,2026-09-04,22.333305335715863,-7.4849011134376155,-1443.9326327242788,,2.59540018,1.0203119210428806,10.000000000000009
单连板,603221,2026-08-18,27.347319999999996,2026-08-19,26.973,-1.4723030172086733,-281.8447922399976,,8.1603231525,1.20705865335937,5.289575289575299
单连板,603221,2026-09-23,33.60357,2026-09-24,31.467446791456876,-6.46510963599037,-1086.2538210533844,,4.955128124100001,1.0515596104056217,9.212239583333325
单连板,603222,2026-09-24,8.948939999999999,2026-09-28,8.085048877837517,-9.75142800192686,-1919.8287702783934,,2.8717046993,1.0003576537911274,10.64356435643563
单连板,603230,2026-09-28,18.007989999999996,2026-09-29,15.228907332543354,-15.527109906142483,-3075.7324391058623,,13.1180728368,1.187967330035663,8.71100647439671
单连板,603232,2026-08-13,17.447429999999997,2026-08-14,16.060161987261438,-8.051180481841573,-1545.196486617268,,3.6554685321,1.0452942268423984,3.5077630822311745
单连板,603232,2026-09-21,16.336319999999997,2026-09-22,16.17218956050259,-1.1071952110793366,-217.049943247915,,4.831671798,0.9907069212631193,9.905660377358494
单连板,603236,2026-09-01,61.731669999999994,2026-09-02,63.85828616768641,3.33718137174576,618.0293375122696,,13.8324607257,0.9834019779515122,10.209190059002315
单连板,603255,2026-09-17,31.711679999999998,2026-09-18,32.9705732600659,3.863227947042226,735.05669054196,,0.6862737,0.9730213351686163,11.149704758596734
单连板,603256,2026-08-06,138.13799999999998,2026-08-07,155.7296009657815,12.60391600377084,1741.079748928896,,28.4565128045,0.9208087278550698,12.120474102938793
单连板,603259,2026-08-05,143.63349,2026-08-06,143.85603848152587,0.033241249655833055,4.774556700028601,,105.027349781,1.0135554448269612,2.8093987157034483
单连板,603261,2026-08-14,58.05799999999999,2026-08-17,53.7606030482977,-7.507542065848387,-1307.6186317770769,,1.627193925,1.0545486642344368,7.858620041361153
单连板,603268,2026-08-06,176.27609999999999,2026-08-07,183.7764054520533,4.1439632056034705,730.4816724272779,,15.4780201617,1.008962111512865,9.570894339861823
单连板,603269,2026-08-05,12.382369999999998,2026-08-06,13.393733175928288,8.061126814241257,1597.0536772937041,,3.2185083108,0.9803754784616315,8.938053097345122
单连板,603269,2026-08-11,15.675659999999999,2026-08-12,16.87403339818359,7.535743638336038,1417.5330614606244,,2.9905399895,1.0614879136352966,9.83026874115982
单连板,603272,2026-08-04,16.596579999999996,2026-08-05,17.02731483731977,2.491788113089637,496.2619291432943,,0.8833436276000001,0.9991459479977198,12.827586206896546
单连板,603272,2026-09-21,17.12711,2026-09-22,17.043308418995366,-0.594121532992026,-111.93143333815362,,0.8106839,0.9585496711664916,9.675324675324681
单连板,603276,2026-09-17,17.807789999999997,2026-09-18,17.94202042926694,0.6503390474455695,127.39211304281808,,1.5634160865,1.0204046117032837,10.931677018633534
单连板,603280,2026-08-19,28.958929999999995,2026-08-20,27.065753676640185,-6.6436712741166986,-1154.3616682209374,,1.6033353446,1.0313516468498003,11.102661596958164
单连板,603284,2026-08-12,44.48443999999999,2026-08-13,44.09384198858255,-0.9858069815684495,-175.41228609265116,,2.0467500467,1.0118026905829594,10.136307311028482
单连板,603285,2026-08-18,37.537499999999994,2026-08-19,35.625924210718225,-5.195125902442191,-975.0601928146186,,2.8832540921,1.0515197900721627,9.999999999999986
单连板,603285,2026-09-15,38.46843,2026-09-16,38.101409413367044,-1.057586674927397,-203.41849486688665,,4.1986562652,1.0049351201871943,8.557932759099751
单连板,603286,2026-08-03,38.208169999999996,2026-08-04,39.35452208185269,2.8944050287960694,552.9495969454755,,1.27217909,0.9171591425674013,6.039325842696619
单连板,603286,2026-08-18,46.186139999999995,2026-08-19,41.54021111669608,-10.160139497202902,-1877.0305009493713,,2.14585029,1.0566672507446981,9.256628787878785
单连板,603286,2026-09-08,47.65760999999999,2026-09-09,46.00435959434659,-3.5717049284396007,-680.8756820586095,,3.07505988,1.0397078809909766,8.103172791600088
单连板,603289,2026-08-13,9.209199999999997,2026-08-14,8.979223095130456,-2.5996862421270373,-502.76164136092245,,1.0522945808,1.038010159397442,10.011778563015316
单连板,603290,2026-08-20,98.10801,2026-08-21,98.19766220284616,-0.011629718080387501,-2.281936995455675,,20.55796663,1.0314422196047623,13.601359003397517
单连板,603293,2026-09-02,39.29926,2026-09-03,38.87965994861256,-1.1700517275928959,-229.91083528061193,,1.9772117561,1.0007730885880226,9.583333333333343
单连板,603297,2026-08-06,101.60149999999999,2026-08-07,104.77020306776048,2.9667418780194676,301.4254249195949,,2.0399050796,1.0058876497887372,7.83837957590463
单连板,603297,2026-09-01,115.97585999999998,2026-09-02,112.31077134604762,-3.29682996611436,-382.35269059388366,,3.0832952888,1.009670686612038,11.46815470463729
单连板,603306,2026-08-05,61.441379999999995,2026-08-06,67.13182234362696,9.150603985617503,1686.677210129518,,7.4231689356,0.9222726224340759,7.596491228070179
单连板,603308,2026-09-10,46.04599999999999,2026-09-11,42.848652758024855,-7.046563251708579,-1297.8642059526928,,14.2970326497,0.9966237706121245,9.01813044502
单连板,603311,2026-09-08,29.389359999999996,2026-09-09,26.428734740954464,-10.17737192654106,-1794.6386844180522,,1.33892709,0.9824489587064428,9.101040118870717
单连板,603313,2026-09-01,6.746739999999999,2026-09-02,6.536054571234542,-3.224291433475356,-630.8502235906801,,2.9837771758,0.9945995633689539,11.221122112211223
单连板,603316,2026-08-03,12.48247,2026-08-04,12.555430374767493,0.4821343898792723,96.29164892218111,,0.99138564,0.9212057667103538,4.380165289256199
单连板,603316,2026-09-11,15.235219999999998,2026-09-14,15.049990764774115,-1.317666501752027,-260.9742075306927,,2.8724928013,1.0065705699587424,10.938602681721953
单连板,603318,2026-08-24,9.35935,2026-08-25,9.900522786244297,5.676334589062363,1115.6628448589572,,4.167961809,1.0014931237721025,9.403669724770625
单连板,603318,2026-08-26,9.999989999999999,2026-08-27,9.912021898122683,-0.98123331068689,-196.24646589071583,,7.3902499908,1.014490507555211,8.704883227176218
单连板,603319,2026-08-28,28.978949999999998,2026-08-31,27.279828890531654,-5.969816982220485,-1037.9941670215098,,6.0368413789,0.9727716888947536,10.029940119760482
单连板,603319,2026-09-22,32.192159999999994,2026-09-23,31.350896350754546,-2.715695978930893,-524.5447167905995,,9.6857005045,0.9829605182740457,8.423180592991919
单连板,603328,2026-09-10,12.132119999999999,2026-09-11,12.612212504323129,3.8516677608359187,747.6623275934826,,5.0232701182,1.003905741439916,9.700815956482334
单连板,603328,2026-09-17,14.134119999999998,2026-09-18,13.195238173249574,-6.7418105730079985,-1334.0538351862933,,11.2692561963,1.0758963780865125,10.501930501930513
单连板,603328,2026-09-24,15.215199999999998,2026-09-28,13.431744799776027,-11.818115107025639,-2337.594804693414,,9.7121342742,1.077719054242002,9.985528219971052
单连板,603330,2026-08-13,8.99899,2026-08-14,10.557487320098211,17.207237224616396,3406.650625662915,,2.2836810014,1.07432298873295,10.375
单连板,603330,2026-08-24,9.97997,2026-08-25,10.979215285883269,9.905301182142523,1977.092172774938,,11.2732385154,1.1426092443603082,16.065192083818403
单连板,603335,2026-08-06,6.7067,2026-08-07,6.86130335693454,2.20061653809525,428.0073731452589,,1.6932374731,1.038169837125449,8.780487804878057
单连板,603353,2026-09-09,37.967929999999996,2026-09-10,38.75060171348496,1.9556747689723684,371.2646136555452,,5.012274687200001,1.0596315414353918,9.552669552669556
单连板,603353,2026-09-16,41.83179,2026-09-17,43.41418413926619,3.669062661328055,613.9338349820653,,4.4695781552,1.0588514757408407,9.052631578947356
单连板,603353,2026-09-21,49.32928,2026-09-22,49.547066292787804,0.33858997370017,66.80959847139329,,5.8345576936,1.0775871610403998,11.609195402298834
单连板,603358,2026-08-05,39.649609999999996,2026-08-06,41.88461660709698,5.53157762844922,1096.6244782636822,,5.2012312636,1.044517005698989,9.17861080485116
单连板,603358,2026-09-01,49.63959,2026-09-02,51.024944101028,2.68703867948239,533.533993454589,,6.358405670700001,1.0203225505733202,9.999999999999986
单连板,603360,2026-08-26,13.813799999999999,2026-08-27,13.619518430922508,-1.5094218724762165,-291.9119260681674,,1.5784222912,0.9725712452547729,10.95890410958904
单连板,603366,2026-08-20,7.547539999999999,2026-08-21,7.184151018825919,-4.915171399420661,-964.5337713435687,,2.9653038312,1.0123051681706312,9.626436781609193
单连板,603369,2026-08-13,30.730699999999995,2026-08-14,29.74061119148936,-3.326414607818779,-613.3382963309792,,13.6687988317,1.0133092597369098,10.068075958437838
单连板,603373,2026-09-24,48.298249999999996,2026-09-28,52.14317059392093,7.852964847417937,1517.1378377672133,,1.6587387558000002,1.0301937184578835,9.57276673520675
单连板,603375,2026-08-03,33.703669999999995,2026-08-04,33.95600943147675,0.6369776050106621,107.34241498334852,,0.9265657203,0.9477749928093009,5.552050473186121
单连板,603375,2026-09-28,48.79874999999999,2026-09-29,46.96315577197092,-3.862872358355044,-754.0133699891127,,3.4502934816,1.0395955424650039,10.67415730337078
单连板,603376,2026-08-21,28.428399999999996,2026-08-24,26.49777429251175,-6.8899747107228775,-1371.0966994641997,,1.1994180939,1.011581966769494,10.077519379844958
单连板,603376,2026-09-02,28.69867,2026-09-03,28.732022567256426,0.006082450442676323,1.0473494282743303,,1.396855384,0.9948000428862415,7.960576194086433
单连板,603382,2026-08-11,19.919899999999995,2026-08-12,19.31858812018852,-3.1193106328484084,-621.3635587527699,,1.3744697729,1.0523324266168637,10.07154650522839
单连板,603382,2026-08-17,20.55053,2026-08-18,21.45346963855066,4.28544544896842,792.6135773615008,,1.4335248111,1.0379425671779485,10.326659641728142
单连板,603386,2026-09-14,16.22621,2026-09-15,18.497887296083434,13.889551399427836,2704.497333754919,,4.5335789835,1.0224908352323394,9.151193633952271
单连板,603389,2026-08-18,49.04899999999999,2026-08-19,49.00469925047911,-0.19324274937027197,-37.91345445544988,,1.267858138,1.0249482267667618,9.686221009549811
单连板,603392,2026-08-21,30.630599999999998,2026-08-24,29.191583120312636,-4.801987423509117,-882.5265358472301,,2.0889064961000003,0.9912341133151201,3.04347826086957
单连板,603395,2026-08-26,27.09707,2026-08-27,28.992855089647616,6.887984747303606,1306.5094339963268,,3.7566873144,1.1043128234617592,10.787737679472254
单连板,603395,2026-09-22,28.248219999999996,2026-09-23,26.923142015307803,-4.791016862675654,-947.3638885240016,,4.4717820918,0.937693072935755,10.007818608287744
单连板,603396,2026-08-13,27.417389999999997,2026-08-14,26.393619066498992,-3.8362206154948897,-736.254097187444,,1.5869451276,1.0372779140922899,10.204081632653072
单连板,603396,2026-08-27,28.188159999999996,2026-08-28,30.385685740328174,7.68926189121567,1517.223011300429,,1.1539029456,1.003621597892886,0.0
单连板,603396,2026-08-31,31.030999999999995,2026-09-01,30.693044642201734,-1.1942437795509353,-222.35147233947043,,4.7878475609,1.0211769713738406,11.227336122733611
单连板,603396,2026-09-24,32.80277,2026-09-28,38.70110322619728,17.86922558425784,3516.9605815111536,,1.7869159734,1.0077691453940052,10.016977928692693
单连板,603398,2026-08-03,9.02902,2026-08-04,9.151694707878628,1.2556357038987185,249.41751743074335,,1.084652046,0.9113606145664064,7.380952380952377
单连板,603400,2026-08-05,45.51546999999999,2026-08-06,44.22095590146557,-2.9495948097299123,-537.0087762976701,,4.0101601486,1.0919962538721992,9.296116504854357
单连板,603400,2026-08-19,48.48843999999999,2026-08-20,49.17407960668294,1.309747110205104,254.03037667341422,,3.402784929,1.0172223554809305,9.4090909090909
单连板,603402,2026-09-21,65.065,2026-09-22,62.87242187445331,-3.471339497480974,-677.5881132107987,,2.608866209,0.9067655629139075,10.672413793103441
单连板,603421,2026-08-07,6.32632,2026-08-10,5.980358342138656,-5.568809517499082,-1092.1322018290887,,2.2302114854,1.0405510787626713,9.572649572649583
单连板,603435,2026-08-28,54.053999999999995,2026-08-31,52.514698604235456,-2.959924825888991,-479.98732961581055,,1.8484016319,0.9615164169327771,8.997955010224956
单连板,603458,2026-08-18,10.26025,2026-08-19,9.637481499406096,-6.169921557012129,-1202.7938154513402,,1.8686755214,1.040923076923076,9.523809523809534
单连板,603459,2026-08-05,87.03694999999999,2026-08-06,94.4228502935855,8.37216178925822,1457.3748540871563,,14.2120417081,1.0264558232931729,8.331273176761433
单连板,603459,2026-08-10,106.88677999999999,2026-08-11,100.9327696118166,-5.7131059317956865,-610.6554968485405,,19.8169746139,1.017211218328537,10.90336134453782
单连板,603459,2026-09-01,94.10400999999999,2026-09-02,89.25653143586909,-5.253697940463092,-988.7880870526363,,19.7209732677,0.965930328029089,14.380344453811865
单连板,603466,2026-08-03,10.420409999999999,2026-08-04,10.720315743535819,2.7740849017637403,549.23493897257,,8.257128716799999,0.9065234685759748,8.156779661016955
单连板,603466,2026-08-05,11.011,2026-08-06,11.323270170401228,2.732082799552893,541.4933467057842,,9.7918364941,0.9373906018580859,8.268482490272389
单连板,603466,2026-08-13,12.312299999999999,2026-08-14,13.18918522528102,7.015631667650481,1382.056988505808,,6.4731997488,1.0833220978832414,9.578207381370829
单连板,603466,2026-09-14,13.153139999999999,2026-09-15,12.55592883967477,-4.640814908836447,-915.6193231501953,,10.9744233056,1.0438878950506862,11.983122362869203
单连板,603488,2026-08-12,9.289279999999998,2026-08-13,8.754764327620403,-5.8544408150964005,-1142.0543394720323,,1.1376676140000002,1.0549156174658427,9.579439252336442
单连板,603500,2026-09-28,10.40039,2026-09-29,10.34534889995086,-0.6315569876019151,-124.80034058741654,,1.4360798172,1.0036155468514618,8.54166666666667
单连板,603506,2026-08-20,11.181169999999998,2026-08-21,10.897626495639333,-2.6392180649665224,-501.6622794748494,,0.8919346468000001,1.033675760255799,1.0204081632653184
单连板,603519,2026-08-21,16.54653,2026-08-24,16.64166857517605,0.47231972848310555,93.78303068325073,,3.3364262899,0.9981666513887609,3.7664783427495463
单连板,603530,2026-08-18,52.11206,2026-08-19,51.47929253976852,-1.329589260835391,-207.86290600802863,,3.9464817292,1.0366924902179555,9.532868315366727
单连板,603533,2026-08-03,21.951929999999997,2026-08-04,22.38201238546238,1.8555859495483509,366.60323586122036,,6.581334022,1.02448002944966,7.796610169491536
单连板,603538,2026-09-04,29.028999999999996,2026-09-07,27.460576793288467,-5.509611276801725,-959.6310345256635,,17.988249339,0.9550461749815571,10.12756088132971
单连板,603559,2026-08-05,9.379369999999998,2026-08-06,9.295786436686459,-0.9934581198753725,-195.6782370021249,,1.48089451,1.047703336578459,8.747044917257663
单连板,603559,2026-08-31,9.46946,2026-09-01,10.826013579827919,14.215971275450794,2826.968998434636,,2.6694440394,0.9931393423231606,9.736540664375703
单连板,603565,2026-08-25,13.713699999999998,2026-08-26,12.610398113754641,-8.14523566525612,-1563.8184567967196,,7.312504006599999,1.0474473701152383,8.42020850040095
单连板,603567,2026-08-10,7.087079999999999,2026-08-11,6.920172849012038,-2.4562829615636526,-487.4204678346788,,9.1898260531,1.0107599193006043,12.0253164556962
单连板,603578,2026-08-21,13.813799999999999,2026-08-24,13.534077155905505,-2.1276275795716044,-411.46870602160715,,0.7563030065999999,1.0468597648408375,7.5899843505477405
单连板,603580,2026-08-05,53.77371999999999,2026-08-06,53.5332203165549,-0.5610039557238427,-90.50180890195891,,5.4963026916,1.1200048456215261,9.836400817995905
单连板,603580,2026-08-11,57.99793999999999,2026-08-12,55.65096173394237,-4.154067488044015,-722.7820707825824,,8.5298432824,1.048981517455736,11.71579743008313
单连板,603580,2026-09-09,75.07499999999999,2026-09-10,65.74435342502058,-12.54069523173649,-1882.985389045234,,6.7433542324,0.9830074465981948,10.005947071067478
单连板,603595,2026-09-03,30.600569999999998,2026-09-04,30.4612199178499,-0.5616169132629487,-103.11478600492073,,1.42337844,1.0130969493691093,10.043668122270732
单连板,603598,2026-08-03,17.417399999999997,2026-08-04,18.161881957025134,4.167983247420084,798.54974554976,,3.4368142332,1.0057179747302423,10.27131782945736
单连板,603601,2026-09-11,9.96996,2026-09-14,10.469135738172971,4.902093682888408,977.4735586930024,,19.6550785444,1.0115429917550032,10.666666666666668
单连板,603607,2026-09-17,24.244219999999995,2026-09-18,24.67016283237405,1.6524293507052086,320.4948857036338,,2.96590898,1.0086879320185176,9.707865168539321
单连板,603608,2026-08-03,17.1171,2026-08-04,18.187933886301163,6.14762991352647,1157.5255559210634,,3.6361187762,0.8824336857725851,5.864004990642524
单连板,603608,2026-08-31,19.219199999999997,2026-09-01,19.931670108869362,3.601152832135792,692.1127651138421,,4.736276707,0.9653787878787886,7.298474945533773
单连板,603608,2026-09-08,23.273249999999997,2026-09-09,22.075008501192244,-5.251662254491162,-977.7859885146914,,4.855553448,1.0704620036134376,9.761904761904772
单连板,603610,2026-08-04,14.67466,2026-08-05,15.047836056501602,2.4372803582534663,464.9613875666216,,1.6349670081,1.0065732758620707,10.687022900763354
单连板,603615,2026-08-13,17.95794,2026-08-14,17.01489105424225,-5.3513767652989355,-1057.096731554956,,1.2090860968,1.0447447721669227,9.993868792152071
单连板,603615,2026-08-27,18.70869,2026-08-28,19.071321260384348,1.8318642280221171,342.7177996415511,,1.6710070701,1.0059042753653507,9.53502060035316
单连板,603618,2026-08-06,26.706679999999995,2026-08-07,27.284836150334538,2.058241993434448,384.7816719685112,,26.3727410745,0.9398750501518893,14.999999999999991
单连板,603619,2026-09-09,25.285259999999997,2026-09-10,24.878036775785684,-1.7181930889999804,-304.1147128989735,,11.3952197384,1.0037528604119024,9.982332155477014
单连板,603626,2026-08-06,15.255239999999999,2026-08-07,15.624148235255044,2.3145821341569017,459.0235774315845,,6.2740359552,1.0053885116930696,10.291970802919703
单连板,603626,2026-09-15,19.969949999999997,2026-09-16,18.90616097005156,-5.426307384561129,-1083.630871543165,,7.8783016777,0.9925538483890882,6.970509383378021
单连板,603629,2026-08-17,137.9378,2026-08-18,138.28271950913097,0.12543040716997267,17.301594418130257,,88.6993954662,1.1172756034086846,7.707974306752319
单连板,603637,2026-08-21,14.094079999999998,2026-08-24,12.776607536626916,-9.445613556611141,-1863.7812636234669,,1.5332176112,1.025982392097915,8.153846153846157
单连板,603637,2026-08-26,14.184169999999998,2026-08-27,14.74236996824236,3.8310078116358013,760.7553250019824,,1.6250290602000002,1.0007423117709413,11.79282868525895
单连板,603650,2026-09-10,65.28522,2026-09-11,63.17401441752914,-3.3352273536906627,-653.2231546071381,,21.5685831963,0.9749347561329229,9.429530201342274
单连板,603655,2026-08-12,33.523489999999995,2026-08-13,33.55841814487029,-0.007522734904970523,-1.2609416417971513,,1.77465963,1.0751510269834883,10.065359477124169
单连板,603657,2026-08-06,26.456429999999997,2026-08-07,27.58899924136489,4.172704227917685,772.7640012162577,,0.62310907,1.0453269153630165,8.464730290456423
单连板,603657,2026-08-18,29.46944,2026-08-19,27.812564943161195,-5.728038354398603,-1012.8124956158902,,0.64921953,1.0864426289339961,10.018832391713751
单连板,603660,2026-08-10,12.202189999999998,2026-08-11,12.163799308326615,-0.41768118035065216,-81.54600195300678,,3.9439972267,1.1221648678241818,9.000000000000007
单连板,603661,2026-08-05,31.121089999999995,2026-08-06,31.183901204675916,0.0961712378803877,17.95772249692173,,0.9216372578,0.999747027573996,9.291725105189341
单连板,603663,2026-08-06,37.307269999999995,2026-08-07,39.4524786601321,5.641567510341654,1052.3574116577192,,5.7764704815,0.9264012077750524,10.008857395925608
单连板,603666,2026-08-21,26.306279999999997,2026-08-24,25.94706548781094,-1.4711175151848044,-270.89740487149,,1.606374358,1.0110442617857232,8.942749686585882
单连板,603668,2026-09-08,13.14313,2026-09-09,13.200487533089303,0.3334608002869955,65.74077972114029,,3.7550785809,1.0603288252452931,8.97009966777409
单连板,603687,2026-08-26,14.424409999999998,2026-08-27,15.199424736262687,5.264870298715089,987.2544212113559,,2.1425061535,0.9774077270650362,11.446249033255995
单连板,603688,2026-08-28,52.482429999999994,2026-08-31,50.636797833326774,-3.6303865716613086,-571.5945273604638,,10.4009362232,0.9834417245158897,10.029876227059331
单连板,603693,2026-09-14,12.8128,2026-09-15,12.750606652521377,-0.5891838750161957,-113.23642730711269,,4.2366553807,1.0124429437879072,10.344827586206895
单连板,603696,2026-08-03,12.912899999999999,2026-08-04,13.28765150875373,2.7970402529067737,541.7685162263981,,4.580672187099999,1.0208970438328226,18.938053097345133
单连板,603696,2026-08-13,15.165149999999999,2026-08-14,14.965970376839746,-1.4154573297642974,-279.0530954181754,,4.3129710471,1.0760553942372117,9.99286224125624
单连板,603701,2026-09-03,21.521499999999996,2026-09-04,20.580089469973117,-4.475676424820184,-866.9094315909082,,1.7862147225999998,1.0072089874483128,9.772492244053787
单连板,603703,2026-08-18,10.710699999999997,2026-08-19,9.797963781017316,-8.621246445765042,-1662.112517519801,,2.5841060437,1.0425152946642926,6.766169154228852
单连板,603708,2026-08-19,9.89989,2026-08-20,9.201365816121506,-7.154785349581815,-1416.6317586894302,,2.0924717564,1.001949610077985,4.795918367346919
单连板,603711,2026-08-11,12.312299999999999,2026-08-12,11.937784312798842,-3.143012111471319,-619.163328321093,,1.1996259204000002,1.046349789915966,10.617059891107083
单连板,603716,2026-08-21,16.77676,2026-08-24,15.21693341259816,-9.398989436179418,-1734.5304901464913,,3.5001261569,0.9933714475101498,4.9120679199514905
单连板,603721,2026-08-18,19.70969,2026-08-19,17.528570179730224,-11.163323664458632,-2200.2564879614365,,1.77368555,1.0280665280665289,9.23076923076922
单连板,603725,2026-08-11,11.011,2026-08-12,11.28445835209054,2.379780335804371,471.6677029957548,,3.0780179888,0.9425700405935984,8.826382153249268
单连板,603725,2026-08-17,12.342329999999999,2026-08-18,12.366571238986573,0.09366841070276712,18.497382967505338,,3.8250587435,1.0633918770581785,8.230088495575227
单连板,603725,2026-09-21,11.94193,2026-09-22,11.768101284108642,-1.5592108381664618,-297.9197869540034,,2.7060135478,0.9927272727272725,8.897126969416135
单连板,603728,2026-09-04,54.053999999999995,2026-09-07,51.12909980157439,-5.521977860394678,-895.4549737973217,,4.619105023,1.0031715688404204,8.127280097284139
单连板,603738,2026-08-03,30.160129999999995,2026-08-04,30.610341916669803,1.3847167579371826,250.57942459538376,,8.892294529800001,0.9195258889582026,0.033433634236046395
单连板,603738,2026-08-05,31.051019999999998,2026-08-06,34.87567898485594,12.20538073051062,2273.937127024199,,8.7057620229,0.9533931842337345,7.83050847457627
单连板,603738,2026-08-07,36.50646999999999,2026-08-10,35.82502621663232,-1.9724712124677104,-360.0398057190804,,21.3403253337,0.9861594054680567,7.899408284023668
单连板,603739,2026-08-19,13.012999999999998,2026-08-20,12.546195250889657,-3.6886198828476187,-720.0001580324407,,1.297676978,1.0437722419928839,10.127591706539096
单连板,603757,2026-08-05,54.57452,2026-08-06,58.70250564468099,7.447006933398356,1219.2504864806617,,5.1896168264,0.8972805081678153,7.413127413127429
单连板,603757,2026-08-10,65.01495,2026-08-11,61.800130192697104,-5.045487778633229,-984.0964069603514,,3.6131895449,0.9601060890706139,8.891125650058719
单连板,603757,2026-09-04,78.68861,2026-09-07,71.44861556819575,-9.311665451764915,-1465.4440223688064,,13.4014400703,1.055212727883998,9.558011049723735
单连板,603758,2026-08-24,11.451439999999998,2026-08-25,11.655036874104052,1.673640502479032,325.81509452704415,,3.8346139041,1.079877939328667,11.893434823977156
单连板,603758,2026-08-26,12.27226,2026-08-27,12.197424741708566,-0.7124088595719417,-139.8858680155257,,4.8524271354,0.9817545904983975,11.090742438130153
单连板,603773,2026-09-24,103.11300999999999,2026-09-28,102.00052664399011,-1.2273279140026305,-126.55347546983236,,49.92896852770001,1.044463503104027,6.770833333333326
单连板,603778,2026-08-31,10.190179999999998,2026-09-01,9.847742846885689,-3.462397736457638,-670.3666671558219,,4.6461840243,0.9498322985798895,9.97876857749469
单连板,603778,2026-09-03,10.97096,2026-09-04,10.861713458160269,-1.0979101269072982,-216.81230554610806,,8.3716860292,0.9989841822667241,10.824742268041243
单连板,603779,2026-08-03,7.3573499999999985,2026-08-04,7.493734051986333,1.7504260422042899,347.7194201235167,,2.9878995924,0.9254960688880568,10.06006006006006
单连板,603790,2026-08-18,28.848819999999996,2026-08-19,24.787548912242272,-14.180364717065148,-2454.5207355417797,,1.979581549,1.0783232039894028,11.421819614021267
单连板,603797,2026-08-11,4.684679999999999,2026-08-12,4.856182286520414,3.556226559195877,699.7109043680169,,1.2152110492,1.0433687241317249,9.285714285714274
单连板,603800,2026-08-05,52.442389999999996,2026-08-06,59.01173890359782,12.40484112093987,1951.6185478570974,,5.089877083399999,0.9107924989138222,9.31249999999999
单连板,603819,2026-09-22,17.177159999999997,2026-09-23,16.116837742723103,-6.2746375140977415,-1185.5849777382505,,1.4033695944,0.9736391947015212,8.993710691823885
单连板,603823,2026-08-12,75.29521999999999,2026-08-13,76.83921454824109,1.931136659965262,290.81071932429916,,18.7832544298,1.0140664815513125,9.236131280859716
单连板,603826,2026-09-08,17.66765,2026-09-09,16.90759518911907,-4.4032187077414635,-855.7397970201131,,1.1382369906,0.9972294296143213,9.652996845425864
单连板,603838,2026-08-27,12.592579999999998,2026-08-28,12.838276095502984,1.8451817040480438,348.53397334141965,,0.66152466,1.0906304423545796,10.034305317324188
单连板,603838,2026-09-18,13.703689999999998,2026-09-21,13.992180567667626,2.000006286885222,383.7045261493661,,0.598884495,1.038098033460522,9.999999999999986
单连板,603848,2026-08-20,14.484469999999998,2026-08-21,13.13415651510187,-9.422844309202466,-1774.3037742470797,,1.292142629,1.0129127857747675,10.391566265060238
单连板,603881,2026-08-17,28.548519999999996,2026-08-18,28.32058718822737,-0.9000379379538265,-179.86325750703497,,28.0193589225,1.0346075674471717,10.000000000000009
单连板,603882,2026-08-21,30.330299999999998,2026-08-24,30.077368896680518,-0.940447444052511,-171.14431867407527,,3.3100364821,1.0127088669349915,5.018777739842961
单连板,603883,2026-08-12,13.793779999999998,2026-08-13,13.21986104810944,-4.26236953154212,-823.1186263551308,,4.4599556155,1.0155146462892206,6.6147859922178975
单连板,603890,2026-08-14,20.470449999999996,2026-08-17,20.718471320361388,1.1047098836464095,203.52517593920675,,7.6826594757,1.0272896905613422,7.858649789029526
单连板,603900,2026-09-17,6.856849999999999,2026-09-18,6.847610789661002,-0.2369650233531937,-47.120174991001036,,1.89478492,0.9900386257369379,10.248447204968937
单连板,603903,2026-08-14,14.174159999999999,2026-08-17,14.323636131474988,0.951636487136315,188.84106962711294,,2.2451062984,1.0737670701890403,9.652509652509655
单连板,603912,2026-08-05,7.9079,2026-08-06,7.800193164663857,-1.463903347919449,-289.4100321253053,,2.0388889216,1.0191212367778677,9.344490934449091
单连板,603912,2026-08-14,8.88888,2026-08-17,8.556207915329859,-3.843792401882054,-751.6742069153098,,3.2003722077,1.0566748258331757,8.41463414634147
单连板,603912,2026-08-26,9.008999999999999,2026-08-27,9.061499286419885,0.47999086733663326,95.13322992438601,,3.6115786302,1.0200568132908658,12.515489467162322
单连板,603916,2026-08-18,12.32231,2026-08-19,11.938207607963523,-3.2182610323595067,-634.502561626462,,3.4822674885,1.050781772016571,9.648331830477908
单连板,603926,2026-09-08,18.62861,2026-09-09,17.83422989045293,-4.367807651194573,-813.6618528911972,,2.003403678,1.0449418705535316,7.826086956521738
单连板,603928,2026-08-06,12.011999999999999,2026-08-07,12.391311564879905,3.0521301696788004,586.5950015709079,,3.9933562925,1.018544001048424,9.594095940959413
单连板,603931,2026-08-05,32.05202,2026-08-06,35.1712359151452,9.622767607039467,1850.5748387770868,,2.4560418716,0.9022468040276348,9.16185951815407
单连板,603936,2026-08-05,13.40339,2026-08-06,14.329836801510769,6.803216900344921,1276.6063711787976,,5.7651456544,0.9589419450788768,8.737864077669899
单连板,603936,2026-09-14,20.68066,2026-09-15,22.436783684053243,8.381565224046343,1560.026705996936,,23.0298534683,1.0095367847411454,12.197743148844697
单连板,603937,2026-09-24,13.012999999999998,2026-09-28,12.794565104040775,-1.7809645802578151,-347.63538124342415,,1.337156937,1.000609458800585,9.636517328825022
单连板,603938,2026-08-05,37.427389999999995,2026-08-06,40.63067120772663,8.448853343796335,1581.0926457553473,,5.0788945858,0.9395813853125237,8.786732615653193
单连板,603956,2026-08-14,7.847839999999999,2026-08-17,7.276031335086395,-7.385445158088075,-1448.9947982362478,,2.8128934464,1.0504351473209603,10.206896551724132
单连板,603956,2026-09-17,6.906899999999999,2026-09-18,7.041883980896153,1.8496304057459636,357.7059429845103,,2.8515712095,1.0289920724801809,10.078740157480315
单连板,603958,2026-09-03,22.71269,2026-09-04,20.39077125663441,-10.324823539644456,-1876.0361308851775,,7.436887117,1.1043463203463209,10.93023255813954
单连板,603958,2026-09-22,18.43842,2026-09-23,18.856607637662812,2.1606318956157935,398.3863835676017,,3.8151590371,0.9080391925392524,9.868421052631593
单连板,603960,2026-09-18,17.02701,2026-09-21,18.15405879023546,6.510415164268609,1219.3819451676854,,2.9163310959,0.983023659938511,11.111111111111116
单连板,603968,2026-09-29,11.64163,2026-09-30,11.489690004276966,-1.4070066379569772,-278.4574616728644,,1.1339677849,1.002470124841446,9.201877934272296
单连板,603978,2026-09-01,20.94092,2026-09-02,22.159994410342673,5.713465754524106,1076.8070635940603,,4.5966149188,0.9974112426035499,12.171581769437022
单连板,603978,2026-09-03,22.882859999999997,2026-09-04,22.48305525745471,-1.8529149298933383,-339.19994346127254,,4.1541322943,1.0229113462240054,11.489151873767245
单连板,603979,2026-08-27,80.7807,2026-08-28,80.75664395184435,-0.14366023514414292,-23.209948714216928,,5.1326762272,0.9921290904309285,6.702802749867787
单连板,603980,2026-09-02,7.99799,2026-09-03,7.302831472223672,-8.789245194444616,-1757.4073793179023,,4.64595909,1.007290276209056,3.394255874673635
单连板,603989,2026-08-17,33.103069999999995,2026-08-18,31.3415851827485,-5.420846837049743,-1076.6800338368173,,13.8590931743,1.0789863547758292,7.6345840130505715
单连板,603989,2026-09-04,32.21218,2026-09-07,32.08683934635446,-0.4926513206459342,-95.21623810730728,,14.4205255845,1.009677419354839,8.760611205432944
单连板,603990,2026-08-05,18.29828,2026-08-06,20.13494057874157,9.925571016764492,1816.2087762464137,,5.5946535101,1.0230115458627322,11.345319280843169
单连板,603991,2026-09-24,188.56837999999996,2026-09-28,170.97821739109241,-9.428541086038402,-1777.9247183577015,,9.5903360731,1.0135984876145037,9.474367293964958
单连板,603995,2026-08-06,22.922899999999995,2026-08-07,23.340876463383402,1.7159407727079956,314.67470990966484,,1.7862315059,1.0259401051915993,9.931506849315053
单连板,603998,2026-08-14,10.59058,2026-08-17,10.382130008817017,-2.0717122088028628,-394.93140991746156,,4.144570946,1.0222492216569212,10.680628272251314
单连板,605006,2026-08-31,15.075059999999999,2026-09-01,14.787753442985288,-2.0078949573861813,-393.4987804318236,,6.3394358645,0.9717231222385884,9.900990099009888
单连板,605006,2026-09-03,16.06605,2026-09-04,15.044677908651728,-6.457958682532534,-1245.046645098022,,9.6247836844,1.0016583747927053,11.142061281337057
单连板,605018,2026-09-28,12.952939999999998,2026-09-29,11.78213381605368,-9.137780830137197,-1775.4169023887594,,0.95819597,1.0128141941843267,11.266375545851549
单连板,605058,2026-09-14,32.71268,2026-09-15,39.809255323796485,21.57964070847965,4235.567286068809,,3.1431217881,1.0337383271412774,11.033333333333339
单连板,605058,2026-09-23,52.682629999999996,2026-09-24,59.14274578650676,12.14080015846269,1918.8278479566936,,13.025906911199998,1.215663866826656,9.83505154639175
单连板,605060,2026-08-18,48.108059999999995,2026-08-19,43.36129290848469,-9.965819514440263,-1917.744972599452,,2.2481385,1.08278817160692,9.675947056138746
单连板,605068,2026-08-05,21.18116,2026-08-06,21.586759280610163,1.8094717695628724,344.94039959934895,,3.9408092494,1.146853146853147,11.18591403417919
单连板,605068,2026-09-02,20.70068,2026-09-03,23.016413290522976,11.07536951362807,2063.4091216503325,,1.8324574743,0.9964424065143487,8.983957219251337
单连板,605068,2026-09-04,23.303279999999997,2026-09-07,21.280650127848315,-8.78080697874669,-1636.972829213505,,2.86402239,1.049884526558891,7.897153351698805
单连板,605080,2026-08-21,21.45143,2026-08-24,23.072997613008493,7.4516000043574975,1438.627282933271,,2.22597846,1.0083764902158443,10.103499260719563
单连板,605100,2026-09-17,34.114079999999994,2026-09-18,33.85725504331192,-0.8630843849816812,-147.2166487800793,,2.9393006304,0.9867955619026713,10.041976105908933
单连板,605116,2026-08-21,21.351329999999997,2026-08-24,19.662683203391783,-8.00886590883592,-1538.9994505077505,,1.75428024,1.0145906605843225,4.117368670137256
单连板,605118,2026-09-01,32.80277,2026-09-02,32.846669891162115,0.030952859014516124,6.092037090573594,,1.82318971,1.0012375937295255,11.652470187393526
单连板,605118,2026-09-03,34.40436999999999,2026-09-04,35.052701710055885,1.773352595858503,305.05539424188197,,4.5823817061000005,1.0220919425180528,10.543233686917386
单连板,605128,2026-08-11,25.20518,2026-08-12,26.06748678307292,3.3107265995634036,584.1322191094846,,2.0951014839,1.0566074250878958,9.043478260869552
单连板,605162,2026-08-11,9.439429999999998,2026-08-12,9.067142757483893,-4.044394464330233,-801.7123472070873,,1.9747517688,1.0074458294988697,9.635722679200942
单连板,605162,2026-08-18,9.549539999999999,2026-08-19,9.370633464283893,-1.9768601857564878,-377.56210836578015,,2.8045209112,1.031900138696254,11.461988304093552
单连板,605162,2026-08-27,10.02001,2026-08-28,10.057130260707401,0.26574590524065905,50.59275593143867,,2.6140747308,1.01295458092711,11.111111111111116
单连板,605162,2026-09-10,11.14113,2026-09-11,10.719131801523034,-3.890617198945899,-736.8798238927661,,6.9797296293,1.0443391556467012,11.298315163528262
单连板,605162,2026-09-16,11.561549999999999,2026-09-17,11.484108972825641,-0.7723522468152992,-151.80301502584618,,6.8414955069,1.0173730818630429,12.135922330097081
单连板,605162,2026-09-18,12.162149999999999,2026-09-21,12.131908326225611,-0.35191613753129586,-68.48090963322,,6.3773917209,1.0321940900376803,10.009017132551845
单连板,605169,2026-08-27,12.302289999999998,2026-08-28,12.131572865732895,-1.4897816530794312,-293.24361492580084,,0.7708680056,1.0495701235894688,1.7213114754098369
单连板,605177,2026-09-09,22.522499999999997,2026-09-10,23.7087582961096,5.1568058802468135,929.1532835028706,,2.3017127515,1.0357262326888343,10.299999999999997
单连板,605178,2026-08-03,59.85979999999999,2026-08-04,57.94787181078671,-3.3000670486204773,-592.6240605510361,,1.47213803,0.8288605790989015,1.5063334474495038
单连板,605178,2026-08-06,64.43437,2026-08-07,65.62148511269554,1.7376913567320196,335.90114347641884,,1.25694158,0.9011641771630503,8.89981352771656
单连板,605179,2026-08-18,35.135099999999994,2026-08-19,34.71525,-1.30327259208026,-228.95306424999563,,10.9682603145,1.1883365475950611,8.266502159161004
单连板,605179,2026-09-23,29.329299999999996,2026-09-24,24.893520526207148,-15.225167763730743,-2679.261077356728,,6.8889187676,0.9825638834744075,11.13577506474288
单连板,605188,2026-09-21,13.133119999999998,2026-09-22,13.21935348748724,0.5535137068872953,109.0404290129351,,2.3267737580000003,0.9258937247481188,11.659574468085099
单连板,605196,2026-09-22,34.654619999999994,2026-09-23,35.951516420722136,3.6307268732064455,629.1073005737876,,6.087175203099999,0.9553878122217044,8.833700094309972
单连板,605198,2026-08-03,55.425369999999994,2026-08-04,56.36548168365679,1.5831697667779179,263.24331028943936,,1.61975796,1.0215524182725855,7.329941586583755
单连板,605198,2026-08-25,63.85378999999999,2026-08-26,65.4988890653429,2.47083651680856,473.31682820587577,,3.2376681082,0.9896030245746689,8.199732798931203
单连板,605218,2026-09-23,15.47546,2026-09-24,14.70323169529843,-5.093322206897274,-945.8580489594058,,1.7291599986,0.9992983862884611,5.145118733509224
单连板,605258,2026-08-28,31.030999999999995,2026-08-31,30.468026394976352,-1.9190141315192935,-357.29356509105116,,1.4268657145,1.018230370256252,10.266159695817478
单连板,605258,2026-09-14,34.534499999999994,2026-09-15,35.89855900790163,3.8379168593945496,662.7026989038052,,2.7544868975,1.0163285271715077,10.767760433259
单连板,605268,2026-08-19,10.02001,2026-08-20,9.496762703910232,-5.323886932882304,-1013.5626058206503,,0.8139397309999999,1.0142494030655467,9.956709956709965
单连板,605277,2026-08-27,16.45644,2026-08-28,16.728181585767516,1.547797187152516,305.6547785105298,,1.7598946072,0.9933044134288932,0.2402402402402526
单连板,605286,2026-08-11,25.655629999999995,2026-08-12,30.959010000000003,20.55318319727208,3691.1340440200056,,1.28961491,1.038821446636315,7.065217391304346
单连板,605286,2026-08-25,26.886859999999995,2026-08-26,27.86251909477399,3.5217746778536023,662.8262390049642,,1.2346420828,1.0041836600447285,7.070312499999987
单连板,605287,2026-08-05,37.837799999999994,2026-08-06,36.769039743010055,-2.9280001618986162,-553.9454226294372,,2.87909721,1.03143504005573,10.558642878034519
单连板,605287,2026-08-10,39.98995,2026-08-11,38.666272475540524,-3.410349907719317,-681.8986114610005,,3.67718328,1.067059566407072,10.086067778375462
单连板,605288,2026-08-04,60.120059999999995,2026-08-05,58.12047973537812,-3.4317268532670475,-618.9468729660782,,1.3770646172,0.9854008720361708,10.000000000000009
单连板,605288,2026-08-12,64.16409999999999,2026-08-13,65.12035001818185,1.385609188532622,266.719099601778,,2.1827883664,0.9778314722717472,11.1130587204207
单连板,605288,2026-08-28,63.773709999999994,2026-08-31,67.4786985617453,5.7023550222270165,1090.9810065136478,,1.8284528652,0.9548019908079929,11.142404506248905
单连板,605288,2026-09-04,73.5735,2026-09-07,70.41416524996546,-4.411889755566902,-649.1963418624028,,2.561225745,1.0641580910802357,9.440242057488678
单连板,605289,2026-08-03,86.08599999999998,2026-08-04,86.06164017128202,-0.13836410706191957,-23.82242504106481,,1.6060704625,0.920472103004292,0.8823529411764675
单连板,605289,2026-08-10,105.10499999999999,2026-08-11,100.47864028972892,-4.546553319840945,-477.86548668188243,,4.8852443899,0.9500840170010875,10.035804549283899
单连板,605289,2026-08-13,110.10999999999999,2026-08-14,109.53561312047472,-0.6642004742681918,-73.13511422167059,,3.8821671955,1.0526780885052835,8.207920792079214
单连板,605318,2026-08-03,73.40333,2026-08-04,70.36668535528315,-4.25493732715946,-624.6531375096076,,1.268707274,0.9619438100217383,6.445057337784865
单连板,605333,2026-08-19,19.019,2026-08-20,17.901967811167722,-5.974827185530109,-1136.3523824159715,,1.00725791,1.0019396640666913,9.829311359623327
单连板,605336,2026-08-11,12.772759999999998,2026-08-12,11.532069301279236,-9.812808260165239,-1880.049672496622,,0.455337777,1.0766574585635365,0.0
单连板,605358,2026-09-17,45.69564999999999,2026-09-18,45.999789698191734,0.5585276693638475,102.08913957826438,,21.66284393,0.9948408847116524,10.083415112855732
单连板,605365,2026-09-02,15.695679999999998,2026-09-03,15.184364740831562,-3.361113219176204,-633.0594903835147,,1.2500385569,1.0225177572918231,10.049191848208006
单连板,605366,2026-09-29,9.56956,2026-09-30,10.09436883069349,5.3771020505628035,1029.1300139796756,,9.9969629434,1.0401740877134253,10.81967213114754
单连板,605376,2026-08-06,160.15999999999997,2026-08-07,162.85238217086172,1.5657628970745554,250.77258559546073,,22.3451931458,0.9848345127598589,11.61061946902655
单连板,605398,2026-09-23,23.6236,2026-09-24,22.39859919646151,-5.287764460660894,-999.3282601029496,,2.2699322555,0.9259815893293248,9.906976744186036
单连板,605488,2026-08-04,26.786759999999997,2026-08-05,27.67530962960174,3.210099466321904,601.9171478634504,,3.2557158346,0.98353933571554,5.021409108602559
单连板,605507,2026-09-16,17.927909999999997,2026-09-17,17.243261063558673,-3.9196603941823103,-772.9845065521147,,4.736970898,1.020744245291604,9.107692307692306
单连板,605566,2026-08-31,28.03801,2026-09-01,28.883590048724923,2.911345432198508,571.3983263900526,,1.31172501,0.9898758981058146,10.546723536254365
单连板,605566,2026-09-17,27.887859999999996,2026-09-18,27.56952819100011,-1.2441143252404807,-242.86980288410692,,0.9296249643,0.9594800237290773,9.924272618573138
单连板,605566,2026-09-22,30.690659999999998,2026-09-23,32.15653664179492,4.667554346634931,859.5019409045688,,1.93717957,0.9787322228842331,8.908765652951711
单连板,605577,2026-08-19,10.780769999999999,2026-08-20,9.987805846595286,-7.455138154714662,-1446.6983357556571,,1.18868379,1.0145096609551587,8.686868686868676
单连板,605577,2026-09-18,14.274259999999998,2026-09-21,15.950418200273637,11.63449374782751,2325.0330421481,,7.624086352000001,1.0734380035913254,8.147080028839238
单连板,605589,2026-08-05,35.80577,2026-08-06,39.378814503585104,9.866016707609617,1766.3016252441362,,13.3124365352,0.9349538088747542,8.44564240790655
单连板,688001,2026-09-08,58.03797999999999,2026-09-09,65.2173885902721,12.254447878712757,2133.67020268732,,10.9214357221,0.9999454327185423,14.668241779877933
单连板,688003,2026-08-18,93.63354,2026-08-19,83.22669755547797,-11.21417004598493,-2100.0448791350636,,11.001064088,1.0705614064969118,15.609756097560968
单连板,688026,2026-09-22,25.245219999999996,2026-09-23,27.439686892876654,8.579582535131705,1516.154140252903,,3.9804898875,1.0087498742834164,14.845173041894345
单连板,688056,2026-09-24,53.053,2026-09-28,52.029351321894715,-2.0433293322013557,-325.2142531838356,,1.2725477566,1.0377720761898293,20.027217056021772
单连板,688066,2026-08-04,9.8098,2026-08-05,10.393805142015479,5.847277247171723,1147.2124067861032,,1.300396258,0.9624269898003672,19.35881627620222
单连板,688105,2026-08-21,24.924899999999997,2026-08-24,23.159071330159268,-7.183134316362799,-1432.311236175289,,3.2320629098,1.072339603195053,2.079999999999993
单连板,688112,2026-08-19,69.06899999999999,2026-08-20,70.2893544996157,1.6415703699502098,226.76324776418207,,3.3186255693,1.0664113982880365,12.719935431799833
单连板,688114,2026-08-21,69.11904999999999,2026-08-24,71.77984513387896,3.723280661931401,514.6992444721391,,4.6760106058,1.0871875709048353,7.984374999999999
单连板,688137,2026-08-14,63.50343999999999,2026-08-17,66.02112008071539,3.858123184729699,735.012282522274,,4.2501369539,1.1736679818308409,20.91441526544493
单连板,688137,2026-08-21,66.13606999999999,2026-08-24,76.73577492168138,15.9165414310799,3157.9724947314007,,1.5599274154,1.1681632544465284,0.0
单连板,688137,2026-09-22,118.42831,2026-09-23,124.10655451280176,4.655783644046114,551.3765886900228,,10.8956275924,1.1345896745600057,14.291209848047703
单连板,688152,2026-08-19,34.20417,2026-08-20,35.73713790868461,4.369057710364493,747.1999633255895,,2.2567200314,1.0305493902591085,20.537560303239143
单连板,688152,2026-08-31,36.035999999999994,2026-09-01,38.14468271149702,5.741116004312816,1034.434281657083,,2.667166202,1.037337553777223,12.311780336581046
单连板,688169,2026-08-26,137.13699999999997,2026-08-27,130.73350580352437,-4.791952320989524,-657.1539654435402,,25.5738904033,1.050137928000954,8.000000000000007
单连板,688175,2026-09-21,21.981959999999997,2026-09-22,22.952444319201284,4.310114484274296,852.7028776986438,,2.4740961841,0.9903865018638434,24.942528735632187
单连板,688185,2026-08-27,83.08299999999998,2026-08-28,86.50779963903327,4.007859407119837,665.9699662434748,,4.6611816827,1.1062589311231783,4.2239805234327354
单连板,688209,2026-08-31,29.159129999999998,2026-09-01,29.89617304100701,2.417211126633175,422.90264087365927,,16.8847307824,1.0351740023656852,23.598326359832633
单连板,688244,2026-09-29,19.19918,2026-09-30,21.284606420641573,10.752434632974161,2064.3792795670483,,2.7053553397,1.0500626903098698,16.06096131301291
单连板,688265,2026-08-14,51.92186999999999,2026-08-17,47.543451679638856,-8.544603714679548,-1330.9554098253257,,2.8883212587,1.1345459983922521,21.202312138728317
单连板,688276,2026-08-21,18.7187,2026-08-24,16.741411756084382,-10.663206050159573,-1996.0135509112195,,1.2142082762000002,1.0257314701759157,0.0
单连板,688286,2026-08-17,52.05199999999999,2026-08-18,51.02458593402955,-2.0888543343774133,-326.1871374390393,,6.1518194393,1.080718386967551,19.340463458110513
单连板,688292,2026-09-21,22.082059999999995,2026-09-22,22.405589945828414,1.3620611629754376,270.6940469204405,,2.3603003909,1.0155682209386834,18.904958677685958
单连板,688293,2026-09-09,69.02895999999998,2026-09-10,67.22281875404747,-2.73959679113967,-378.2230346234172,,5.3221959825,0.9822800419261358,20.568502824858758
单连板,688316,2026-08-05,55.63557999999999,2026-08-06,55.386328018880036,-0.5596934507430498,-93.416609262873,,1.5055475824000002,1.000156279302368,11.876006441223819
单连板,688328,2026-08-24,92.09199999999998,2026-08-25,87.99545722965368,-4.552340456862091,-838.4682747066873,,11.0320332041,1.0437874353855,19.90003945810863
单连板,688337,2026-09-24,58.05799999999999,2026-09-28,51.261064614524635,-11.81059017148731,-2057.0977325286303,,7.532703159099999,1.0522168454093639,19.94965387035872
单连板,688378,2026-08-18,50.510459999999995,2026-08-19,47.07900348577118,-6.9080844718893655,-1046.7915731819667,,7.3652702672,1.0768483889528202,18.494117647058815
单连板,688419,2026-08-10,50.029979999999995,2026-08-11,47.36355947769941,-5.445553987364264,-817.3228712302631,,3.5489341695,0.9781850709213372,20.062847474014987
单连板,688426,2026-08-21,23.012989999999995,2026-08-24,21.149586057942308,-8.199370706923526,-1509.5362886777918,,0.4776777492,1.033081920693003,11.560975609756108
单连板,688433,2026-08-21,103.103,2026-08-24,106.16818642989885,2.8224296332983623,291.00096248196104,,10.7103936521,1.064022735255612,17.32954545454546
单连板,688485,2026-08-17,71.2712,2026-08-18,86.63049311458587,21.417345086230416,3052.87977021949,,12.7861481466,1.1100115537248214,18.780889621087304
单连板,688496,2026-08-14,0.9909899999999999,2026-08-17,0.858888542004291,-13.425656514187029,-2674.2429611478346,,0.181838752,0.9736842105263195,20.93023255813955
单连板,688503,2026-08-18,96.51642,2026-08-19,96.4005911574494,-0.22375292021906637,-43.1916616481798,,25.4024843214,1.1077009941319989,16.682926829268308
单连板,688512,2026-09-24,17.017,2026-09-28,16.985738671672983,-0.28903528319022587,-54.103647554528806,,9.5146431172,1.0353661648379688,19.77869986168741
单连板,688549,2026-08-06,22.89287,2026-08-07,28.689991816660154,25.20330999186061,4615.808793706928,,21.999553137600003,0.9328945670409092,20.948410630536742
单连板,688596,2026-08-06,57.35729999999999,2026-08-07,65.38809847413863,13.884097817685811,2389.0630912750507,,24.6644039667,1.0228927593638948,20.986093552465235
单连板,688628,2026-09-24,111.98186999999999,2026-09-28,92.75788395738131,-17.299597142052495,-1937.2412382136936,,14.0843044714,1.0420252116780757,16.194537516499132
单连板,688656,2026-09-24,139.13899999999998,2026-09-28,133.1575502591901,-4.420580485300371,-615.0751481442081,,2.4556493102,1.0039362881899179,20.83618917066483
单连板,688658,2026-08-21,14.414399999999999,2026-08-24,13.491531657057969,-6.504505742725578,-1218.861118513266,,2.0550768880000003,1.0353715086811164,0.0
单连板,688661,2026-08-05,92.01191999999999,2026-08-06,103.13740867180447,11.978848473308513,2204.39369483637,,5.9711567269,0.9297520325533415,13.698630136986312
单连板,688677,2026-08-18,88.07798999999999,2026-08-19,89.10033677111568,1.0513691552934075,185.20496389248237,,13.0594153741,1.0691598006808432,20.064205457463878
单连板,688682,2026-09-28,36.035999999999994,2026-09-29,33.757117290365215,-6.4281807066623955,-1158.2295997264303,,2.2212048747,1.0273649117933017,11.588235294117633
单连板,688781,2026-09-23,51.99193999999999,2026-09-24,47.25183068908705,-9.228470792391501,-1439.4182991893142,,5.7618821053,1.0097376931369015,18.09502159581724
单连板,688790,2026-08-28,110.10999999999999,2026-08-31,116.2669300026987,5.4459474783374295,599.6532768397343,,2.0663678775,0.9886474679542451,9.838274932614555
