交易日期,方向,证券代码,证券名称,成交数量,成交价格,资金发生额,成交金额,手续费,印花税,过户费,总费用,原始业务类型
2025-10-13,买入,000021,深科技,700,30.65,-21460.05,21460.05,5.05,0.0,0.0,5.05,证券买入
2025-10-13,买入,000981,山子高科,5200,4.21,-21897.15,21897.15,5.15,0.0,0.0,5.15,证券买入
2025-10-14,卖出,000021,深科技,700,29.21,20431.78,20431.78,5.0,10.22,0.0,15.22,证券卖出
2025-10-14,买入,000426,兴业银锡,600,38.26,-22961.4,22961.4,5.4,0.0,0.0,5.4,证券买入
2025-10-14,买入,002941,新疆交建,1100,19.16,-21081.0,21081.0,5.0,0.0,0.0,5.0,证券买入
2025-10-14,买入,601126,四方股份,1000,24.24,-24245.95,24245.95,5.71,0.0,0.24,5.95,证券买入
2025-10-14,买入,603530,神马电力,500,39.14,-19575.2,19575.2,5.0,0.0,0.2,5.2,证券买入
2025-10-15,买入,000006,深振业Ａ,2300,12.77,-29377.91,29377.91,6.91,0.0,0.0,6.91,证券买入
2025-10-15,卖出,000426,兴业银锡,600,34.14,20468.76,20468.76,5.0,10.24,0.0,15.24,证券卖出
2025-10-15,买入,000969,安泰科技,1000,19.302,-19307.0,19307.0,5.0,0.0,0.0,5.0,证券买入
2025-10-15,买入,000969,安泰科技,1200,19.66,-23597.55,23597.55,5.55,0.0,0.0,5.55,证券买入
2025-10-15,卖出,000981,山子高科,5200,4.84,25149.5,25149.5,5.92,12.58,0.0,18.5,证券卖出
2025-10-15,买入,002549,凯美特气,800,28.04,-22437.28,22437.28,5.28,0.0,0.0,5.28,证券买入
2025-10-15,卖出,002941,新疆交建,1100,20.65,22698.29,22698.29,5.35,11.36,0.0,16.71,证券卖出
2025-10-15,买入,300127,银河磁体,600,38.84,-23309.49,23309.49,5.49,0.0,0.0,5.49,证券买入
2025-10-15,买入,601011,宝泰隆,6300,3.73,-23504.76,23504.76,5.53,0.0,0.23,5.76,证券买入
2025-10-15,卖出,601126,四方股份,1000,23.84,23822.23,23822.23,5.61,11.92,0.24,17.77,证券卖出
2025-10-15,卖出,603530,神马电力,500,39.59,19779.9,19779.9,5.0,9.9,0.2,15.1,证券卖出
2025-10-16,卖出,000006,深振业Ａ,2300,11.53,26499.5,26499.5,6.24,13.26,0.0,19.5,证券卖出
2025-10-16,买入,000969,安泰科技,2400,19.62,-47099.08,47099.08,11.08,0.0,0.0,11.08,证券买入
2025-10-16,卖出,000969,安泰科技,1100,20.25,22258.62,22258.62,5.24,11.14,0.0,16.38,证券卖出
2025-10-16,卖出,000969,安泰科技,1100,20.27,22280.6,22280.6,5.25,11.15,0.0,16.4,证券卖出
2025-10-16,卖出,002549,凯美特气,800,25.79,20616.68,20616.68,5.0,10.32,0.0,15.32,证券卖出
2025-10-16,卖出,300127,银河磁体,600,37.96,22759.25,22759.25,5.36,11.39,0.0,16.75,证券卖出
2025-10-16,买入,301323,新莱福,300,72.03,-21614.09,21614.09,5.09,0.0,0.0,5.09,证券买入
2025-10-16,卖出,601011,宝泰隆,6300,3.92,24677.59,24677.59,5.81,12.35,0.25,18.41,证券卖出
2025-10-16,买入,603690,至纯科技,700,35.65,-24961.12,24961.12,5.87,0.0,0.25,6.12,证券买入
2025-10-17,买入,000969,安泰科技,1000,19.96,-19965.0,19965.0,5.0,0.0,0.0,5.0,证券买入
2025-10-17,卖出,000969,安泰科技,1200,20.17,24186.19,24186.19,5.7,12.11,0.0,17.81,证券卖出
2025-10-17,卖出,000969,安泰科技,1200,19.91,23874.43,23874.43,5.62,11.95,0.0,17.57,证券卖出
2025-10-17,买入,002370,亚太药业,3100,7.33,-22728.35,22728.35,5.35,0.0,0.0,5.35,证券买入
2025-10-17,买入,002370,亚太药业,3000,7.55,-22655.33,22655.33,5.33,0.0,0.0,5.33,证券买入
2025-10-17,买入,300141,和顺电气,1600,12.82,-20517.0,20517.0,5.0,0.0,0.0,5.0,证券买入
2025-10-17,卖出,301323,新莱福,300,74.0,22183.67,22183.67,5.23,11.1,0.0,16.33,证券卖出
2025-10-17,买入,600960,渤海汽车,4300,6.05,-26021.39,26021.39,6.12,0.0,0.27,6.39,证券买入
2025-10-17,卖出,603690,至纯科技,700,34.3,23992.1,23992.1,5.65,12.01,0.24,17.9,证券卖出
2025-10-20,卖出,000969,安泰科技,1000,20.23,20214.88,20214.88,5.0,10.12,0.0,15.12,证券卖出
2025-10-20,卖出,002370,亚太药业,3100,7.37,22830.2,22830.2,5.38,11.42,0.0,16.8,证券卖出
2025-10-20,卖出,002370,亚太药业,3000,7.53,22573.38,22573.38,5.32,11.3,0.0,16.62,证券卖出
2025-10-20,买入,002825,纳尔股份,1700,12.72,-21629.09,21629.09,5.09,0.0,0.0,5.09,证券买入
2025-10-20,买入,002825,纳尔股份,1900,12.66,-24059.66,24059.66,5.66,0.0,0.0,5.66,证券买入
2025-10-20,买入,002825,纳尔股份,1700,12.64,-21493.06,21493.06,5.06,0.0,0.0,5.06,证券买入
2025-10-20,买入,002885,京泉华,1000,23.39,-23395.51,23395.51,5.51,0.0,0.0,5.51,证券买入
2025-10-20,卖出,300141,和顺电气,1600,12.28,19633.18,19633.18,5.0,9.82,0.0,14.82,证券卖出
2025-10-20,卖出,600960,渤海汽车,4300,5.5833,23990.11,23990.11,5.65,12.0,0.24,17.89,证券卖出
2025-10-21,买入,000969,安泰科技,1100,19.1073,-21023.0,21023.0,5.0,0.0,0.0,5.0,证券买入
2025-10-21,买入,000969,安泰科技,1000,19.48,-19485.0,19485.0,5.0,0.0,0.0,5.0,证券买入
2025-10-21,买入,000969,安泰科技,1300,19.35,-25160.92,25160.92,5.92,0.0,0.0,5.92,证券买入
2025-10-21,买入,002208,合肥城建,1600,12.75,-20405.0,20405.0,5.0,0.0,0.0,5.0,证券买入
2025-10-21,卖出,002825,纳尔股份,1800,12.28,22087.75,22087.75,5.2,11.05,0.0,16.25,证券卖出
2025-10-21,卖出,002825,纳尔股份,1800,12.2,21943.85,21943.85,5.17,10.98,0.0,16.15,证券卖出
2025-10-21,卖出,002825,纳尔股份,1700,12.45,21149.42,21149.42,5.0,10.58,0.0,15.58,证券卖出
2025-10-21,卖出,002885,京泉华,1000,24.104,24086.28,24086.28,5.67,12.05,0.0,17.72,证券卖出
2025-10-21,买入,603938,三孚股份,900,19.81,-17834.18,17834.18,5.0,0.0,0.18,5.18,证券买入
2025-10-22,买入,000969,安泰科技,1500,20.42,-30637.21,30637.21,7.21,0.0,0.0,7.21,证券买入
2025-10-22,买入,000969,安泰科技,800,20.31,-16253.0,16253.0,5.0,0.0,0.0,5.0,证券买入
2025-10-22,买入,000969,安泰科技,700,20.41,-14292.0,14292.0,5.0,0.0,0.0,5.0,证券买入
2025-10-22,卖出,000969,安泰科技,1700,20.67,35113.17,35113.17,8.27,17.56,0.0,25.83,证券卖出
2025-10-22,卖出,000969,安泰科技,1700,20.91,35520.86,35520.86,8.37,17.77,0.0,26.14,证券卖出
2025-10-22,卖出,002208,合肥城建,1600,14.7644,23605.63,23605.63,5.56,11.81,0.0,17.37,证券卖出
2025-10-22,买入,300179,四方达,1300,15.2477,-19827.0,19827.0,5.0,0.0,0.0,5.0,证券买入
2025-10-22,买入,300179,四方达,1600,15.06,-24101.67,24101.67,5.67,0.0,0.0,5.67,证券买入
2025-10-22,买入,600635,大众公用,3200,7.03,-22501.52,22501.52,5.3,0.0,0.22,5.52,证券买入
2025-10-22,卖出,603938,三孚股份,900,18.1233,16297.68,16297.68,5.0,8.16,0.16,13.32,证券卖出
2025-10-23,买入,000969,安泰科技,1100,20.25,-22280.24,22280.24,5.24,0.0,0.0,5.24,证券买入
2025-10-23,卖出,000969,安泰科技,1500,20.9,31326.94,31326.94,7.38,15.68,0.0,23.06,证券卖出
2025-10-23,卖出,000969,安泰科技,1500,21.05,31551.78,31551.78,7.43,15.79,0.0,23.22,证券卖出
2025-10-23,买入,001267,汇绿生态,1700,17.64,-29995.06,29995.06,7.06,0.0,0.0,7.06,证券买入
2025-10-23,买入,002097,山河智能,2300,14.1,-32437.63,32437.63,7.63,0.0,0.0,7.63,证券买入
2025-10-23,卖出,300179,四方达,1500,14.42,21614.09,21614.09,5.09,10.82,0.0,15.91,证券卖出
2025-10-23,卖出,300179,四方达,1400,14.82,20732.63,20732.63,5.0,10.37,0.0,15.37,证券卖出
2025-10-23,买入,600635,大众公用,3200,6.85,-21925.37,21925.37,5.16,0.0,0.21,5.37,证券买入
2025-10-23,买入,600635,大众公用,3000,6.89,-20675.21,20675.21,5.0,0.0,0.21,5.21,证券买入
2025-10-23,卖出,600635,大众公用,3200,6.99,22351.33,22351.33,5.27,11.18,0.22,16.67,证券卖出
2025-10-24,买入,000852,石化机械,3700,8.56,-31679.46,31679.46,7.46,0.0,0.0,7.46,证券买入
2025-10-24,买入,000852,石化机械,2700,8.61,-23252.47,23252.47,5.47,0.0,0.0,5.47,证券买入
2025-10-24,卖出,000969,安泰科技,1100,18.99,20873.55,20873.55,5.0,10.45,0.0,15.45,证券卖出
2025-10-24,卖出,001267,汇绿生态,1700,17.73,30118.83,30118.83,7.1,15.07,0.0,22.17,证券卖出
2025-10-24,卖出,002097,山河智能,2300,13.37,30728.39,30728.39,7.24,15.37,0.0,22.61,证券卖出
2025-10-24,买入,600172,黄河旋风,3500,7.25,-25381.22,25381.22,5.97,0.0,0.25,6.22,证券买入
2025-10-24,卖出,600635,大众公用,6200,7.26,44978.44,44978.44,10.6,22.51,0.45,33.56,证券卖出
2025-10-24,买入,603175,N超颖,300,69.95,-20990.21,20990.21,5.0,0.0,0.21,5.21,证券买入
2025-10-24,买入,603175,N超颖,300,69.92,-20981.21,20981.21,5.0,0.0,0.21,5.21,证券买入
2025-10-27,卖出,000852,石化机械,3200,7.76,24813.73,24813.73,5.85,12.42,0.0,18.27,证券卖出
2025-10-27,卖出,000852,石化机械,3200,7.82,25005.6,25005.6,5.89,12.51,0.0,18.4,证券卖出
2025-10-27,买入,000969,安泰科技,100,19.27,-1932.0,1932.0,5.0,0.0,0.0,5.0,证券买入
2025-10-27,买入,000969,安泰科技,1100,19.32,-21257.0,21257.0,5.0,0.0,0.0,5.0,证券买入
2025-10-27,买入,000969,安泰科技,1300,19.3,-25095.91,25095.91,5.91,0.0,0.0,5.91,证券买入
2025-10-27,买入,000969,安泰科技,1300,19.23,-25004.88,25004.88,5.88,0.0,0.0,5.88,证券买入
2025-10-27,买入,000969,安泰科技,1300,18.87,-24536.77,24536.77,5.77,0.0,0.0,5.77,证券买入
2025-10-27,买入,300179,四方达,1800,13.92,-25061.9,25061.9,5.9,0.0,0.0,5.9,证券买入
2025-10-27,卖出,600172,黄河旋风,3500,6.78,23712.31,23712.31,5.59,11.87,0.23,17.69,证券卖出
2025-10-27,卖出,603175,C超颖,300,86.0,25780.77,25780.77,6.07,12.9,0.26,19.23,证券卖出
2025-10-27,卖出,603175,C超颖,300,81.4833,24426.79,24426.79,5.75,12.22,0.24,18.21,证券卖出
2025-10-28,买入,000969,安泰科技,1400,22.66,-31731.47,31731.47,7.47,0.0,0.0,7.47,证券买入
2025-10-28,卖出,000969,安泰科技,1500,22.57,33830.1,33830.1,7.97,16.93,0.0,24.9,证券卖出
2025-10-28,卖出,300179,四方达,1800,13.88,24965.63,24965.63,5.88,12.49,0.0,18.37,证券卖出
2025-10-28,买入,300475,香农芯创,200,125.33,-25071.9,25071.9,5.9,0.0,0.0,5.9,证券买入
2025-10-29,买入,000969,安泰科技,1200,23.36,-28038.6,28038.6,6.6,0.0,0.0,6.6,证券买入
2025-10-29,买入,000969,安泰科技,1200,23.2,-27846.55,27846.55,6.55,0.0,0.0,6.55,证券买入
2025-10-29,卖出,000969,安泰科技,1300,24.04,31229.01,31229.01,7.36,15.63,0.0,22.99,证券卖出
2025-10-29,卖出,000969,安泰科技,1300,23.68,30761.36,30761.36,7.25,15.39,0.0,22.64,证券卖出
2025-10-29,卖出,000969,安泰科技,1200,23.75,28479.04,28479.04,6.71,14.25,0.0,20.96,证券卖出
2025-10-29,卖出,000969,安泰科技,1200,23.62,28323.16,28323.16,6.67,14.17,0.0,20.84,证券卖出
2025-10-29,卖出,300475,香农芯创,200,130.99,26178.73,26178.73,6.17,13.1,0.0,19.27,证券卖出
2025-10-29,买入,605188,国光连锁,1200,23.54,-28254.93,28254.93,6.65,0.0,0.28,6.93,证券买入
2025-10-30,买入,000969,安泰科技,1200,23.25,-27906.57,27906.57,6.57,0.0,0.0,6.57,证券买入
2025-10-30,买入,000969,安泰科技,900,23.94,-21551.07,21551.07,5.07,0.0,0.0,5.07,证券买入
2025-10-30,买入,000969,安泰科技,1200,24.19,-29034.83,29034.83,6.83,0.0,0.0,6.83,证券买入
2025-10-30,买入,000969,安泰科技,1100,24.17,-26593.26,26593.26,6.26,0.0,0.0,6.26,证券买入
2025-10-30,买入,000969,安泰科技,1700,24.12,-41013.65,41013.65,9.65,0.0,0.0,9.65,证券买入
2025-10-30,卖出,000969,安泰科技,1200,24.15,28958.69,28958.69,6.82,14.49,0.0,21.31,证券卖出
2025-10-30,卖出,000969,安泰科技,1200,24.73,29654.17,29654.17,6.99,14.84,0.0,21.83,证券卖出
2025-10-30,卖出,605188,国光连锁,1200,22.78,27315.61,27315.61,6.43,13.68,0.28,20.39,证券卖出
2025-10-31,买入,000620,盈新发展,15600,2.66,-41505.77,41505.77,9.77,0.0,0.0,9.77,证券买入
2025-10-31,买入,000620,盈新发展,17000,2.7,-45910.8,45910.8,10.8,0.0,0.0,10.8,证券买入
2025-10-31,买入,000620,盈新发展,10200,2.68,-27342.43,27342.43,6.43,0.0,0.0,6.43,证券买入
2025-10-31,卖出,000969,安泰科技,300,22.12,6627.68,6627.68,5.0,3.32,0.0,8.32,证券卖出
2025-10-31,卖出,000969,安泰科技,1800,23.25,41819.22,41819.22,9.85,20.93,0.0,30.78,证券卖出
2025-10-31,卖出,000969,安泰科技,2000,23.1,46166.01,46166.01,10.88,23.11,0.0,33.99,证券卖出
2025-10-31,卖出,000969,安泰科技,2000,22.85,45666.39,45666.39,10.76,22.85,0.0,33.61,证券卖出
2025-10-31,买入,002418,康盛股份,5500,4.84,-26626.27,26626.27,6.27,0.0,0.0,6.27,证券买入
2025-11-03,卖出,000620,盈新发展,42800,2.47,105638.25,105638.25,24.89,52.86,0.0,77.75,证券卖出
2025-11-03,买入,000969,安泰科技,3600,21.08,-75905.86,75905.86,17.86,0.0,0.0,17.86,证券买入
2025-11-03,买入,000969,安泰科技,2500,21.24,-53112.5,53112.5,12.5,0.0,0.0,12.5,证券买入
2025-11-03,卖出,002418,康盛股份,5500,4.72,25940.91,25940.91,6.11,12.98,0.0,19.09,证券卖出
2025-11-04,卖出,000969,安泰科技,2800,20.82,58253.13,58253.13,13.72,29.15,0.0,42.87,证券卖出
2025-11-04,卖出,000969,安泰科技,1300,20.8685,27109.04,27109.04,6.39,13.57,0.0,19.96,证券卖出
2025-11-04,卖出,000969,安泰科技,2000,20.84,41649.36,41649.36,9.81,20.83,0.0,30.64,证券卖出
2025-11-04,买入,002759,天际股份,1800,31.8,-57253.47,57253.47,13.47,0.0,0.0,13.47,证券买入
2025-11-04,买入,002759,天际股份,1000,31.56,-31567.43,31567.43,7.43,0.0,0.0,7.43,证券买入
2025-11-04,买入,603185,弘元绿能,1200,31.3033,-37573.21,37573.21,8.84,0.0,0.37,9.21,证券买入
2025-11-05,买入,000973,佛塑科技,13700,8.78,-120314.32,120314.32,28.32,0.0,0.0,28.32,证券买入
2025-11-05,卖出,002759,天际股份,2800,30.31,84805.56,84805.56,19.98,42.46,0.0,62.44,证券卖出
2025-11-05,卖出,603185,弘元绿能,1200,29.27,35097.82,35097.82,8.27,17.56,0.35,26.18,证券卖出
2025-11-06,卖出,000973,佛塑科技,4800,9.33,44751.06,44751.06,10.54,22.4,0.0,32.94,证券卖出
2025-11-06,卖出,000973,佛塑科技,4400,9.22,40538.17,40538.17,9.55,20.28,0.0,29.83,证券卖出
2025-11-06,卖出,000973,佛塑科技,4500,9.25,41594.39,41594.39,9.8,20.81,0.0,30.61,证券卖出
2025-11-06,买入,002512,达华智能,8900,5.13,-45667.75,45667.75,10.75,0.0,0.0,10.75,证券买入
2025-11-06,买入,002512,达华智能,5800,5.15,-29877.03,29877.03,7.03,0.0,0.0,7.03,证券买入
2025-11-06,买入,603376,N大明,167,64.02,-10696.44,10696.44,5.0,0.0,0.1,5.1,证券买入
2025-11-06,买入,603376,N大明,600,62.52,-37521.21,37521.21,8.83,0.0,0.38,9.21,证券买入
2025-11-07,买入,002150,通润装备,200,23.13,-4631.0,4631.0,5.0,0.0,0.0,5.0,证券买入
2025-11-07,买入,002150,通润装备,1500,23.35,-35033.24,35033.24,8.24,0.0,0.0,8.24,证券买入
2025-11-07,卖出,002512,达华智能,7400,5.32,39339.04,39339.04,9.27,19.69,0.0,28.96,证券卖出
2025-11-07,卖出,002512,达华智能,7300,5.23,38150.92,38150.92,8.99,19.09,0.0,28.08,证券卖出
2025-11-07,买入,002885,京泉华,1200,34.0733,-40897.63,40897.63,9.63,0.0,0.0,9.63,证券买入
2025-11-07,买入,600815,厦工股份,10800,3.62,-39105.59,39105.59,9.2,0.0,0.39,9.59,证券买入
2025-11-07,卖出,603376,C大明,767,54.43,41716.72,41716.72,9.83,20.86,0.4,31.09,证券卖出
2025-11-10,卖出,002150,通润装备,1700,23.05,39156.19,39156.19,9.22,19.59,0.0,28.81,证券卖出
2025-11-10,买入,002163,海南发展,2600,15.58,-40517.54,40517.54,9.54,0.0,0.0,9.54,证券买入
2025-11-10,卖出,002885,京泉华,1200,35.34,42376.82,42376.82,9.98,21.2,0.0,31.18,证券卖出
2025-11-10,卖出,600815,厦工股份,10800,3.49,37663.91,37663.91,8.87,18.84,0.38,28.09,证券卖出
2025-11-10,买入,601179,中国西电,1700,9.97,-16954.17,16954.17,5.0,0.0,0.17,5.17,证券买入
2025-11-10,买入,601179,中国西电,4100,10.0,-41010.06,41010.06,9.65,0.0,0.41,10.06,证券买入
2025-11-10,买入,603516,淳中科技,100,214.48,-21453.26,21453.26,5.05,0.0,0.21,5.26,证券买入
2025-11-11,卖出,002163,海南发展,2600,15.64,40634.1,40634.1,9.57,20.33,0.0,29.9,证券卖出
2025-11-11,买入,300071,福石控股,3800,5.82,-22121.21,22121.21,5.21,0.0,0.0,5.21,证券买入
2025-11-11,买入,600292,远达环保,1900,16.37,-31110.63,31110.63,7.32,0.0,0.31,7.63,证券买入
2025-11-11,买入,600292,远达环保,2100,16.4681,-34591.49,34591.49,8.14,0.0,0.35,8.49,证券买入
2025-11-11,卖出,601179,中国西电,2900,10.34,29963.65,29963.65,7.06,14.99,0.3,22.35,证券卖出
2025-11-11,卖出,601179,中国西电,2900,10.61,30746.07,30746.07,7.24,15.38,0.31,22.93,证券卖出
2025-11-11,卖出,603516,淳中科技,100,215.27,21510.95,21510.95,5.07,10.76,0.22,16.05,证券卖出
2025-11-11,买入,603978,深圳新星,1000,34.018,-34026.35,34026.35,8.01,0.0,0.34,8.35,证券买入
2025-11-12,买入,002213,大为股份,1000,27.78,-27786.54,27786.54,6.54,0.0,0.0,6.54,证券买入
2025-11-12,买入,002213,大为股份,1300,27.8185,-36172.51,36172.51,8.51,0.0,0.0,8.51,证券买入
2025-11-12,买入,002213,大为股份,1900,27.4,-52072.25,52072.25,12.25,0.0,0.0,12.25,证券买入
2025-11-12,卖出,300071,福石控股,3800,5.88,22327.57,22327.57,5.26,11.17,0.0,16.43,证券卖出
2025-11-12,卖出,600292,远达环保,2000,14.77,29517.99,29517.99,6.95,14.77,0.29,22.01,证券卖出
2025-11-12,卖出,600292,远达环保,2000,14.89,29757.8,29757.8,7.01,14.89,0.3,22.2,证券卖出
2025-11-12,卖出,603978,深圳新星,1000,35.49,35463.55,35463.55,8.35,17.73,0.37,26.45,证券卖出
2025-11-13,卖出,002213,大为股份,4200,27.8,116674.13,116674.13,27.49,58.38,0.0,85.87,证券卖出
2025-11-13,买入,002728,特一药业,8800,13.07,-115043.07,115043.07,27.07,0.0,0.0,27.07,证券买入
2025-11-14,卖出,002728,特一药业,3000,14.33,42958.38,42958.38,10.12,21.5,0.0,31.62,证券卖出
2025-11-14,卖出,002728,特一药业,2900,14.25,41294.61,41294.61,9.73,20.66,0.0,30.39,证券卖出
2025-11-14,卖出,002728,特一药业,2900,13.72,39758.74,39758.74,9.37,19.89,0.0,29.26,证券卖出
2025-11-14,买入,600682,南京新百,700,9.07,-6354.06,6354.06,5.0,0.0,0.06,5.06,证券买入
2025-11-14,买入,600682,南京新百,3800,8.73,-33182.13,33182.13,7.81,0.0,0.32,8.13,证券买入
2025-11-14,买入,600682,南京新百,4500,8.64,-38889.54,38889.54,9.15,0.0,0.39,9.54,证券买入
2025-11-14,买入,601020,华钰矿业,1300,32.37,-42091.33,42091.33,9.91,0.0,0.42,10.33,证券买入
2025-11-17,买入,002578,闽发铝业,9000,4.72,-42490.0,42490.0,10.0,0.0,0.0,10.0,证券买入
2025-11-17,买入,002748,世龙实业,2900,13.92,-40377.5,40377.5,9.5,0.0,0.0,9.5,证券买入
2025-11-17,买入,300497,富祥药业,2100,19.08,-40077.43,40077.43,9.43,0.0,0.0,9.43,证券买入
2025-11-17,卖出,600682,南京新百,4500,9.05,40694.64,40694.64,9.59,20.37,0.4,30.36,证券卖出
2025-11-17,卖出,600682,南京新百,4500,9.0613,40745.61,40745.61,9.6,20.39,0.4,30.39,证券卖出
2025-11-17,卖出,601020,华钰矿业,1300,31.95,41504.03,41504.03,9.78,20.77,0.42,30.97,证券卖出
2025-11-18,卖出,002578,闽发铝业,9000,4.57,41099.76,41099.76,9.68,20.56,0.0,30.24,证券卖出
2025-11-18,卖出,002748,世龙实业,2900,13.37,38744.48,38744.48,9.13,19.39,0.0,28.52,证券卖出
2025-11-18,卖出,300497,富祥药业,2100,20.57,43165.23,43165.23,10.17,21.6,0.0,31.77,证券卖出
2025-11-18,买入,600693,东百集团,4100,10.76,-44126.82,44126.82,10.38,0.0,0.44,10.82,证券买入
2025-11-18,买入,603817,海峡环保,500,8.2,-4105.04,4105.04,5.0,0.0,0.04,5.04,证券买入
2025-11-18,买入,603817,海峡环保,4400,8.32,-36616.98,36616.98,8.62,0.0,0.36,8.98,证券买入
2025-11-18,买入,603817,海峡环保,5000,8.51,-42560.45,42560.45,10.02,0.0,0.43,10.45,证券买入
2025-11-19,买入,002682,龙洲股份,5100,7.25,-36983.7,36983.7,8.7,0.0,0.0,8.7,证券买入
2025-11-19,买入,002682,龙洲股份,5200,7.3,-37968.94,37968.94,8.94,0.0,0.0,8.94,证券买入
2025-11-19,卖出,600693,东百集团,4100,9.88,40477.8,40477.8,9.54,20.25,0.41,30.2,证券卖出
2025-11-19,买入,603817,海峡环保,5100,7.91,-40350.9,40350.9,9.5,0.0,0.4,9.9,证券买入
2025-11-19,卖出,603817,海峡环保,4700,8.0,37571.98,37571.98,8.85,18.8,0.37,28.02,证券卖出
2025-11-19,卖出,603817,海峡环保,4700,8.12,38135.56,38135.56,8.98,19.08,0.38,28.44,证券卖出
2025-11-19,卖出,603817,海峡环保,500,8.16,4072.92,4072.92,5.0,2.04,0.04,7.08,证券卖出
2025-11-20,卖出,002682,龙洲股份,5200,6.37,33099.64,33099.64,7.8,16.56,0.0,24.36,证券卖出
2025-11-20,卖出,002682,龙洲股份,5100,6.37,32463.11,32463.11,7.65,16.24,0.0,23.89,证券卖出
2025-11-20,买入,300071,福石控股,4100,6.9,-28296.66,28296.66,6.66,0.0,0.0,6.66,证券买入
2025-11-20,买入,300071,福石控股,4700,7.06,-33189.81,33189.81,7.81,0.0,0.0,7.81,证券买入
2025-11-20,买入,300071,福石控股,5600,7.06,-39545.31,39545.31,9.31,0.0,0.0,9.31,证券买入
2025-11-20,买入,300071,福石控股,600,7.21,-4331.0,4331.0,5.0,0.0,0.0,5.0,证券买入
2025-11-20,卖出,603817,海峡环保,5100,7.92,40361.88,40361.88,9.51,20.2,0.41,30.12,证券卖出
2025-11-21,卖出,300071,福石控股,5000,7.21,36023.49,36023.49,8.49,18.02,0.0,26.51,证券卖出
2025-11-21,卖出,300071,福石控股,5000,7.02,35074.19,35074.19,8.26,17.55,0.0,25.81,证券卖出
2025-11-21,卖出,300071,福石控股,5000,7.26,36273.3,36273.3,8.55,18.15,0.0,26.7,证券卖出
2025-11-21,买入,300589,江龙船艇,100,19.6,-1965.0,1965.0,5.0,0.0,0.0,5.0,证券买入
2025-11-21,买入,300589,江龙船艇,1800,19.83,-35702.4,35702.4,8.4,0.0,0.0,8.4,证券买入
2025-11-21,买入,300589,江龙船艇,1700,19.78,-33633.92,33633.92,7.92,0.0,0.0,7.92,证券买入
2025-11-21,买入,300589,江龙船艇,1800,19.93,-35882.44,35882.44,8.44,0.0,0.0,8.44,证券买入
2025-11-24,买入,000017,深中华A,4000,8.42,-33687.93,33687.93,7.93,0.0,0.0,7.93,证券买入
2025-11-24,卖出,300589,江龙船艇,1400,23.35,32665.95,32665.95,7.7,16.35,0.0,24.05,证券卖出
2025-11-24,卖出,300589,江龙船艇,600,23.68,14195.9,14195.9,5.0,7.1,0.0,12.1,证券卖出
2025-11-24,卖出,300589,江龙船艇,1900,23.61,44826.01,44826.01,10.56,22.43,0.0,32.99,证券卖出
2025-11-24,卖出,300589,江龙船艇,1500,23.2,34774.41,34774.41,8.19,17.4,0.0,25.59,证券卖出
2025-11-24,买入,300774,倍杰特,2000,20.88,-41769.83,41769.83,9.83,0.0,0.0,9.83,证券买入
2025-11-25,卖出,000017,深中华A,4000,7.95,31776.61,31776.61,7.49,15.9,0.0,23.39,证券卖出
2025-11-25,买入,000566,海南海药,4600,7.74,-35612.38,35612.38,8.38,0.0,0.0,8.38,证券买入
2025-11-25,买入,000566,海南海药,5100,7.7094,-39327.26,39327.26,9.26,0.0,0.0,9.26,证券买入
2025-11-25,买入,002307,北新路桥,6900,5.39,-37199.75,37199.75,8.75,0.0,0.0,8.75,证券买入
2025-11-25,买入,300379,*ST东通,5100,2.62,-13367.0,13367.0,5.0,0.0,0.0,5.0,证券买入
2025-11-25,卖出,300774,倍杰特,2000,22.77,45506.51,45506.51,10.72,22.77,0.0,33.49,证券卖出
2025-11-26,卖出,000566,海南海药,4900,9.0722,44421.31,44421.31,10.46,22.23,0.0,32.69,证券卖出
2025-11-26,卖出,000566,海南海药,4800,8.91,42736.55,42736.55,10.07,21.38,0.0,31.45,证券卖出
2025-11-26,卖出,002307,北新路桥,6900,6.05,41714.3,41714.3,9.83,20.87,0.0,30.7,证券卖出
2025-11-26,买入,300516,久之洋,100,54.07,-5412.0,5412.0,5.0,0.0,0.0,5.0,证券买入
2025-11-26,买入,300516,久之洋,700,54.88,-38425.04,38425.04,9.04,0.0,0.0,9.04,证券买入
2025-11-26,买入,300516,久之洋,700,58.51,-40966.64,40966.64,9.64,0.0,0.0,9.64,证券买入
2025-11-26,买入,605598,上海港湾,900,47.8911,-43112.58,43112.58,10.15,0.0,0.43,10.58,证券买入
2025-11-27,买入,000566,海南海药,4600,8.52,-39201.23,39201.23,9.23,0.0,0.0,9.23,证券买入
2025-11-27,卖出,300516,久之洋,750,51.27,38424.23,38424.23,9.05,19.22,0.0,28.27,证券卖出
2025-11-27,卖出,300516,久之洋,50,51.36,2561.72,2561.72,5.0,1.28,0.0,6.28,证券卖出
2025-11-27,卖出,300516,久之洋,700,51.16,35785.66,35785.66,8.43,17.91,0.0,26.34,证券卖出
2025-11-27,买入,600734,实达集团,7000,5.85,-40960.05,40960.05,9.64,0.0,0.41,10.05,证券买入
2025-11-27,买入,600734,实达集团,6300,5.83,-36738.02,36738.02,8.65,0.0,0.37,9.02,证券买入
2025-11-27,卖出,605598,上海港湾,900,44.2,39750.35,39750.35,9.36,19.89,0.4,29.65,证券卖出
2025-11-28,卖出,000566,海南海药,4600,8.3315,38296.82,38296.82,9.02,19.16,0.0,28.18,证券卖出
2025-11-28,买入,002413,雷科防务,4900,7.0,-34308.07,34308.07,8.07,0.0,0.0,8.07,证券买入
2025-11-28,买入,600734,实达集团,5900,5.22,-30805.56,30805.56,7.25,0.0,0.31,7.56,证券买入
2025-11-28,买入,600734,实达集团,7600,4.99,-37933.31,37933.31,8.93,0.0,0.38,9.31,证券买入
2025-11-28,卖出,600734,实达集团,6700,5.49,36755.58,36755.58,8.66,18.39,0.37,27.42,证券卖出
2025-11-28,卖出,600734,实达集团,6600,5.16,34030.62,34030.62,8.02,17.02,0.34,25.38,证券卖出
2025-12-01,买入,002264,新华都,3500,8.9989,-31503.41,31503.41,7.41,0.0,0.0,7.41,证券买入
2025-12-01,买入,002264,新华都,4100,9.01,-36949.7,36949.7,8.7,0.0,0.0,8.7,证券买入
2025-12-01,卖出,600734,实达集团,6800,4.94,33566.95,33566.95,7.91,16.8,0.34,25.05,证券卖出
2025-12-01,卖出,600734,实达集团,6700,4.89,32738.58,32738.58,7.71,16.38,0.33,24.42,证券卖出
2025-12-02,买入,000510,新金路,4500,8.98,-40419.51,40419.51,9.51,0.0,0.0,9.51,证券买入
2025-12-02,卖出,002264,新华都,3800,9.17,34820.38,34820.38,8.2,17.42,0.0,25.62,证券卖出
2025-12-02,卖出,002264,新华都,3800,9.34,35465.9,35465.9,8.35,17.75,0.0,26.1,证券卖出
2025-12-02,卖出,002413,雷科防务,4900,8.76,42892.44,42892.44,10.1,21.46,0.0,31.56,证券卖出
2025-12-02,买入,300102,乾照光电,1700,19.91,-33854.97,33854.97,7.97,0.0,0.0,7.97,证券买入
2025-12-02,买入,300102,乾照光电,1800,19.98,-35972.47,35972.47,8.47,0.0,0.0,8.47,证券买入
2025-12-03,卖出,000510,新金路,4500,9.16,41189.69,41189.69,9.7,20.61,0.0,30.31,证券卖出
2025-12-03,买入,001280,N中国铀,500,64.0,-32007.53,32007.53,7.53,0.0,0.0,7.53,证券买入
2025-12-03,卖出,300102,乾照光电,1800,20.55,36962.79,36962.79,8.71,18.5,0.0,27.21,证券卖出
2025-12-03,卖出,300102,乾照光电,1700,20.3006,34485.61,34485.61,8.12,17.27,0.0,25.39,证券卖出
2025-12-03,买入,301292,海科新源,500,72.19,-36103.5,36103.5,8.5,0.0,0.0,8.5,证券买入
2025-12-03,买入,301292,海科新源,600,72.14,-43294.19,43294.19,10.19,0.0,0.0,10.19,证券买入
2025-12-04,买入,000678,襄阳轴承,2100,15.75,-33082.79,33082.79,7.79,0.0,0.0,7.79,证券买入
2025-12-04,买入,000735,罗牛山,3900,8.83,-34445.11,34445.11,8.11,0.0,0.0,8.11,证券买入
2025-12-04,卖出,001280,C中国铀,500,68.75,34349.72,34349.72,8.09,17.19,0.0,25.28,证券卖出
2025-12-04,买入,300102,乾照光电,2200,19.77,-43504.24,43504.24,10.24,0.0,0.0,10.24,证券买入
2025-12-04,卖出,301292,海科新源,600,70.99,42562.67,42562.67,10.03,21.3,0.0,31.33,证券卖出
2025-12-04,卖出,301292,海科新源,500,71.96,35953.53,35953.53,8.47,18.0,0.0,26.47,证券卖出
2025-12-05,卖出,000678,襄阳轴承,2100,14.01,29399.36,29399.36,6.93,14.71,0.0,21.64,证券卖出
2025-12-05,卖出,000735,罗牛山,3900,8.53,33242.52,33242.52,7.83,16.65,0.0,24.48,证券卖出
2025-12-05,买入,002792,通宇通讯,1000,28.22,-28226.64,28226.64,6.64,0.0,0.0,6.64,证券买入
2025-12-05,买入,002792,通宇通讯,1000,28.14,-28146.62,28146.62,6.62,0.0,0.0,6.62,证券买入
2025-12-05,买入,002792,通宇通讯,200,27.45,-5495.0,5495.0,5.0,0.0,0.0,5.0,证券买入
2025-12-05,卖出,300102,乾照光电,2200,22.59,49661.44,49661.44,11.7,24.86,0.0,36.56,证券卖出
2025-12-05,买入,300903,科翔股份,1200,18.99,-22793.36,22793.36,5.36,0.0,0.0,5.36,证券买入
2025-12-05,买入,300903,科翔股份,1400,18.93,-26508.24,26508.24,6.24,0.0,0.0,6.24,证券买入
2025-12-08,卖出,300903,科翔股份,1200,20.25,24282.13,24282.13,5.72,12.15,0.0,17.87,证券卖出
2025-12-08,卖出,300903,科翔股份,1400,20.37,28497.02,28497.02,6.71,14.27,0.0,20.98,证券卖出
2025-12-08,买入,603386,骏亚科技,1400,16.1,-22545.54,22545.54,5.31,0.0,0.23,5.54,证券买入
2025-12-08,买入,603386,骏亚科技,1900,16.0663,-30533.49,30533.49,7.19,0.0,0.3,7.49,证券买入
2025-12-09,买入,000070,特发信息,2400,13.62,-32695.69,32695.69,7.69,0.0,0.0,7.69,证券买入
2025-12-09,买入,000070,特发信息,2600,13.48,-35056.25,35056.25,8.25,0.0,0.0,8.25,证券买入
2025-12-09,买入,000070,特发信息,800,13.99,-11197.0,11197.0,5.0,0.0,0.0,5.0,证券买入
2025-12-09,买入,000070,特发信息,3200,14.1584,-45317.67,45317.67,10.67,0.0,0.0,10.67,证券买入
2025-12-09,卖出,002792,通宇通讯,1100,31.82,34976.26,34976.26,8.24,17.5,0.0,25.74,证券卖出
2025-12-09,卖出,002792,通宇通讯,1100,31.9555,35125.15,35125.15,8.27,17.58,0.0,25.85,证券卖出
2025-12-09,卖出,603386,骏亚科技,3300,17.2364,56837.6,56837.6,13.39,28.44,0.57,42.4,证券卖出
2025-12-10,卖出,000070,特发信息,3000,13.71,41099.75,41099.75,9.68,20.57,0.0,30.25,证券卖出
2025-12-10,卖出,000070,特发信息,3000,13.94,41789.25,41789.25,9.84,20.91,0.0,30.75,证券卖出
2025-12-10,卖出,000070,特发信息,3000,14.14,42388.8,42388.8,9.99,21.21,0.0,31.2,证券卖出
2025-12-10,买入,000811,冰轮环境,2500,17.19,-42985.12,42985.12,10.12,0.0,0.0,10.12,证券买入
2025-12-10,买入,002093,国脉科技,3100,13.39,-41518.77,41518.77,9.77,0.0,0.0,9.77,证券买入
2025-12-11,卖出,000811,冰轮环境,2500,17.55,43842.73,43842.73,10.33,21.94,0.0,32.27,证券卖出
2025-12-11,卖出,002093,国脉科技,3100,12.94,40084.5,40084.5,9.44,20.06,0.0,29.5,证券卖出
2025-12-11,买入,002565,顺灏股份,3200,13.07,-41833.85,41833.85,9.85,0.0,0.0,9.85,证券买入
2025-12-11,买入,601933,永辉超市,8100,5.29,-42859.52,42859.52,10.09,0.0,0.43,10.52,证券买入
2025-12-11,买入,603696,安记食品,1800,21.86,-39357.65,39357.65,9.26,0.0,0.39,9.65,证券买入
2025-12-12,买入,001330,博纳影业,3200,12.18,-38985.17,38985.17,9.17,0.0,0.0,9.17,证券买入
2025-12-12,买入,001330,博纳影业,3800,12.05,-45800.78,45800.78,10.78,0.0,0.0,10.78,证券买入
2025-12-12,卖出,002565,顺灏股份,3200,15.4,49243.76,49243.76,11.6,24.64,0.0,36.24,证券卖出
2025-12-12,买入,601869,长飞光纤,400,101.145,-40467.92,40467.92,9.52,0.0,0.4,9.92,证券买入
2025-12-12,卖出,601933,永辉超市,8100,5.14,41602.96,41602.96,9.8,20.81,0.43,31.04,证券卖出
2025-12-12,卖出,603696,安记食品,1800,19.79,35595.43,35595.43,8.39,17.82,0.36,26.57,证券卖出
2025-12-15,买入,002235,安妮股份,3100,12.37,-38356.03,38356.03,9.03,0.0,0.0,9.03,证券买入
2025-12-15,卖出,601869,长飞光纤,400,96.24,38467.31,38467.31,9.06,19.24,0.39,28.69,证券卖出
2025-12-16,卖出,001330,博纳影业,3500,11.05,38646.56,38646.56,9.1,19.34,0.0,28.44,证券卖出
2025-12-16,卖出,002235,安妮股份,3100,12.8,39650.82,39650.82,9.34,19.84,0.0,29.18,证券卖出
2025-12-16,买入,002565,顺灏股份,500,15.93,-7970.0,7970.0,5.0,0.0,0.0,5.0,证券买入
2025-12-16,买入,002565,顺灏股份,2500,16.14,-40359.5,40359.5,9.5,0.0,0.0,9.5,证券买入
2025-12-16,买入,002565,顺灏股份,2300,16.04,-36900.68,36900.68,8.68,0.0,0.0,8.68,证券买入
2025-12-17,卖出,001330,博纳影业,3500,9.91,34659.5,34659.5,8.16,17.34,0.0,25.5,证券卖出
2025-12-17,卖出,002565,顺灏股份,1800,16.11,28976.67,28976.67,6.83,14.5,0.0,21.33,证券卖出
2025-12-17,卖出,002565,顺灏股份,1800,16.4,29498.29,29498.29,6.95,14.76,0.0,21.71,证券卖出
2025-12-17,卖出,002565,顺灏股份,1700,16.52,28063.35,28063.35,6.61,14.04,0.0,20.65,证券卖出
2025-12-17,买入,301005,超捷股份,100,89.72,-8977.0,8977.0,5.0,0.0,0.0,5.0,证券买入
2025-12-17,买入,301005,超捷股份,300,91.91,-27579.49,27579.49,6.49,0.0,0.0,6.49,证券买入
2025-12-17,买入,301005,超捷股份,300,95.22,-28572.72,28572.72,6.72,0.0,0.0,6.72,证券买入
2025-12-17,买入,301005,超捷股份,300,95.9,-28776.77,28776.77,6.77,0.0,0.0,6.77,证券买入
2025-12-18,买入,301005,超捷股份,400,93.11,-37252.77,37252.77,8.77,0.0,0.0,8.77,证券买入
2025-12-18,卖出,301005,超捷股份,500,92.85,46390.86,46390.86,10.93,23.21,0.0,34.14,证券卖出
2025-12-18,卖出,301005,超捷股份,400,94.04,37588.34,37588.34,8.85,18.81,0.0,27.66,证券卖出
2025-12-18,卖出,301005,超捷股份,400,94.51,37776.19,37776.19,8.9,18.91,0.0,27.81,证券卖出
2025-12-19,买入,300102,乾照光电,1200,25.67,-30811.25,30811.25,7.25,0.0,0.0,7.25,证券买入
2025-12-19,买入,300102,乾照光电,300,25.79,-7742.0,7742.0,5.0,0.0,0.0,5.0,证券买入
2025-12-19,买入,301005,超捷股份,800,94.76,-75825.85,75825.85,17.85,0.0,0.0,17.85,证券买入
2025-12-19,卖出,301005,超捷股份,400,95.04,37988.04,37988.04,8.95,19.01,0.0,27.96,证券卖出
2025-12-22,买入,002565,顺灏股份,1100,15.73,-17308.0,17308.0,5.0,0.0,0.0,5.0,证券买入
2025-12-22,买入,002565,顺灏股份,2300,15.54,-35750.41,35750.41,8.41,0.0,0.0,8.41,证券买入
2025-12-22,卖出,300102,乾照光电,1300,24.6415,32010.45,32010.45,7.54,16.01,0.0,23.55,证券卖出
2025-12-22,卖出,300102,乾照光电,200,24.84,4960.52,4960.52,5.0,2.48,0.0,7.48,证券卖出
2025-12-22,卖出,301005,超捷股份,200,93.58,18701.64,18701.64,5.0,9.36,0.0,14.36,证券卖出
2025-12-22,卖出,301005,超捷股份,200,93.88,18761.61,18761.61,5.0,9.39,0.0,14.39,证券卖出
2025-12-22,卖出,301005,超捷股份,400,94.55,37792.19,37792.19,8.9,18.91,0.0,27.81,证券卖出
2025-12-22,买入,601399,国机重装,7100,5.48,-38917.55,38917.55,9.16,0.0,0.39,9.55,证券买入
2025-12-22,买入,603499,翔港科技,900,19.75,-17780.18,17780.18,5.0,0.0,0.18,5.18,证券买入
2025-12-23,卖出,002565,顺灏股份,3400,15.3715,52224.55,52224.55,12.3,26.15,0.0,38.45,证券卖出
2025-12-23,买入,301667,N纳百川,300,70.2,-21065.0,21065.0,5.0,0.0,0.0,5.0,证券买入
2025-12-23,卖出,601399,国机重装,7100,5.27,37389.11,37389.11,8.81,18.71,0.37,27.89,证券卖出
2025-12-23,卖出,603499,翔港科技,900,19.74,17751.93,17751.93,5.0,8.89,0.18,14.07,证券卖出
2025-12-23,买入,603698,航天工程,1800,27.92,-50268.33,50268.33,11.83,0.0,0.5,12.33,证券买入
2025-12-23,买入,603698,航天工程,500,27.72,-13865.14,13865.14,5.0,0.0,0.14,5.14,证券买入
2025-12-23,买入,603698,航天工程,100,27.59,-2764.03,2764.03,5.0,0.0,0.03,5.03,证券买入
2025-12-23,买入,603698,航天工程,700,27.8,-19465.2,19465.2,5.0,0.0,0.2,5.2,证券买入
2025-12-24,买入,300342,天银机电,2000,26.02,-52052.25,52052.25,12.25,0.0,0.0,12.25,证券买入
2025-12-24,买入,300342,天银机电,1800,25.79,-46432.93,46432.93,10.93,0.0,0.0,10.93,证券买入
2025-12-24,买入,301667,C纳百川,300,84.8,-25445.99,25445.99,5.99,0.0,0.0,5.99,证券买入
2025-12-24,卖出,301667,C纳百川,300,90.0,26980.14,26980.14,6.36,13.5,0.0,19.86,证券卖出
2025-12-24,卖出,603698,航天工程,1600,34.02,54391.43,54391.43,12.81,27.22,0.54,40.57,证券卖出
2025-12-24,卖出,603698,航天工程,1500,30.474,45676.92,45676.92,10.76,22.86,0.46,34.08,证券卖出
2025-12-25,卖出,300342,天银机电,1000,32.28,32256.27,32256.27,7.6,16.13,0.0,23.73,证券卖出
2025-12-25,卖出,300342,天银机电,900,31.98,28760.83,28760.83,6.78,14.39,0.0,21.17,证券卖出
2025-12-25,卖出,300342,天银机电,1900,31.67,60128.75,60128.75,14.16,30.09,0.0,44.25,证券卖出
2025-12-25,买入,300346,南大光电,600,45.91,-27552.48,27552.48,6.48,0.0,0.0,6.48,证券买入
2025-12-25,买入,300346,南大光电,200,45.86,-9177.0,9177.0,5.0,0.0,0.0,5.0,证券买入
2025-12-25,买入,300499,高澜股份,200,31.71,-6347.0,6347.0,5.0,0.0,0.0,5.0,证券买入
2025-12-25,买入,300499,高澜股份,1200,31.91,-38301.01,38301.01,9.01,0.0,0.0,9.01,证券买入
2025-12-25,买入,301449,C天溯,500,78.9,-39459.29,39459.29,9.29,0.0,0.0,9.29,证券买入
2025-12-25,卖出,301667,C纳百川,300,88.33,26479.51,26479.51,6.24,13.25,0.0,19.49,证券卖出
2025-12-26,买入,002471,中超控股,3800,5.85,-22235.23,22235.23,5.23,0.0,0.0,5.23,证券买入
2025-12-26,买入,002471,中超控股,4400,5.82,-25614.03,25614.03,6.03,0.0,0.0,6.03,证券买入
2025-12-26,买入,300189,神农种业,4600,7.74,-35612.38,35612.38,8.38,0.0,0.0,8.38,证券买入
2025-12-26,卖出,300346,南大光电,800,45.56,36421.2,36421.2,8.58,18.22,0.0,26.8,证券卖出
2025-12-26,卖出,300499,高澜股份,1400,31.4,43927.67,43927.67,10.35,21.98,0.0,32.33,证券卖出
2025-12-26,卖出,301449,C天溯,300,114.7367,34395.68,34395.68,8.1,17.22,0.0,25.32,证券卖出
2025-12-26,卖出,301449,C天溯,200,109.62,21907.88,21907.88,5.16,10.96,0.0,16.12,证券卖出
2025-12-26,买入,301667,C纳百川,300,82.66,-24803.84,24803.84,5.84,0.0,0.0,5.84,证券买入
2025-12-29,买入,001208,华菱线缆,1400,23.08,-32319.61,32319.61,7.61,0.0,0.0,7.61,证券买入
2025-12-29,买入,002201,九鼎新材,900,11.91,-10724.0,10724.0,5.0,0.0,0.0,5.0,证券买入
2025-12-29,买入,002201,九鼎新材,2900,12.18,-35330.31,35330.31,8.31,0.0,0.0,8.31,证券买入
2025-12-29,买入,002297,博云新材,2500,12.53,-31332.37,31332.37,7.37,0.0,0.0,7.37,证券买入
2025-12-29,卖出,300189,神农种业,4600,7.87,36175.38,36175.38,8.52,18.1,0.0,26.62,证券卖出
2025-12-29,卖出,301667,C纳百川,300,80.64,24174.22,24174.22,5.69,12.09,0.0,17.78,证券卖出
2025-12-30,卖出,001208,华菱线缆,1400,24.38,34106.9,34106.9,8.03,17.07,0.0,25.1,证券卖出
2025-12-30,卖出,002201,九鼎新材,3800,10.23,38845.42,38845.42,9.15,19.43,0.0,28.58,证券卖出
2025-12-30,卖出,002297,博云新材,2500,12.25,30602.48,30602.48,7.21,15.31,0.0,22.52,证券卖出
2025-12-30,买入,300346,南大光电,800,43.6,-34888.21,34888.21,8.21,0.0,0.0,8.21,证券买入
2025-12-30,买入,301667,纳百川,400,79.62,-31855.5,31855.5,7.5,0.0,0.0,7.5,证券买入
2025-12-30,买入,601969,海南矿业,2500,11.94,-29857.33,29857.33,7.03,0.0,0.3,7.33,证券买入
2025-12-31,买入,002177,御银股份,3500,8.49,-29721.99,29721.99,6.99,0.0,0.0,6.99,证券买入
2025-12-31,买入,002471,中超控股,5200,6.96,-36200.52,36200.52,8.52,0.0,0.0,8.52,证券买入
2025-12-31,卖出,002471,中超控股,4100,7.19,29457.32,29457.32,6.94,14.74,0.0,21.68,证券卖出
2025-12-31,卖出,002471,中超控股,4100,7.29,29867.02,29867.02,7.04,14.94,0.0,21.98,证券卖出
2025-12-31,买入,002591,恒大高新,4100,8.12,-33299.84,33299.84,7.84,0.0,0.0,7.84,证券买入
2025-12-31,买入,300346,南大光电,700,43.35,-30352.14,30352.14,7.14,0.0,0.0,7.14,证券买入
2025-12-31,买入,300346,南大光电,600,43.44,-26070.14,26070.14,6.14,0.0,0.0,6.14,证券买入
2025-12-31,卖出,300346,南大光电,800,43.0513,34415.67,34415.67,8.11,17.22,0.0,25.33,证券卖出
2025-12-31,卖出,301667,纳百川,400,82.42,32943.76,32943.76,7.76,16.48,0.0,24.24,证券卖出
2025-12-31,卖出,601969,海南矿业,2500,11.98,29927.67,29927.67,7.05,14.98,0.3,22.33,证券卖出
2026-01-05,买入,000700,模塑科技,2100,13.98,-29364.91,29364.91,6.91,0.0,0.0,6.91,证券买入
2026-01-05,买入,000700,模塑科技,3000,13.96,-41889.86,41889.86,9.86,0.0,0.0,9.86,证券买入
2026-01-05,买入,000700,模塑科技,2700,13.86,-37430.81,37430.81,8.81,0.0,0.0,8.81,证券买入
2026-01-05,卖出,002177,御银股份,3500,8.63,30182.79,30182.79,7.11,15.1,0.0,22.21,证券卖出
2026-01-05,卖出,002471,中超控股,5200,8.21,42660.6,42660.6,10.05,21.35,0.0,31.4,证券卖出
2026-01-05,卖出,002591,恒大高新,4100,7.32,29989.93,29989.93,7.06,15.01,0.0,22.07,证券卖出
2026-01-05,卖出,300346,南大光电,1300,44.67,58028.29,58028.29,13.67,29.04,0.0,42.71,证券卖出
2026-01-05,卖出,300379,东通退,5100,1.27,6468.76,6468.76,5.0,3.24,0.0,8.24,证券卖出
2026-01-06,卖出,000700,模塑科技,2600,15.6,40530.17,40530.17,9.55,20.28,0.0,29.83,证券卖出
2026-01-06,卖出,000700,模塑科技,2600,14.89,38685.53,38685.53,9.11,19.36,0.0,28.47,证券卖出
2026-01-06,卖出,000700,模塑科技,2600,14.4527,37549.36,37549.36,8.85,18.79,0.0,27.64,证券卖出
2026-01-06,买入,002347,泰尔股份,2600,12.11,-31493.41,31493.41,7.41,0.0,0.0,7.41,证券买入
2026-01-06,买入,002347,泰尔股份,1500,12.41,-18620.0,18620.0,5.0,0.0,0.0,5.0,证券买入
2026-01-06,买入,600151,航天机电,2000,18.78,-37569.22,37569.22,8.84,0.0,0.38,9.22,证券买入
2026-01-06,买入,600271,航天信息,3400,11.23,-38191.37,38191.37,8.99,0.0,0.38,9.37,证券买入
2026-01-06,买入,603667,五洲新春,100,75.18,-7523.08,7523.08,5.0,0.0,0.08,5.08,证券买入
2026-01-06,买入,603667,五洲新春,500,76.04,-38029.33,38029.33,8.95,0.0,0.38,9.33,证券买入
2026-01-07,卖出,002347,泰尔股份,4100,12.64,51785.9,51785.9,12.2,25.9,0.0,38.1,证券卖出
2026-01-07,买入,002716,湖南白银,6300,8.29,-52239.29,52239.29,12.29,0.0,0.0,12.29,证券买入
2026-01-07,买入,300003,乐普医疗,2500,19.21,-48036.31,48036.31,11.31,0.0,0.0,11.31,证券买入
2026-01-07,买入,300652,雷迪克,600,63.25,-37958.93,37958.93,8.93,0.0,0.0,8.93,证券买入
2026-01-07,买入,300652,雷迪克,700,63.52,-44474.47,44474.47,10.47,0.0,0.0,10.47,证券买入
2026-01-07,卖出,600151,航天机电,2000,19.02,38011.64,38011.64,8.95,19.02,0.39,28.36,证券卖出
2026-01-07,卖出,600271,航天信息,3400,11.8,40090.1,40090.1,9.44,20.06,0.4,29.9,证券卖出
2026-01-07,卖出,603667,五洲新春,600,75.3,45146.32,45146.32,10.64,22.59,0.45,33.68,证券卖出
2026-01-08,买入,002383,合众思壮,2500,13.72,-34308.07,34308.07,8.07,0.0,0.0,8.07,证券买入
2026-01-08,买入,002383,合众思壮,600,13.74,-8249.0,8249.0,5.0,0.0,0.0,5.0,证券买入
2026-01-08,买入,002383,合众思壮,3300,13.8,-45550.72,45550.72,10.72,0.0,0.0,10.72,证券买入
2026-01-08,卖出,002716,湖南白银,6300,8.0,50362.94,50362.94,11.86,25.2,0.0,37.06,证券卖出
2026-01-08,卖出,300003,乐普医疗,2500,18.86,47115.32,47115.32,11.1,23.58,0.0,34.68,证券卖出
2026-01-08,卖出,300652,雷迪克,600,61.9,37112.69,37112.69,8.74,18.57,0.0,27.31,证券卖出
2026-01-08,卖出,300652,雷迪克,700,62.38,43633.89,43633.89,10.28,21.83,0.0,32.11,证券卖出
2026-01-08,买入,301293,三博脑科,500,91.112,-45566.72,45566.72,10.72,0.0,0.0,10.72,证券买入
2026-01-08,买入,301363,美好医疗,1000,40.82,-40829.61,40829.61,9.61,0.0,0.0,9.61,证券买入
2026-01-09,卖出,002383,合众思壮,3200,13.94,44575.2,44575.2,10.5,22.3,0.0,32.8,证券卖出
2026-01-09,卖出,002383,合众思壮,3200,13.97,44671.12,44671.12,10.52,22.36,0.0,32.88,证券卖出
2026-01-09,买入,002413,雷科防务,2600,16.94,-44054.37,44054.37,10.37,0.0,0.0,10.37,证券买入
2026-01-09,买入,300346,南大光电,600,57.22,-34340.08,34340.08,8.08,0.0,0.0,8.08,证券买入
2026-01-09,买入,300346,南大光电,800,57.15,-45730.76,45730.76,10.76,0.0,0.0,10.76,证券买入
2026-01-09,买入,300346,南大光电,800,57.13,-45714.76,45714.76,10.76,0.0,0.0,10.76,证券买入
2026-01-09,卖出,301293,三博脑科,500,95.11,47520.03,47520.03,11.19,23.78,0.0,34.97,证券卖出
2026-01-09,卖出,301363,美好医疗,1000,37.75,37722.24,37722.24,8.89,18.87,0.0,27.76,证券卖出
2026-01-12,卖出,002413,雷科防务,2600,18.54,48168.56,48168.56,11.35,24.09,0.0,35.44,证券卖出
2026-01-12,卖出,300346,南大光电,100,56.8,5672.16,5672.16,5.0,2.84,0.0,7.84,证券卖出
2026-01-12,卖出,300346,南大光电,1000,56.368,56326.55,56326.55,13.27,28.18,0.0,41.45,证券卖出
2026-01-12,卖出,300346,南大光电,1100,57.0,62653.89,62653.89,14.76,31.35,0.0,46.11,证券卖出
2026-01-12,买入,600266,城建发展,8100,7.02,-56875.97,56875.97,13.39,0.0,0.58,13.97,证券买入
2026-01-12,买入,600266,城建发展,17100,6.94,-118703.13,118703.13,27.94,0.0,1.19,29.13,证券买入
2026-01-13,买入,300102,乾照光电,2000,35.88,-71776.89,71776.89,16.89,0.0,0.0,16.89,证券买入
2026-01-13,买入,300102,乾照光电,2500,36.092,-90251.24,90251.24,21.24,0.0,0.0,21.24,证券买入
2026-01-13,卖出,600266,城建发展,11200,6.48,72521.91,72521.91,17.08,36.29,0.72,54.09,证券卖出
2026-01-13,卖出,600266,城建发展,5600,6.56,36708.62,36708.62,8.65,18.36,0.37,27.38,证券卖出
2026-01-13,卖出,600266,城建发展,8400,6.5,54559.29,54559.29,12.85,27.32,0.54,40.71,证券卖出
2026-01-14,买入,002338,奥普光电,400,59.29,-23721.58,23721.58,5.58,0.0,0.0,5.58,证券买入
2026-01-14,买入,300033,同花顺,100,404.04,-40413.51,40413.51,9.51,0.0,0.0,9.51,证券买入
2026-01-14,买入,300033,同花顺,100,405.51,-40560.55,40560.55,9.55,0.0,0.0,9.55,证券买入
2026-01-14,卖出,300102,乾照光电,1600,34.92,55830.91,55830.91,13.15,27.94,0.0,41.09,证券卖出
2026-01-14,卖出,300102,乾照光电,1500,35.33,52956.02,52956.02,12.48,26.5,0.0,38.98,证券卖出
2026-01-14,卖出,300102,乾照光电,1400,36.78,51454.13,51454.13,12.12,25.75,0.0,37.87,证券卖出
2026-01-14,买入,600783,鲁信创投,1400,35.89,-50258.33,50258.33,11.83,0.0,0.5,12.33,证券买入
2026-01-15,卖出,002338,奥普光电,400,58.75,23482.72,23482.72,5.53,11.75,0.0,17.28,证券卖出
2026-01-15,卖出,300033,同花顺,200,393.34,78610.15,78610.15,18.52,39.33,0.0,57.85,证券卖出
2026-01-15,买入,300622,博士眼镜,200,37.63,-7531.0,7531.0,5.0,0.0,0.0,5.0,证券买入
2026-01-15,买入,300622,博士眼镜,1000,37.12,-37128.74,37128.74,8.74,0.0,0.0,8.74,证券买入
2026-01-15,买入,301517,陕西华达,400,85.4925,-34205.05,34205.05,8.05,0.0,0.0,8.05,证券买入
2026-01-15,买入,603352,N至信,400,67.95,-27186.67,27186.67,6.4,0.0,0.27,6.67,证券买入
2026-01-16,买入,300136,信维通信,300,80.31,-24098.67,24098.67,5.67,0.0,0.0,5.67,证券买入
2026-01-16,买入,300136,信维通信,500,79.97,-39994.41,39994.41,9.41,0.0,0.0,9.41,证券买入
2026-01-16,买入,300136,信维通信,500,80.0,-40009.42,40009.42,9.42,0.0,0.0,9.42,证券买入
2026-01-16,卖出,300622,博士眼镜,1200,35.07,42053.04,42053.04,9.91,21.05,0.0,30.96,证券卖出
2026-01-16,卖出,301517,陕西华达,100,78.35,7826.08,7826.08,5.0,3.92,0.0,8.92,证券卖出
2026-01-16,卖出,301517,陕西华达,300,80.28,24066.29,24066.29,5.67,12.04,0.0,17.71,证券卖出
2026-01-16,买入,600266,城建发展,4300,6.48,-27870.83,27870.83,6.56,0.0,0.27,6.83,证券买入
2026-01-16,卖出,600783,鲁信创投,1400,28.77,40247.97,40247.97,9.48,20.14,0.41,30.03,证券卖出
2026-01-16,卖出,603352,C至信,400,60.98,24373.82,24373.82,5.74,12.19,0.25,18.18,证券卖出
2026-01-19,买入,002112,三变科技,500,17.97,-8990.0,8990.0,5.0,0.0,0.0,5.0,证券买入
2026-01-19,买入,002519,银河电子,3900,8.35,-32572.67,32572.67,7.67,0.0,0.0,7.67,证券买入
2026-01-19,买入,002927,泰永长征,1200,22.55,-27066.37,27066.37,6.37,0.0,0.0,6.37,证券买入
2026-01-19,买入,300136,信维通信,400,78.36,-31351.38,31351.38,7.38,0.0,0.0,7.38,证券买入
2026-01-19,卖出,300136,信维通信,500,79.53,39735.75,39735.75,9.36,19.89,0.0,29.25,证券卖出
2026-01-19,卖出,300136,信维通信,400,80.425,32146.35,32146.35,7.57,16.08,0.0,23.65,证券卖出
2026-01-19,卖出,300136,信维通信,400,81.77,32683.94,32683.94,7.7,16.36,0.0,24.06,证券卖出
2026-01-19,卖出,600266,城建发展,4300,6.96,29905.69,29905.69,7.05,14.96,0.3,22.31,证券卖出
2026-01-20,卖出,002112,三变科技,500,22.48,11229.38,11229.38,5.0,5.62,0.0,10.62,证券卖出
2026-01-20,买入,002119,康强电子,1500,23.79,-35693.4,35693.4,8.4,0.0,0.0,8.4,证券买入
2026-01-20,买入,002196,方正电机,2200,16.49,-36286.54,36286.54,8.54,0.0,0.0,8.54,证券买入
2026-01-20,卖出,002519,银河电子,3900,8.29,32307.22,32307.22,7.61,16.17,0.0,23.78,证券卖出
2026-01-20,卖出,002927,泰永长征,1200,22.33,26776.3,26776.3,6.31,13.39,0.0,19.7,证券卖出
2026-01-20,卖出,300136,信维通信,400,81.47,32564.04,32564.04,7.67,16.29,0.0,23.96,证券卖出
2026-01-20,买入,600266,城建发展,5400,6.63,-35810.79,35810.79,8.43,0.0,0.36,8.79,证券买入
2026-01-20,买入,603283,赛腾股份,600,53.41,-32053.86,32053.86,7.54,0.0,0.32,7.86,证券买入
2026-01-21,买入,002112,三变科技,1600,21.38,-34216.05,34216.05,8.05,0.0,0.0,8.05,证券买入
2026-01-21,买入,002112,三变科技,1600,21.78,-34856.2,34856.2,8.2,0.0,0.0,8.2,证券买入
2026-01-21,卖出,002119,康强电子,1500,23.91,35838.63,35838.63,8.44,17.93,0.0,26.37,证券卖出
2026-01-21,卖出,002196,方正电机,2200,16.8,36932.82,36932.82,8.7,18.48,0.0,27.18,证券卖出
2026-01-21,买入,002358,森源电气,4500,7.47,-33622.91,33622.91,7.91,0.0,0.0,7.91,证券买入
2026-01-21,买入,300444,双杰电气,2300,14.77,-33979.0,33979.0,8.0,0.0,0.0,8.0,证券买入
2026-01-21,卖出,600266,城建发展,5400,6.5,35073.84,35073.84,8.26,17.55,0.35,26.16,证券卖出
2026-01-21,卖出,603283,赛腾股份,600,52.0,31176.75,31176.75,7.34,15.6,0.31,23.25,证券卖出
2026-01-22,卖出,002112,三变科技,1600,21.75,34774.41,34774.41,8.19,17.4,0.0,25.59,证券卖出
2026-01-22,卖出,002112,三变科技,1600,21.65,34614.53,34614.53,8.15,17.32,0.0,25.47,证券卖出
2026-01-22,买入,002165,红宝丽,400,9.39,-3761.0,3761.0,5.0,0.0,0.0,5.0,证券买入
2026-01-22,买入,002165,红宝丽,3700,9.5373,-35296.31,35296.31,8.31,0.0,0.0,8.31,证券买入
2026-01-22,卖出,002358,森源电气,4500,7.2,32376.17,32376.17,7.63,16.2,0.0,23.83,证券卖出
2026-01-22,买入,300136,信维通信,400,75.5,-30207.11,30207.11,7.11,0.0,0.0,7.11,证券买入
2026-01-22,买入,300136,信维通信,400,75.05,-30027.07,30027.07,7.07,0.0,0.0,7.07,证券买入
2026-01-22,卖出,300444,双杰电气,2300,14.65,33670.22,33670.22,7.93,16.85,0.0,24.78,证券卖出
2026-01-22,买入,600391,航发科技,700,50.4,-35288.65,35288.65,8.3,0.0,0.35,8.65,证券买入
2026-01-23,买入,000066,中国长城,2000,18.36,-36728.64,36728.64,8.64,0.0,0.0,8.64,证券买入
2026-01-23,买入,000066,中国长城,1900,18.76,-35652.39,35652.39,8.39,0.0,0.0,8.39,证券买入
2026-01-23,卖出,002165,红宝丽,4100,9.91,40601.11,40601.11,9.56,20.33,0.0,29.89,证券卖出
2026-01-23,买入,002358,森源电气,4900,7.14,-34994.24,34994.24,8.24,0.0,0.0,8.24,证券买入
2026-01-23,卖出,300136,信维通信,400,83.195,33253.53,33253.53,7.83,16.64,0.0,24.47,证券卖出
2026-01-23,卖出,300136,信维通信,400,83.47,33363.45,33363.45,7.86,16.69,0.0,24.55,证券卖出
2026-01-23,买入,301023,奕帆传动,600,56.93,-34166.04,34166.04,8.04,0.0,0.0,8.04,证券买入
2026-01-23,卖出,600391,航发科技,700,55.34,38709.12,38709.12,9.12,19.37,0.39,28.88,证券卖出
2026-01-26,卖出,000066,中国长城,2000,18.08,36133.4,36133.4,8.51,18.09,0.0,26.6,证券卖出
2026-01-26,卖出,000066,中国长城,1900,18.33,34801.38,34801.38,8.2,17.42,0.0,25.62,证券卖出
2026-01-26,买入,000880,潍柴重机,800,39.64,-31719.47,31719.47,7.47,0.0,0.0,7.47,证券买入
2026-01-26,卖出,002358,森源电气,4900,7.63,37359.51,37359.51,8.8,18.69,0.0,27.49,证券卖出
2026-01-26,买入,002546,新联电子,3900,9.28,-36200.52,36200.52,8.52,0.0,0.0,8.52,证券买入
2026-01-26,买入,002546,新联电子,3800,9.44,-35880.44,35880.44,8.44,0.0,0.0,8.44,证券买入
2026-01-26,买入,002546,新联电子,400,9.51,-3809.0,3809.0,5.0,0.0,0.0,5.0,证券买入
2026-01-26,买入,002546,新联电子,3600,9.46,-34064.02,34064.02,8.02,0.0,0.0,8.02,证券买入
2026-01-26,卖出,301023,奕帆传动,600,55.08,33023.7,33023.7,7.78,16.52,0.0,24.3,证券卖出
2026-01-27,卖出,000880,潍柴重机,800,36.87,29474.32,29474.32,6.94,14.74,0.0,21.68,证券卖出
2026-01-27,买入,002112,三变科技,1600,22.82,-36520.59,36520.59,8.59,0.0,0.0,8.59,证券买入
2026-01-27,买入,002112,三变科技,1300,23.19,-30154.1,30154.1,7.1,0.0,0.0,7.1,证券买入
2026-01-27,卖出,002546,新联电子,3900,9.08,35385.95,35385.95,8.34,17.71,0.0,26.05,证券卖出
2026-01-27,卖出,002546,新联电子,3900,9.24,36009.5,36009.5,8.48,18.02,0.0,26.5,证券卖出
2026-01-27,卖出,002546,新联电子,3900,9.13,35580.81,35580.81,8.38,17.81,0.0,26.19,证券卖出
2026-01-27,买入,300102,乾照光电,800,41.09,-32879.74,32879.74,7.74,0.0,0.0,7.74,证券买入
2026-01-27,买入,300102,乾照光电,900,40.19,-36179.51,36179.51,8.51,0.0,0.0,8.51,证券买入
2026-01-28,卖出,002112,三变科技,1500,22.86,34264.78,34264.78,8.07,17.15,0.0,25.22,证券卖出
2026-01-28,卖出,002112,三变科技,1400,22.21,31071.13,31071.13,7.32,15.55,0.0,22.87,证券卖出
2026-01-28,买入,002149,西部材料,100,47.98,-4803.0,4803.0,5.0,0.0,0.0,5.0,证券买入
2026-01-28,买入,002149,西部材料,700,47.9271,-33556.9,33556.9,7.9,0.0,0.0,7.9,证券买入
2026-01-28,买入,002149,西部材料,600,48.03,-28824.78,28824.78,6.78,0.0,0.0,6.78,证券买入
2026-01-28,卖出,300102,乾照光电,900,43.37,39004.29,39004.29,9.19,19.52,0.0,28.71,证券卖出
2026-01-28,卖出,300102,乾照光电,800,40.77,32592.01,32592.01,7.68,16.31,0.0,23.99,证券卖出
2026-01-28,买入,300136,信维通信,400,83.96,-33591.91,33591.91,7.91,0.0,0.0,7.91,证券买入
2026-01-28,买入,600589,大位科技,3400,10.56,-35912.8,35912.8,8.45,0.0,0.35,8.8,证券买入
2026-01-29,卖出,002149,西部材料,700,46.85,32770.88,32770.88,7.72,16.4,0.0,24.12,证券卖出
2026-01-29,卖出,002149,西部材料,700,46.95,32840.83,32840.83,7.74,16.43,0.0,24.17,证券卖出
2026-01-29,买入,300017,网宿科技,2200,14.8373,-32649.68,32649.68,7.68,0.0,0.0,7.68,证券买入
2026-01-29,买入,300017,网宿科技,4500,14.94,-67245.83,67245.83,15.83,0.0,0.0,15.83,证券买入
2026-01-29,买入,300017,网宿科技,2100,14.75,-30982.29,30982.29,7.29,0.0,0.0,7.29,证券买入
2026-01-29,卖出,300136,信维通信,400,81.2,32456.11,32456.11,7.65,16.24,0.0,23.89,证券卖出
2026-01-29,卖出,600589,大位科技,3400,10.02,34042.61,34042.61,8.02,17.03,0.34,25.39,证券卖出
2026-01-30,买入,000738,航发控制,1200,23.88,-28662.75,28662.75,6.75,0.0,0.0,6.75,证券买入
2026-01-30,卖出,300017,网宿科技,3000,17.04,51082.41,51082.41,12.03,25.56,0.0,37.59,证券卖出
2026-01-30,卖出,300017,网宿科技,2900,17.04,49379.66,49379.66,11.63,24.71,0.0,36.34,证券卖出
2026-01-30,买入,300136,信维通信,400,79.32,-31735.47,31735.47,7.47,0.0,0.0,7.47,证券买入
2026-01-30,买入,300136,信维通信,500,80.12,-40069.43,40069.43,9.43,0.0,0.0,9.43,证券买入
2026-01-30,买入,600172,黄河旋风,3200,6.55,-20965.21,20965.21,5.0,0.0,0.21,5.21,证券买入
2026-01-30,买入,603988,中电电机,600,36.985,-22196.44,22196.44,5.22,0.0,0.22,5.44,证券买入
2026-02-02,卖出,000738,航发控制,1200,24.66,29570.23,29570.23,6.97,14.8,0.0,21.77,证券卖出
2026-02-02,买入,002155,湖南黄金,800,33.3,-26646.27,26646.27,6.27,0.0,0.0,6.27,证券买入
2026-02-02,买入,002155,湖南黄金,900,34.46,-31021.3,31021.3,7.3,0.0,0.0,7.3,证券买入
2026-02-02,买入,002155,湖南黄金,600,33.3,-19985.0,19985.0,5.0,0.0,0.0,5.0,证券买入
2026-02-02,买入,002155,湖南黄金,300,33.3,-9995.0,9995.0,5.0,0.0,0.0,5.0,证券买入
2026-02-02,卖出,300136,信维通信,500,80.98,40460.22,40460.22,9.53,20.25,0.0,29.78,证券卖出
2026-02-02,卖出,300136,信维通信,400,83.58,33407.41,33407.41,7.87,16.72,0.0,24.59,证券卖出
2026-02-02,卖出,600172,黄河旋风,3200,6.44,20592.49,20592.49,5.0,10.3,0.21,15.51,证券卖出
2026-02-02,买入,600986,浙文互联,2300,12.74,-29309.19,29309.19,6.9,0.0,0.29,7.19,证券买入
2026-02-03,买入,002009,天奇股份,1300,29.29,-38085.96,38085.96,8.96,0.0,0.0,8.96,证券买入
2026-02-03,买入,002009,天奇股份,1300,29.77,-38710.11,38710.11,9.11,0.0,0.0,9.11,证券买入
2026-02-03,卖出,002155,湖南黄金,1300,34.49,44804.03,44804.03,10.55,22.42,0.0,32.97,证券卖出
2026-02-03,卖出,002155,湖南黄金,1300,34.97,45427.57,45427.57,10.7,22.73,0.0,33.43,证券卖出
2026-02-03,买入,300017,网宿科技,2400,17.6125,-42279.95,42279.95,9.95,0.0,0.0,9.95,证券买入
2026-02-03,买入,300118,东方日升,1500,22.11,-33172.81,33172.81,7.81,0.0,0.0,7.81,证券买入
2026-02-03,卖出,600986,浙文互联,2300,15.42,35439.57,35439.57,8.35,17.73,0.35,26.43,证券卖出
2026-02-03,卖出,603988,中电电机,600,29.27,17548.04,17548.04,5.0,8.78,0.18,13.96,证券卖出
2026-02-04,买入,001220,C世盟,200,52.46,-10497.0,10497.0,5.0,0.0,0.0,5.0,证券买入
2026-02-04,买入,001220,C世盟,500,52.32,-26166.16,26166.16,6.16,0.0,0.0,6.16,证券买入
2026-02-04,买入,001220,C世盟,800,52.88,-42313.96,42313.96,9.96,0.0,0.0,9.96,证券买入
2026-02-04,买入,001220,C世盟,800,52.02,-41625.8,41625.8,9.8,0.0,0.0,9.8,证券买入
2026-02-04,买入,001220,C世盟,700,53.0,-37108.73,37108.73,8.73,0.0,0.0,8.73,证券买入
2026-02-04,卖出,002009,天奇股份,300,30.2,9050.47,9050.47,5.0,4.53,0.0,9.53,证券卖出
2026-02-04,卖出,002009,天奇股份,1000,30.28,30257.73,30257.73,7.13,15.14,0.0,22.27,证券卖出
2026-02-04,卖出,002009,天奇股份,1300,30.12,39127.19,39127.19,9.22,19.59,0.0,28.81,证券卖出
2026-02-04,卖出,300017,网宿科技,2400,18.3,43887.67,43887.67,10.34,21.99,0.0,32.33,证券卖出
2026-02-04,卖出,300118,东方日升,1500,22.12,33155.6,33155.6,7.81,16.59,0.0,24.4,证券卖出
2026-02-05,买入,000738,航发控制,1300,27.8592,-36225.53,36225.53,8.53,0.0,0.0,8.53,证券买入
2026-02-05,卖出,001220,C世盟,800,50.62,40466.23,40466.23,9.53,20.24,0.0,29.77,证券卖出
2026-02-05,卖出,001220,C世盟,800,51.26,40977.85,40977.85,9.65,20.5,0.0,30.15,证券卖出
2026-02-05,卖出,001220,C世盟,700,51.97,36352.25,36352.25,8.56,18.19,0.0,26.75,证券卖出
2026-02-05,卖出,001220,C世盟,700,51.7471,36196.36,36196.36,8.53,18.11,0.0,26.64,证券卖出
2026-02-05,买入,002155,湖南黄金,1300,34.64,-45042.6,45042.6,10.6,0.0,0.0,10.6,证券买入
2026-02-05,买入,002165,红宝丽,2600,13.66,-35524.36,35524.36,8.36,0.0,0.0,8.36,证券买入
2026-02-05,买入,002865,钧达股份,300,102.87,-30868.26,30868.26,7.26,0.0,0.0,7.26,证券买入
2026-02-06,卖出,000738,航发控制,1300,27.52,35749.68,35749.68,8.42,17.9,0.0,26.32,证券卖出
2026-02-06,卖出,002155,湖南黄金,1300,31.72,41205.68,41205.68,9.71,20.61,0.0,30.32,证券卖出
2026-02-06,卖出,002165,红宝丽,2600,12.57,32657.97,32657.97,7.69,16.34,0.0,24.03,证券卖出
2026-02-06,卖出,002865,钧达股份,300,100.28,30061.88,30061.88,7.08,15.04,0.0,22.12,证券卖出
2026-02-06,买入,301636,泽润新能,800,90.2863,-72246.0,72246.0,17.0,0.0,0.0,17.0,证券买入
2026-02-06,买入,301636,泽润新能,400,89.9425,-35985.47,35985.47,8.47,0.0,0.0,8.47,证券买入
2026-02-06,买入,603103,横店影视,100,33.4,-3345.03,3345.03,5.0,0.0,0.03,5.03,证券买入
2026-02-09,买入,002291,遥望科技,5200,8.42,-43794.31,43794.31,10.31,0.0,0.0,10.31,证券买入
2026-02-09,卖出,301636,泽润新能,400,103.99,41565.41,41565.41,9.79,20.8,0.0,30.59,证券卖出
2026-02-09,卖出,301636,泽润新能,400,112.4575,44949.92,44949.92,10.59,22.49,0.0,33.08,证券卖出
2026-02-09,卖出,301636,泽润新能,400,107.87,43116.26,43116.26,10.16,21.58,0.0,31.74,证券卖出
2026-02-09,买入,600814,杭州解百,500,10.71,-5360.05,5360.05,5.0,0.0,0.05,5.05,证券买入
2026-02-09,买入,600814,杭州解百,300,10.52,-3161.03,3161.03,5.0,0.0,0.03,5.03,证券买入
2026-02-09,买入,600814,杭州解百,3000,10.68,-32047.86,32047.86,7.54,0.0,0.32,7.86,证券买入
2026-02-09,买入,601116,三江购物,2100,18.29,-38418.42,38418.42,9.04,0.0,0.38,9.42,证券买入
2026-02-09,卖出,603103,横店影视,100,36.7,3663.12,3663.12,5.0,1.84,0.04,6.88,证券卖出
2026-02-10,买入,002009,天奇股份,1300,32.68,-42494.0,42494.0,10.0,0.0,0.0,10.0,证券买入
2026-02-10,卖出,002291,遥望科技,5200,8.84,45934.2,45934.2,10.82,22.98,0.0,33.8,证券卖出
2026-02-10,买入,300912,凯龙高科,900,41.61,-37457.82,37457.82,8.82,0.0,0.0,8.82,证券买入
2026-02-10,买入,300912,凯龙高科,800,44.24,-35400.33,35400.33,8.33,0.0,0.0,8.33,证券买入
2026-02-10,卖出,600814,杭州解百,3800,9.77,37098.31,37098.31,8.74,18.57,0.38,27.69,证券卖出
2026-02-10,卖出,601116,三江购物,2100,17.651,37039.35,37039.35,8.73,18.54,0.38,27.65,证券卖出
2026-02-10,买入,603667,五洲新春,500,89.35,-44685.97,44685.97,10.52,0.0,0.45,10.97,证券买入
2026-02-11,卖出,002009,天奇股份,1300,32.45,42153.97,42153.97,9.93,21.1,0.0,31.03,证券卖出
2026-02-11,买入,002218,拓日新能,3800,7.42,-28202.64,28202.64,6.64,0.0,0.0,6.64,证券买入
2026-02-11,买入,002218,拓日新能,5600,7.54,-42233.94,42233.94,9.94,0.0,0.0,9.94,证券买入
2026-02-11,买入,002218,拓日新能,6000,7.45,-44710.52,44710.52,10.52,0.0,0.0,10.52,证券买入
2026-02-11,买入,002218,拓日新能,4800,7.41,-35576.37,35576.37,8.37,0.0,0.0,8.37,证券买入
2026-02-11,卖出,300912,凯龙高科,800,38.8775,31079.13,31079.13,7.32,15.55,0.0,22.87,证券卖出
2026-02-11,卖出,300912,凯龙高科,900,40.5,36423.19,36423.19,8.58,18.23,0.0,26.81,证券卖出
2026-02-11,卖出,603667,五洲新春,500,88.88,44406.88,44406.88,10.46,22.21,0.45,33.12,证券卖出
2026-02-12,买入,000892,欢瑞世纪,4700,8.95,-42074.9,42074.9,9.9,0.0,0.0,9.9,证券买入
2026-02-12,买入,000892,欢瑞世纪,5100,9.12,-46522.95,46522.95,10.95,0.0,0.0,10.95,证券买入
2026-02-12,买入,000892,欢瑞世纪,5000,9.2,-46010.83,46010.83,10.83,0.0,0.0,10.83,证券买入
2026-02-12,买入,002218,拓日新能,100,7.16,-721.0,721.0,5.0,0.0,0.0,5.0,证券买入
2026-02-12,卖出,002218,拓日新能,6800,6.94,47157.29,47157.29,11.11,23.6,0.0,34.71,证券卖出
2026-02-12,卖出,002218,拓日新能,6700,6.95,46530.76,46530.76,10.96,23.28,0.0,34.24,证券卖出
2026-02-12,卖出,002218,拓日新能,6700,6.94,46463.81,46463.81,10.95,23.24,0.0,34.19,证券卖出
2026-02-13,买入,000559,万向钱潮,4400,20.27,-89208.99,89208.99,20.99,0.0,0.0,20.99,证券买入
2026-02-13,买入,000559,万向钱潮,1100,20.47,-22522.3,22522.3,5.3,0.0,0.0,5.3,证券买入
2026-02-13,买入,000892,欢瑞世纪,900,8.39,-7556.0,7556.0,5.0,0.0,0.0,5.0,证券买入
2026-02-13,卖出,000892,欢瑞世纪,11100,8.19,90842.14,90842.14,21.4,45.46,0.0,66.86,证券卖出
2026-02-13,卖出,000892,欢瑞世纪,3700,8.19,30280.72,30280.72,7.13,15.15,0.0,22.28,证券卖出
2026-02-13,卖出,002218,拓日新能,100,6.93,687.65,687.65,5.0,0.35,0.0,5.35,证券卖出
2026-02-24,买入,000559,万向钱潮,300,19.91,-5978.0,5978.0,5.0,0.0,0.0,5.0,证券买入
2026-02-24,卖出,000559,万向钱潮,1200,20.17,24186.2,24186.2,5.7,12.1,0.0,17.8,证券卖出
2026-02-24,卖出,000559,万向钱潮,1200,20.25,24282.12,24282.12,5.72,12.16,0.0,17.88,证券卖出
2026-02-24,卖出,000559,万向钱潮,3100,20.2503,62729.84,62729.84,14.78,31.38,0.0,46.16,证券卖出
2026-02-24,卖出,000892,欢瑞世纪,900,7.38,6633.68,6633.68,5.0,3.32,0.0,8.32,证券卖出
2026-02-24,买入,600589,大位科技,100,11.87,-1192.01,1192.01,5.0,0.0,0.01,5.01,证券买入
2026-02-25,卖出,000559,万向钱潮,300,19.43,5821.09,5821.09,5.0,2.91,0.0,7.91,证券卖出
2026-02-25,买入,002703,浙江世宝,1500,24.0,-36008.47,36008.47,8.47,0.0,0.0,8.47,证券买入
2026-02-25,买入,300846,首都在线,1100,34.2945,-37732.88,37732.88,8.88,0.0,0.0,8.88,证券买入
2026-02-25,买入,600589,大位科技,200,11.74,-2353.02,2353.02,5.0,0.0,0.02,5.02,证券买入
2026-02-25,买入,600589,大位科技,3300,11.77,-38850.53,38850.53,9.14,0.0,0.39,9.53,证券买入
2026-02-25,卖出,600589,大位科技,100,11.94,1188.39,1188.39,5.0,0.6,0.01,5.61,证券卖出
2026-02-26,买入,002312,川发龙蟒,2700,14.06,-37970.94,37970.94,8.94,0.0,0.0,8.94,证券买入
2026-02-26,卖出,002703,浙江世宝,1500,24.37,36528.12,36528.12,8.61,18.27,0.0,26.88,证券卖出
2026-02-26,买入,300191,潜能恒信,900,38.12,-34316.08,34316.08,8.08,0.0,0.0,8.08,证券买入
2026-02-26,卖出,300846,首都在线,1100,32.21,35404.94,35404.94,8.34,17.72,0.0,26.06,证券卖出
2026-02-26,卖出,600589,大位科技,3500,12.1,42318.43,42318.43,9.97,21.18,0.42,31.57,证券卖出
2026-02-26,买入,600722,金牛化工,4200,9.78,-41086.08,41086.08,9.67,0.0,0.41,10.08,证券买入
2026-02-27,卖出,002312,川发龙蟒,2700,13.71,36989.78,36989.78,8.71,18.51,0.0,27.22,证券卖出
2026-02-27,卖出,300191,潜能恒信,900,37.7333,33935.03,33935.03,7.99,16.98,0.0,24.97,证券卖出
2026-02-27,卖出,600722,金牛化工,4200,9.44,39618.45,39618.45,9.33,19.82,0.4,29.55,证券卖出
2026-02-27,买入,603601,再升科技,3000,13.09,-39279.63,39279.63,9.24,0.0,0.39,9.63,证券买入
2026-02-27,买入,603601,再升科技,2700,13.17,-35567.73,35567.73,8.37,0.0,0.36,8.73,证券买入
2026-02-27,买入,605289,罗曼股份,300,117.22,-35174.63,35174.63,8.28,0.0,0.35,8.63,证券买入
2026-03-02,买入,300065,海兰信,1300,28.85,-37513.83,37513.83,8.83,0.0,0.0,8.83,证券买入
2026-03-02,买入,301317,鑫磊股份,600,56.02,-33619.91,33619.91,7.91,0.0,0.0,7.91,证券买入
2026-03-02,买入,600410,华胜天成,1400,28.72,-40217.87,40217.87,9.46,0.0,0.41,9.87,证券买入
2026-03-02,卖出,603601,再升科技,2900,12.67,36715.62,36715.62,8.65,18.37,0.36,27.38,证券卖出
2026-03-02,卖出,603601,再升科技,2800,13.17,36848.5,36848.5,8.68,18.45,0.37,27.5,证券卖出
2026-03-02,卖出,605289,罗曼股份,300,121.9467,36556.73,36556.73,8.61,18.3,0.36,27.27,证券卖出
2026-03-03,买入,300065,海兰信,1100,27.76,-30543.19,30543.19,7.19,0.0,0.0,7.19,证券买入
2026-03-03,买入,300065,海兰信,1100,28.9,-31797.48,31797.48,7.48,0.0,0.0,7.48,证券买入
2026-03-03,卖出,300065,海兰信,1300,28.8531,37481.41,37481.41,8.83,18.76,0.0,27.59,证券卖出
2026-03-03,买入,300139,晓程科技,500,78.59,-39304.25,39304.25,9.25,0.0,0.0,9.25,证券买入
2026-03-03,卖出,301317,鑫磊股份,600,56.51,33881.05,33881.05,7.98,16.97,0.0,24.95,证券卖出
2026-03-03,卖出,600410,华胜天成,1400,28.2157,39472.55,39472.55,9.3,19.75,0.4,29.45,证券卖出
2026-03-04,买入,002149,西部材料,400,48.51,-19409.0,19409.0,5.0,0.0,0.0,5.0,证券买入
2026-03-04,卖出,300065,海兰信,1100,26.93,29601.22,29601.22,6.97,14.81,0.0,21.78,证券卖出
2026-03-04,卖出,300065,海兰信,1100,25.99,28567.98,28567.98,6.73,14.29,0.0,21.02,证券卖出
2026-03-04,买入,300139,晓程科技,400,75.97,-30395.15,30395.15,7.15,0.0,0.0,7.15,证券买入
2026-03-04,买入,300139,晓程科技,300,73.84,-22157.21,22157.21,5.21,0.0,0.0,5.21,证券买入
2026-03-04,买入,300139,晓程科技,100,73.51,-7356.0,7356.0,5.0,0.0,0.0,5.0,证券买入
2026-03-04,卖出,300139,晓程科技,500,79.19,39565.88,39565.88,9.32,19.8,0.0,29.12,证券卖出
2026-03-04,买入,601869,长飞光纤,100,226.91,-22696.57,22696.57,5.34,0.0,0.23,5.57,证券买入
2026-03-05,卖出,002149,西部材料,400,48.16,19249.37,19249.37,5.0,9.63,0.0,14.63,证券卖出
2026-03-05,卖出,300139,晓程科技,500,76.35,38146.92,38146.92,8.99,19.09,0.0,28.08,证券卖出
2026-03-05,卖出,300139,晓程科技,300,76.51,22936.12,22936.12,5.4,11.48,0.0,16.88,证券卖出
2026-03-05,买入,300157,新锦动力,200,8.36,-1677.0,1677.0,5.0,0.0,0.0,5.0,证券买入
2026-03-05,买入,300157,新锦动力,4100,8.51,-34899.21,34899.21,8.21,0.0,0.0,8.21,证券买入
2026-03-05,买入,300157,新锦动力,2700,8.69,-23468.52,23468.52,5.52,0.0,0.0,5.52,证券买入
2026-03-05,买入,300157,新锦动力,2600,8.67,-22547.31,22547.31,5.31,0.0,0.0,5.31,证券买入
2026-03-05,买入,600759,洲际油气,2300,8.2,-18865.19,18865.19,5.0,0.0,0.19,5.19,证券买入
2026-03-05,卖出,601869,长飞光纤,100,228.3,22812.98,22812.98,5.37,11.42,0.23,17.02,证券卖出
2026-03-06,卖出,300157,新锦动力,4800,8.04,38563.62,38563.62,9.08,19.3,0.0,28.38,证券卖出
2026-03-06,卖出,300157,新锦动力,4800,8.13,38995.3,38995.3,9.19,19.51,0.0,28.7,证券卖出
2026-03-06,买入,300617,安靠智电,600,68.39,-41043.66,41043.66,9.66,0.0,0.0,9.66,证券买入
2026-03-06,买入,300617,安靠智电,500,68.15,-34083.02,34083.02,8.02,0.0,0.0,8.02,证券买入
2026-03-06,买入,300617,安靠智电,300,65.87,-19766.0,19766.0,5.0,0.0,0.0,5.0,证券买入
2026-03-06,卖出,600759,洲际油气,2300,8.18,18799.4,18799.4,5.0,9.41,0.19,14.6,证券卖出
2026-03-09,买入,300303,聚飞光电,200,10.09,-2023.0,2023.0,5.0,0.0,0.0,5.0,证券买入
2026-03-09,买入,300303,聚飞光电,4800,10.21,-49019.54,49019.54,11.54,0.0,0.0,11.54,证券买入
2026-03-09,买入,300303,聚飞光电,4800,10.29,-49403.63,49403.63,11.63,0.0,0.0,11.63,证券买入
2026-03-09,卖出,300617,安靠智电,700,70.3,49173.8,49173.8,11.58,24.62,0.0,36.2,证券卖出
2026-03-09,卖出,300617,安靠智电,700,69.71,48761.11,48761.11,11.49,24.4,0.0,35.89,证券卖出
2026-03-10,买入,002490,山东墨龙,2600,11.92,-30999.3,30999.3,7.3,0.0,0.0,7.3,证券买入
2026-03-10,买入,002490,山东墨龙,5500,11.92,-65575.43,65575.43,15.43,0.0,0.0,15.43,证券买入
2026-03-10,卖出,300303,聚飞光电,3300,10.16,33503.35,33503.35,7.89,16.76,0.0,24.65,证券卖出
2026-03-10,卖出,300303,聚飞光电,6500,10.21,66316.21,66316.21,15.62,33.17,0.0,48.79,证券卖出
2026-03-11,卖出,002490,山东墨龙,3600,11.3,40650.08,40650.08,9.58,20.34,0.0,29.92,证券卖出
2026-03-11,卖出,002490,山东墨龙,1800,11.22,20180.9,20180.9,5.0,10.1,0.0,15.1,证券卖出
2026-03-11,卖出,002490,山东墨龙,2700,11.17,30136.81,30136.81,7.1,15.09,0.0,22.19,证券卖出
2026-03-11,买入,300017,网宿科技,2000,19.7,-39409.27,39409.27,9.27,0.0,0.0,9.27,证券买入
2026-03-11,买入,300017,网宿科技,1000,19.76,-19765.0,19765.0,5.0,0.0,0.0,5.0,证券买入
2026-03-11,买入,300017,网宿科技,1600,20.0294,-32054.54,32054.54,7.54,0.0,0.0,7.54,证券买入
2026-03-12,卖出,300017,网宿科技,1600,19.58,31304.96,31304.96,7.37,15.67,0.0,23.04,证券卖出
2026-03-12,卖出,300017,网宿科技,1500,19.93,29873.01,29873.01,7.04,14.95,0.0,21.99,证券卖出
2026-03-12,卖出,300017,网宿科技,1500,19.72,29558.25,29558.25,6.96,14.79,0.0,21.75,证券卖出
2026-03-30,买入,002902,铭普光磁,900,27.01,-24314.72,24314.72,5.72,0.0,0.0,5.72,证券买入
2026-03-30,买入,603629,利通电子,400,64.18,-25678.3,25678.3,6.04,0.0,0.26,6.3,证券买入
2026-03-30,买入,603687,大胜达,1800,14.37,-25872.35,25872.35,6.09,0.0,0.26,6.35,证券买入
2026-03-31,买入,001257,N盛龙,1200,20.9733,-25173.92,25173.92,5.92,0.0,0.0,5.92,证券买入
2026-03-31,买入,002445,中南文化,6800,4.17,-28362.68,28362.68,6.68,0.0,0.0,6.68,证券买入
2026-03-31,买入,002470,金正大,600,3.11,-1871.0,1871.0,5.0,0.0,0.0,5.0,证券买入
2026-03-31,买入,002470,金正大,8300,3.17,-26317.19,26317.19,6.19,0.0,0.0,6.19,证券买入
2026-03-31,卖出,002902,铭普光磁,900,27.1,24372.06,24372.06,5.74,12.2,0.0,17.94,证券卖出
2026-03-31,卖出,603629,利通电子,400,64.37,25728.81,25728.81,6.06,12.87,0.26,19.19,证券卖出
2026-03-31,卖出,603687,大胜达,1800,15.84,28490.74,28490.74,6.71,14.26,0.29,21.26,证券卖出
2026-04-01,卖出,001257,C盛龙,1200,26.69,32004.45,32004.45,7.54,16.01,0.0,23.55,证券卖出
2026-04-01,卖出,002445,中南文化,6800,3.92,26636.4,26636.4,6.27,13.33,0.0,19.6,证券卖出
2026-04-01,卖出,002470,金正大,8900,2.99,26591.42,26591.42,6.26,13.32,0.0,19.58,证券卖出
2026-04-01,买入,603538,美诺华,800,38.05,-30447.47,30447.47,7.17,0.0,0.3,7.47,证券买入
2026-04-01,买入,603538,美诺华,700,37.58,-26312.45,26312.45,6.19,0.0,0.26,6.45,证券买入
2026-04-01,买入,603538,美诺华,600,40.62,-24377.98,24377.98,5.74,0.0,0.24,5.98,证券买入
2026-04-02,买入,002580,圣阳股份,1700,17.61,-29944.05,29944.05,7.05,0.0,0.0,7.05,证券买入
2026-04-02,买入,300164,通源石油,700,16.0,-11205.0,11205.0,5.0,0.0,0.0,5.0,证券买入
2026-04-02,买入,600513,联环药业,800,30.33,-24269.95,24269.95,5.71,0.0,0.24,5.95,证券买入
2026-04-02,卖出,603538,美诺华,800,42.33,33838.77,33838.77,7.97,16.93,0.33,25.23,证券卖出
2026-04-02,卖出,603538,美诺华,600,42.68,25588.91,25588.91,6.03,12.8,0.26,19.09,证券卖出
2026-04-02,卖出,603538,美诺华,700,40.44,28286.91,28286.91,6.66,14.15,0.28,21.09,证券卖出
2026-04-03,买入,002565,顺灏股份,900,16.25,-14630.0,14630.0,5.0,0.0,0.0,5.0,证券买入
2026-04-03,卖出,002580,圣阳股份,1200,15.85,19005.49,19005.49,5.0,9.51,0.0,14.51,证券卖出
2026-04-03,卖出,002580,圣阳股份,500,16.03,8005.99,8005.99,5.0,4.01,0.0,9.01,证券卖出
2026-04-03,卖出,300164,通源石油,700,15.28,10685.65,10685.65,5.0,5.35,0.0,10.35,证券卖出
2026-04-03,买入,300436,广生堂,200,126.89,-25383.97,25383.97,5.97,0.0,0.0,5.97,证券买入
2026-04-03,卖出,600513,联环药业,800,28.32,22639.11,22639.11,5.33,11.33,0.23,16.89,证券卖出
2026-04-03,买入,603538,美诺华,400,42.57,-17033.17,17033.17,5.0,0.0,0.17,5.17,证券买入
2026-04-03,买入,603538,美诺华,600,40.2,-24125.92,24125.92,5.68,0.0,0.24,5.92,证券买入
2026-04-07,买入,002361,神剑股份,800,15.51,-12413.0,12413.0,5.0,0.0,0.0,5.0,证券买入
2026-04-07,卖出,002565,顺灏股份,900,16.02,14405.79,14405.79,5.0,7.21,0.0,12.21,证券卖出
2026-04-07,卖出,300436,广生堂,200,119.41,23864.44,23864.44,5.62,11.94,0.0,17.56,证券卖出
2026-04-07,卖出,603538,美诺华,1000,41.63,41598.96,41598.96,9.8,20.82,0.42,31.04,证券卖出
2026-04-07,买入,605162,新中港,2500,12.3776,-30951.58,30951.58,7.28,0.0,0.3,7.58,证券买入
2026-04-08,买入,000788,北大医药,3000,6.7743,-20328.0,20328.0,5.0,0.0,0.0,5.0,证券买入
2026-04-08,买入,000950,重药控股,1700,6.88,-11701.0,11701.0,5.0,0.0,0.0,5.0,证券买入
2026-04-08,买入,000950,重药控股,2000,6.92,-13845.0,13845.0,5.0,0.0,0.0,5.0,证券买入
2026-04-08,买入,002038,双鹭药业,3000,8.51,-25536.01,25536.01,6.01,0.0,0.0,6.01,证券买入
2026-04-08,卖出,002361,神剑股份,800,15.43,12332.83,12332.83,5.0,6.17,0.0,11.17,证券卖出
2026-04-08,买入,603459,N红板,300,51.19,-15362.15,15362.15,5.0,0.0,0.15,5.15,证券买入
2026-04-08,卖出,605162,新中港,2500,14.94,37322.16,37322.16,8.79,18.68,0.37,27.84,证券卖出
2026-04-09,卖出,000788,北大医药,3000,6.45,19335.32,19335.32,5.0,9.68,0.0,14.68,证券卖出
2026-04-09,卖出,000950,重药控股,3700,6.33,23403.79,23403.79,5.51,11.7,0.0,17.21,证券卖出
2026-04-09,卖出,002038,双鹭药业,3000,7.87,23592.63,23592.63,5.56,11.81,0.0,17.37,证券卖出
2026-04-09,买入,002980,华盛昌,400,53.34,-21341.02,21341.02,5.02,0.0,0.0,5.02,证券买入
2026-04-09,买入,600488,津药药业,1900,7.02,-13343.13,13343.13,5.0,0.0,0.13,5.13,证券买入
2026-04-09,买入,600488,津药药业,3400,7.03,-23907.88,23907.88,5.63,0.0,0.25,5.88,证券买入
2026-04-09,买入,600488,津药药业,3100,7.0,-21705.33,21705.33,5.11,0.0,0.22,5.33,证券买入
2026-04-09,卖出,603459,C红板,300,53.58,16060.8,16060.8,5.0,8.04,0.16,13.2,证券卖出
2026-04-10,卖出,002980,华盛昌,400,56.79,22699.29,22699.29,5.35,11.36,0.0,16.71,证券卖出
2026-04-10,买入,301696,N三瑞,300,86.66,-26004.12,26004.12,6.12,0.0,0.0,6.12,证券买入
2026-04-10,卖出,600488,津药药业,2800,6.47,18101.76,18101.76,5.0,9.06,0.18,14.24,证券卖出
2026-04-10,卖出,600488,津药药业,2800,6.56,18353.62,18353.62,5.0,9.19,0.19,14.38,证券卖出
2026-04-10,卖出,600488,津药药业,2800,6.38,17849.88,17849.88,5.0,8.94,0.18,14.12,证券卖出
2026-04-10,买入,603459,C红板,300,53.01,-15908.16,15908.16,5.0,0.0,0.16,5.16,证券买入
2026-04-10,买入,603538,美诺华,300,47.0167,-14110.14,14110.14,5.0,0.0,0.14,5.14,证券买入
2026-04-10,买入,603538,美诺华,400,46.6,-18645.19,18645.19,5.0,0.0,0.19,5.19,证券买入
2026-04-13,买入,002342,巨力索具,600,15.78,-9473.0,9473.0,5.0,0.0,0.0,5.0,证券买入
2026-04-13,卖出,301696,C三瑞,300,118.5,35523.85,35523.85,8.37,17.78,0.0,26.15,证券卖出
2026-04-13,卖出,603459,C红板,300,64.09,19212.22,19212.22,5.0,9.6,0.18,14.78,证券卖出
2026-04-13,卖出,603538,美诺华,700,49.74,34792.04,34792.04,8.2,17.41,0.35,25.96,证券卖出
2026-04-13,买入,603757,大元泵业,500,56.97,-28491.99,28491.99,6.71,0.0,0.28,6.99,证券买入
2026-04-14,买入,002328,新朋股份,2400,10.92,-26214.17,26214.17,6.17,0.0,0.0,6.17,证券买入
2026-04-14,卖出,002342,巨力索具,600,16.4,9830.08,9830.08,5.0,4.92,0.0,9.92,证券卖出
2026-04-14,买入,600345,长江通信,500,54.38,-27196.67,27196.67,6.4,0.0,0.27,6.67,证券买入
2026-04-14,买入,603459,C红板,400,59.05,-23625.8,23625.8,5.56,0.0,0.24,5.8,证券买入
2026-04-14,买入,603538,美诺华,300,47.65,-14300.15,14300.15,5.0,0.0,0.15,5.15,证券买入
2026-04-14,卖出,603757,大元泵业,500,55.2,27579.42,27579.42,6.5,13.8,0.28,20.58,证券卖出
2026-04-15,买入,002263,大东南,3700,4.98,-18431.0,18431.0,5.0,0.0,0.0,5.0,证券买入
2026-04-15,卖出,002328,新朋股份,2400,12.29,29474.31,29474.31,6.94,14.75,0.0,21.69,证券卖出
2026-04-15,买入,002418,康盛股份,4600,5.91,-27192.4,27192.4,6.4,0.0,0.0,6.4,证券买入
2026-04-15,买入,002929,润建股份,400,59.3,-23725.58,23725.58,5.58,0.0,0.0,5.58,证券买入
2026-04-15,买入,300561,*ST汇科,1600,16.56,-26502.24,26502.24,6.24,0.0,0.0,6.24,证券买入
2026-04-15,卖出,600345,长江通信,500,51.51,25735.8,25735.8,6.06,12.88,0.26,19.2,证券卖出
2026-04-15,卖出,603459,红板科技,400,62.5,24981.36,24981.36,5.89,12.5,0.25,18.64,证券卖出
2026-04-15,卖出,603538,美诺华,300,51.14,15329.18,15329.18,5.0,7.67,0.15,12.82,证券卖出
2026-04-16,买入,002149,西部材料,400,52.97,-21193.0,21193.0,5.0,0.0,0.0,5.0,证券买入
2026-04-16,卖出,002263,大东南,3700,5.17,19114.44,19114.44,5.0,9.56,0.0,14.56,证券卖出
2026-04-16,卖出,002418,康盛股份,4600,5.56,25557.2,25557.2,6.02,12.78,0.0,18.8,证券卖出
2026-04-16,卖出,002929,润建股份,400,60.545,24200.19,24200.19,5.7,12.11,0.0,17.81,证券卖出
2026-04-16,买入,300136,信维通信,300,69.12,-20741.0,20741.0,5.0,0.0,0.0,5.0,证券买入
2026-04-16,卖出,300561,*ST汇科,1600,16.97,27132.03,27132.03,6.39,13.58,0.0,19.97,证券卖出
2026-04-16,买入,600152,维科技术,2000,11.78,-23565.78,23565.78,5.55,0.0,0.23,5.78,证券买入
2026-04-17,买入,001270,*ST铖昌,100,140.88,-14093.0,14093.0,5.0,0.0,0.0,5.0,证券买入
2026-04-17,卖出,002149,西部材料,400,54.22,21672.05,21672.05,5.11,10.84,0.0,15.95,证券卖出
2026-04-17,买入,002364,中恒电气,300,42.28,-12689.0,12689.0,5.0,0.0,0.0,5.0,证券买入
2026-04-17,买入,002364,中恒电气,400,42.48,-16997.0,16997.0,5.0,0.0,0.0,5.0,证券买入
2026-04-17,卖出,300136,信维通信,300,70.23,21053.47,21053.47,5.0,10.53,0.0,15.53,证券卖出
2026-04-17,买入,301696,三瑞智能,100,106.93,-10698.0,10698.0,5.0,0.0,0.0,5.0,证券买入
2026-04-17,卖出,600152,维科技术,2000,12.53,25041.32,25041.32,5.9,12.53,0.25,18.68,证券卖出
2026-04-17,买入,603459,红板科技,300,67.37,-20216.2,20216.2,5.0,0.0,0.2,5.2,证券买入
2026-04-17,买入,603803,瑞斯康达,1200,15.78,-18941.19,18941.19,5.0,0.0,0.19,5.19,证券买入
2026-04-20,卖出,001270,*ST铖昌,100,140.12,13999.99,13999.99,5.0,7.01,0.0,12.01,证券卖出
2026-04-20,买入,002364,中恒电气,300,40.93,-12284.0,12284.0,5.0,0.0,0.0,5.0,证券买入
2026-04-20,卖出,002364,中恒电气,200,43.89,8768.61,8768.61,5.0,4.39,0.0,9.39,证券卖出
2026-04-20,卖出,002364,中恒电气,500,43.08,21524.16,21524.16,5.07,10.77,0.0,15.84,证券卖出
2026-04-20,卖出,301696,三瑞智能,100,101.5,10139.92,10139.92,5.0,5.08,0.0,10.08,证券卖出
2026-04-20,买入,600664,哈药股份,5100,4.09,-20864.21,20864.21,5.0,0.0,0.21,5.21,证券买入
2026-04-20,买入,601778,晶科科技,2200,6.65,-14635.15,14635.15,5.0,0.0,0.15,5.15,证券买入
2026-04-20,卖出,603459,红板科技,300,64.64,19377.12,19377.12,5.0,9.69,0.19,14.88,证券卖出
2026-04-20,卖出,603803,瑞斯康达,1200,15.43,18501.55,18501.55,5.0,9.26,0.19,14.45,证券卖出
2026-04-20,买入,603920,世运电路,300,58.29,-17492.18,17492.18,5.0,0.0,0.18,5.18,证券买入
2026-04-21,卖出,002364,中恒电气,300,42.9367,12869.56,12869.56,5.0,6.44,0.0,11.44,证券卖出
2026-04-21,买入,002940,昂利康,200,39.61,-7927.0,7927.0,5.0,0.0,0.0,5.0,证券买入
2026-04-21,买入,002940,昂利康,600,39.73,-23843.61,23843.61,5.61,0.0,0.0,5.61,证券买入
2026-04-21,买入,300806,斯迪克,300,69.04,-20717.0,20717.0,5.0,0.0,0.0,5.0,证券买入
2026-04-21,买入,301696,三瑞智能,200,100.44,-20093.0,20093.0,5.0,0.0,0.0,5.0,证券买入
2026-04-21,卖出,600664,哈药股份,5100,4.11,20945.31,20945.31,5.0,10.48,0.21,15.69,证券卖出
2026-04-21,卖出,601778,晶科科技,1800,6.12,11005.38,11005.38,5.0,5.51,0.11,10.62,证券卖出
2026-04-21,卖出,601778,晶科科技,400,6.26,2497.72,2497.72,5.0,1.25,0.03,6.28,证券卖出
2026-04-21,买入,603920,世运电路,300,59.38,-17819.18,17819.18,5.0,0.0,0.18,5.18,证券买入
2026-04-21,卖出,603920,世运电路,300,58.45,17521.05,17521.05,5.0,8.77,0.18,13.95,证券卖出
2026-04-22,买入,002471,中超控股,1900,9.64,-18321.0,18321.0,5.0,0.0,0.0,5.0,证券买入
2026-04-22,卖出,002940,昂利康,800,38.44,30729.38,30729.38,7.24,15.38,0.0,22.62,证券卖出
2026-04-22,买入,300342,天银机电,400,66.69,-26682.28,26682.28,6.28,0.0,0.0,6.28,证券买入
2026-04-22,卖出,300806,斯迪克,300,68.3,20474.75,20474.75,5.0,10.25,0.0,15.25,证券卖出
2026-04-22,卖出,301696,三瑞智能,200,95.17,19019.48,19019.48,5.0,9.52,0.0,14.52,证券卖出
2026-04-22,买入,603538,美诺华,400,51.77,-20713.21,20713.21,5.0,0.0,0.21,5.21,证券买入
2026-04-22,买入,603538,美诺华,400,52.69,-21081.21,21081.21,5.0,0.0,0.21,5.21,证券买入
2026-04-22,卖出,603920,世运电路,300,59.53,17844.89,17844.89,5.0,8.93,0.18,14.11,证券卖出
2026-04-23,卖出,002471,中超控股,1900,9.35,17751.11,17751.11,5.0,8.89,0.0,13.89,证券卖出
2026-04-23,卖出,300342,天银机电,400,70.45,28159.28,28159.28,6.63,14.09,0.0,20.72,证券卖出
2026-04-23,买入,300561,*ST汇科,1100,17.71,-19486.0,19486.0,5.0,0.0,0.0,5.0,证券买入
2026-04-23,买入,603178,圣龙股份,1100,19.04,-20949.22,20949.22,5.0,0.0,0.22,5.22,证券买入
2026-04-23,卖出,603538,美诺华,400,53.87,21531.94,21531.94,5.07,10.77,0.22,16.06,证券卖出
2026-04-23,卖出,603538,美诺华,400,51.27,20492.54,20492.54,5.0,10.25,0.21,15.46,证券卖出
2026-04-24,买入,002361,神剑股份,800,22.7875,-18235.0,18235.0,5.0,0.0,0.0,5.0,证券买入
2026-04-24,买入,300058,蓝色光标,1200,18.08,-21701.11,21701.11,5.11,0.0,0.0,5.11,证券买入
2026-04-24,卖出,300561,*ST汇科,1100,16.84,18509.74,18509.74,5.0,9.26,0.0,14.26,证券卖出
2026-04-24,买入,600103,青山纸业,4700,5.09,-23928.87,23928.87,5.63,0.0,0.24,5.87,证券买入
2026-04-24,买入,600703,三安光电,1200,15.73,-18881.19,18881.19,5.0,0.0,0.19,5.19,证券买入
2026-04-24,卖出,603178,圣龙股份,1100,18.05,19839.87,19839.87,5.0,9.93,0.2,15.13,证券卖出
2026-04-27,买入,002081,金螳螂,4900,4.58,-22447.28,22447.28,5.28,0.0,0.0,5.28,证券买入
2026-04-27,卖出,002361,神剑股份,800,21.75,17386.3,17386.3,5.0,8.7,0.0,13.7,证券卖出
2026-04-27,卖出,300058,蓝色光标,1200,17.41,20876.55,20876.55,5.0,10.45,0.0,15.45,证券卖出
2026-04-27,卖出,600103,青山纸业,4700,4.77,22402.28,22402.28,5.28,11.21,0.23,16.72,证券卖出
2026-04-27,卖出,600703,三安光电,1200,14.86,17817.9,17817.9,5.0,8.92,0.18,14.1,证券卖出
2026-04-27,买入,600736,苏州高新,2300,7.65,-17600.18,17600.18,5.0,0.0,0.18,5.18,证券买入
2026-04-27,买入,600736,苏州高新,3300,7.65,-25251.19,25251.19,5.94,0.0,0.25,6.19,证券买入
2026-04-27,买入,603538,美诺华,280,57.18,-16015.56,16015.56,5.0,0.0,0.16,5.16,证券买入
2026-04-28,买入,000973,佛塑科技,1100,19.36,-21301.01,21301.01,5.01,0.0,0.0,5.01,证券买入
2026-04-28,卖出,002081,金螳螂,4900,4.86,23796.49,23796.49,5.61,11.9,0.0,17.51,证券卖出
2026-04-28,买入,300067,安诺其,2900,6.76,-19609.0,19609.0,5.0,0.0,0.0,5.0,证券买入
2026-04-28,买入,300283,温州宏丰,1500,11.37,-17060.0,17060.0,5.0,0.0,0.0,5.0,证券买入
2026-04-28,卖出,600736,苏州高新,2800,7.24,20256.68,20256.68,5.0,10.13,0.19,15.32,证券卖出
2026-04-28,卖出,600736,苏州高新,2800,7.26,20312.62,20312.62,5.0,10.17,0.21,15.38,证券卖出
2026-04-28,买入,600770,综艺股份,3200,6.77,-21669.32,21669.32,5.1,0.0,0.22,5.32,证券买入
2026-04-28,卖出,603538,美诺华,280,58.6,16394.64,16394.64,5.0,8.2,0.16,13.36,证券卖出
2026-04-29,卖出,000973,佛塑科技,1100,18.88,20752.61,20752.61,5.0,10.39,0.0,15.39,证券卖出
2026-04-29,买入,002560,通达股份,1400,15.41,-21579.08,21579.08,5.08,0.0,0.0,5.08,证券买入
2026-04-29,买入,002812,恩捷股份,200,79.22,-15849.0,15849.0,5.0,0.0,0.0,5.0,证券买入
2026-04-29,卖出,300067,安诺其,2900,7.1631,20757.61,20757.61,5.0,10.39,0.0,15.39,证券卖出
2026-04-29,卖出,300283,温州宏丰,1500,11.76,17626.18,17626.18,5.0,8.82,0.0,13.82,证券卖出
2026-04-29,买入,600396,华电辽能,2000,10.241,-20487.2,20487.2,5.0,0.0,0.2,5.2,证券买入
2026-04-29,买入,600396,华电辽能,2100,10.39,-21824.35,21824.35,5.14,0.0,0.21,5.35,证券买入
2026-04-29,卖出,600770,综艺股份,3200,8.01,25612.89,25612.89,6.03,12.82,0.26,19.11,证券卖出
2026-04-30,买入,000925,众合科技,1700,9.72,-16529.0,16529.0,5.0,0.0,0.0,5.0,证券买入
2026-04-30,买入,000925,众合科技,2100,9.66,-20291.0,20291.0,5.0,0.0,0.0,5.0,证券买入
2026-04-30,买入,000925,众合科技,2200,9.73,-21411.04,21411.04,5.04,0.0,0.0,5.04,证券买入
2026-04-30,卖出,002560,通达股份,1400,14.59,20410.78,20410.78,5.0,10.22,0.0,15.22,证券卖出
2026-04-30,卖出,002812,恩捷股份,200,84.0,16786.6,16786.6,5.0,8.4,0.0,13.4,证券卖出
2026-04-30,卖出,600396,华电辽能,2000,10.64,21264.14,21264.14,5.01,10.64,0.21,15.86,证券卖出
2026-04-30,卖出,600396,华电辽能,2100,10.13,21257.14,21257.14,5.01,10.64,0.21,15.86,证券卖出
2026-04-30,买入,603318,水发燃气,1500,14.55,-21830.36,21830.36,5.14,0.0,0.22,5.36,证券买入
2026-05-06,卖出,000925,众合科技,3000,9.7,29078.6,29078.6,6.85,14.55,0.0,21.4,证券卖出
2026-05-06,卖出,000925,众合科技,3000,9.53,28568.98,28568.98,6.73,14.29,0.0,21.02,证券卖出
2026-05-06,买入,300540,蜀道装备,800,32.65,-26126.15,26126.15,6.15,0.0,0.0,6.15,证券买入
2026-05-06,卖出,603318,水发燃气,1500,14.53,21778.76,21778.76,5.13,10.9,0.21,16.24,证券卖出
2026-05-06,买入,603906,龙蟠科技,900,33.4,-30067.38,30067.38,7.08,0.0,0.3,7.38,证券买入
2026-05-07,卖出,300540,蜀道装备,800,30.74,24573.91,24573.91,5.79,12.3,0.0,18.09,证券卖出
2026-05-07,买入,603083,剑桥科技,100,181.0,-18105.18,18105.18,5.0,0.0,0.18,5.18,证券买入
2026-05-07,买入,603906,龙蟠科技,800,32.94,-26358.47,26358.47,6.2,0.0,0.27,6.47,证券买入
2026-05-07,买入,603906,龙蟠科技,200,32.84,-6573.06,6573.06,5.0,0.0,0.06,5.06,证券买入
2026-05-07,卖出,603906,龙蟠科技,900,31.6,28418.81,28418.81,6.69,14.22,0.28,21.19,证券卖出
2026-05-08,买入,002081,金螳螂,2200,6.43,-14151.0,14151.0,5.0,0.0,0.0,5.0,证券买入
2026-05-08,买入,002149,西部材料,200,72.42,-14489.0,14489.0,5.0,0.0,0.0,5.0,证券买入
2026-05-08,买入,002149,西部材料,200,72.78,-14561.0,14561.0,5.0,0.0,0.0,5.0,证券买入
2026-05-08,买入,002364,中恒电气,700,45.04,-31535.42,31535.42,7.42,0.0,0.0,7.42,证券买入
2026-05-08,卖出,603083,剑桥科技,100,180.34,18019.8,18019.8,5.0,9.02,0.18,14.2,证券卖出
2026-05-08,卖出,603906,龙蟠科技,1000,31.25,31226.7,31226.7,7.36,15.63,0.31,23.3,证券卖出
2026-05-11,买入,000070,特发信息,700,20.7,-14495.0,14495.0,5.0,0.0,0.0,5.0,证券买入
2026-05-11,买入,000889,中嘉博创,3300,5.4564,-18011.0,18011.0,5.0,0.0,0.0,5.0,证券买入
2026-05-11,卖出,002081,金螳螂,2200,7.39,16244.87,16244.87,5.0,8.13,0.0,13.13,证券卖出
2026-05-11,卖出,002149,西部材料,200,74.62,14911.54,14911.54,5.0,7.46,0.0,12.46,证券卖出
2026-05-11,卖出,002149,西部材料,200,74.39,14865.56,14865.56,5.0,7.44,0.0,12.44,证券卖出
2026-05-11,卖出,002364,中恒电气,400,44.86,17930.03,17930.03,5.0,8.97,0.0,13.97,证券卖出
2026-05-11,卖出,002364,中恒电气,300,45.47,13629.18,13629.18,5.0,6.82,0.0,11.82,证券卖出
2026-05-11,买入,301531,N春光集,100,95.93,-9598.0,9598.0,5.0,0.0,0.0,5.0,证券买入
2026-05-11,买入,600396,华电辽能,1500,12.99,-19490.19,19490.19,5.0,0.0,0.19,5.19,证券买入
2026-05-11,买入,603407,N长裕,200,69.2,-13845.14,13845.14,5.0,0.0,0.14,5.14,证券买入
2026-05-12,卖出,000070,特发信息,700,21.23,14848.57,14848.57,5.0,7.43,0.0,12.43,证券卖出
2026-05-12,买入,000547,航天发展,600,28.54,-17129.0,17129.0,5.0,0.0,0.0,5.0,证券买入
2026-05-12,买入,000547,航天发展,600,28.61,-17171.0,17171.0,5.0,0.0,0.0,5.0,证券买入
2026-05-12,卖出,000889,中嘉博创,3300,5.15,16981.5,16981.5,5.0,8.5,0.0,13.5,证券卖出
2026-05-12,买入,002317,众生药业,500,22.34,-11175.0,11175.0,5.0,0.0,0.0,5.0,证券买入
2026-05-12,买入,002436,兴森科技,500,32.83,-16420.0,16420.0,5.0,0.0,0.0,5.0,证券买入
2026-05-12,买入,002655,共达电声,500,35.85,-17930.0,17930.0,5.0,0.0,0.0,5.0,证券买入
2026-05-12,卖出,301531,C春光集,100,98.9,9880.05,9880.05,5.0,4.95,0.0,9.95,证券卖出
2026-05-12,卖出,600396,华电辽能,1500,13.97,20939.31,20939.31,5.0,10.48,0.21,15.69,证券卖出
2026-05-12,卖出,603407,C长裕,200,80.45,16076.79,16076.79,5.0,8.05,0.16,13.21,证券卖出
2026-05-13,卖出,000547,航天发展,600,27.51,16492.75,16492.75,5.0,8.25,0.0,13.25,证券卖出
2026-05-13,卖出,000547,航天发展,600,27.47,16468.76,16468.76,5.0,8.24,0.0,13.24,证券卖出
2026-05-13,卖出,002317,众生药业,500,21.4,10689.65,10689.65,5.0,5.35,0.0,10.35,证券卖出
2026-05-13,卖出,002436,兴森科技,500,32.99,16481.75,16481.75,5.0,8.25,0.0,13.25,证券卖出
2026-05-13,卖出,002655,共达电声,500,34.25,17111.44,17111.44,5.0,8.56,0.0,13.56,证券卖出
2026-05-13,买入,002865,钧达股份,200,104.01,-20807.0,20807.0,5.0,0.0,0.0,5.0,证券买入
2026-05-13,买入,600184,光电股份,600,27.77,-16667.17,16667.17,5.0,0.0,0.17,5.17,证券买入
2026-05-13,买入,600584,长电科技,300,54.06,-16223.16,16223.16,5.0,0.0,0.16,5.16,证券买入
2026-05-13,买入,603738,泰晶科技,400,54.29,-21721.33,21721.33,5.11,0.0,0.22,5.33,证券买入
2026-05-14,买入,002552,宝鼎科技,500,34.65,-17330.0,17330.0,5.0,0.0,0.0,5.0,证券买入
2026-05-14,卖出,002865,钧达股份,200,106.79,21342.29,21342.29,5.03,10.68,0.0,15.71,证券卖出
2026-05-14,卖出,600184,光电股份,600,29.28,17554.04,17554.04,5.0,8.78,0.18,13.96,证券卖出
2026-05-14,卖出,600584,长电科技,300,56.79,17023.31,17023.31,5.0,8.52,0.17,13.69,证券卖出
2026-05-14,买入,600719,大连热电,1800,9.96,-17933.18,17933.18,5.0,0.0,0.18,5.18,证券买入
2026-05-14,买入,600869,远东股份,800,22.63,-18109.18,18109.18,5.0,0.0,0.18,5.18,证券买入
2026-05-14,卖出,603738,泰晶科技,400,54.46,21767.77,21767.77,5.13,10.89,0.21,16.23,证券卖出
2026-05-15,买入,002183,怡亚通,2200,7.58,-16681.0,16681.0,5.0,0.0,0.0,5.0,证券买入
2026-05-15,卖出,002552,宝鼎科技,400,32.61,13032.48,13032.48,5.0,6.52,0.0,11.52,证券卖出
2026-05-15,卖出,002552,宝鼎科技,100,33.09,3302.35,3302.35,5.0,1.65,0.0,6.65,证券卖出
2026-05-15,买入,301531,C春光集,100,99.86,-9991.0,9991.0,5.0,0.0,0.0,5.0,证券买入
2026-05-15,买入,600379,宝光股份,800,17.72,-14181.14,14181.14,5.0,0.0,0.14,5.14,证券买入
2026-05-15,买入,600379,宝光股份,900,17.91,-16124.16,16124.16,5.0,0.0,0.16,5.16,证券买入
2026-05-15,买入,600379,宝光股份,1000,18.29,-18295.18,18295.18,5.0,0.0,0.18,5.18,证券买入
2026-05-15,卖出,600719,大连热电,1800,8.97,16132.76,16132.76,5.0,8.08,0.16,13.24,证券卖出
2026-05-15,卖出,600869,远东股份,800,21.63,17290.18,17290.18,5.0,8.65,0.17,13.82,证券卖出
2026-05-18,买入,001365,N天海,200,66.48,-13301.0,13301.0,5.0,0.0,0.0,5.0,证券买入
2026-05-18,卖出,002183,怡亚通,2200,7.13,15673.16,15673.16,5.0,7.84,0.0,12.84,证券卖出
2026-05-18,卖出,301531,春光集团,100,86.5,8640.67,8640.67,5.0,4.33,0.0,9.33,证券卖出
2026-05-18,卖出,600379,宝光股份,400,17.08,6823.52,6823.52,5.0,3.41,0.07,8.48,证券卖出
2026-05-18,卖出,600379,宝光股份,500,17.19,8585.61,8585.61,5.0,4.3,0.09,9.39,证券卖出
2026-05-18,卖出,600379,宝光股份,900,17.1167,15392.14,15392.14,5.0,7.71,0.15,12.86,证券卖出
2026-05-18,卖出,600379,宝光股份,900,17.35,15602.03,15602.03,5.0,7.81,0.16,12.97,证券卖出
2026-05-18,买入,603007,顺景科技,700,8.5157,-5966.06,5966.06,5.0,0.0,0.06,5.06,证券买入
2026-05-18,买入,603007,顺景科技,1100,8.55,-9410.09,9410.09,5.0,0.0,0.09,5.09,证券买入
2026-05-18,买入,603007,顺景科技,1700,8.55,-14540.14,14540.14,5.0,0.0,0.14,5.14,证券买入
2026-05-18,买入,603007,顺景科技,800,8.42,-6741.07,6741.07,5.0,0.0,0.07,5.07,证券买入
2026-05-18,买入,603007,顺景科技,2500,8.1,-20255.2,20255.2,5.0,0.0,0.2,5.2,证券买入
2026-05-19,卖出,001365,C天海,200,68.25,13638.17,13638.17,5.0,6.83,0.0,11.83,证券卖出
2026-05-19,买入,002149,西部材料,200,73.71,-14747.0,14747.0,5.0,0.0,0.0,5.0,证券买入
2026-05-19,卖出,603007,顺景科技,3400,8.33,28300.89,28300.89,6.67,14.17,0.27,21.11,证券卖出
2026-05-19,卖出,603007,顺景科技,3300,8.33,27468.51,27468.51,6.47,13.74,0.28,20.49,证券卖出
2026-05-19,卖出,603007,顺景科技,100,8.2,814.58,814.58,5.0,0.41,0.01,5.42,证券卖出
2026-05-20,卖出,002149,西部材料,200,66.31,13250.37,13250.37,5.0,6.63,0.0,11.63,证券卖出
2026-05-20,买入,002407,多氟多,300,38.52,-11561.0,11561.0,5.0,0.0,0.0,5.0,证券买入
2026-05-20,买入,301531,春光集团,200,101.04,-20213.0,20213.0,5.0,0.0,0.0,5.0,证券买入
2026-05-20,买入,301599,理奇智能,100,68.85,-6890.0,6890.0,5.0,0.0,0.0,5.0,证券买入
2026-05-20,买入,301599,理奇智能,400,68.85,-27546.48,27546.48,6.48,0.0,0.0,6.48,证券买入
2026-05-21,买入,000021,深科技,300,37.4467,-11239.0,11239.0,5.0,0.0,0.0,5.0,证券买入
2026-05-21,卖出,002407,多氟多,300,43.02,12894.55,12894.55,5.0,6.45,0.0,11.45,证券卖出
2026-05-21,买入,002979,雷赛智能,200,63.84,-12773.0,12773.0,5.0,0.0,0.0,5.0,证券买入
2026-05-21,卖出,301531,春光集团,200,101.39,20262.86,20262.86,5.0,10.14,0.0,15.14,证券卖出
2026-05-21,卖出,301599,理奇智能,300,76.68,22987.08,22987.08,5.42,11.5,0.0,16.92,证券卖出
2026-05-21,卖出,301599,理奇智能,200,83.43,16672.66,16672.66,5.0,8.34,0.0,13.34,证券卖出
2026-05-21,买入,600578,京能电力,2400,7.08,-16997.17,16997.17,5.0,0.0,0.17,5.17,证券买入
2026-05-21,买入,600578,京能电力,3200,6.92,-22149.43,22149.43,5.21,0.0,0.22,5.43,证券买入
2026-05-22,卖出,000021,深科技,300,37.79,11326.33,11326.33,5.0,5.67,0.0,10.67,证券卖出
2026-05-22,买入,002407,多氟多,400,41.18,-16477.0,16477.0,5.0,0.0,0.0,5.0,证券买入
2026-05-22,卖出,002979,雷赛智能,200,60.73,12134.93,12134.93,5.0,6.07,0.0,11.07,证券卖出
2026-05-22,买入,300323,华灿光电,900,17.57,-15818.0,15818.0,5.0,0.0,0.0,5.0,证券买入
2026-05-22,卖出,600578,京能电力,1900,8.45,16041.81,16041.81,5.0,8.03,0.16,13.19,证券卖出
2026-05-22,卖出,600578,京能电力,1900,8.63,16383.64,16383.64,5.0,8.19,0.17,13.36,证券卖出
2026-05-22,卖出,600578,京能电力,1800,7.92,14243.73,14243.73,5.0,7.13,0.14,12.27,证券卖出
2026-05-22,买入,603005,晶方科技,500,35.85,-17930.18,17930.18,5.0,0.0,0.18,5.18,证券买入
2026-05-22,买入,603435,N嘉德,200,88.26,-17657.18,17657.18,5.0,0.0,0.18,5.18,证券买入
2026-05-25,卖出,002407,多氟多,400,38.81,15511.24,15511.24,5.0,7.76,0.0,12.76,证券卖出
2026-05-25,卖出,300323,华灿光电,900,17.97,16159.91,16159.91,5.0,8.09,0.0,13.09,证券卖出
2026-05-25,买入,301566,达利凯普,600,33.57,-20147.0,20147.0,5.0,0.0,0.0,5.0,证券买入
2026-05-25,买入,601991,大唐发电,1600,6.92,-11077.11,11077.11,5.0,0.0,0.11,5.11,证券买入
2026-05-25,卖出,603005,晶方科技,500,42.09,21029.27,21029.27,5.0,10.52,0.21,15.73,证券卖出
2026-05-25,买入,603090,宏盛股份,300,71.24,-21377.24,21377.24,5.03,0.0,0.21,5.24,证券买入
2026-05-25,买入,603435,C嘉德,100,104.0,-10405.1,10405.1,5.0,0.0,0.1,5.1,证券买入
2026-05-25,卖出,603435,C嘉德,200,105.0,20984.29,20984.29,5.0,10.5,0.21,15.71,证券卖出
2026-05-26,买入,000636,风华高科,500,41.3,-20655.0,20655.0,5.0,0.0,0.0,5.0,证券买入
2026-05-26,买入,000636,风华高科,100,40.49,-4054.0,4054.0,5.0,0.0,0.0,5.0,证券买入
2026-05-26,买入,000636,风华高科,400,41.51,-16609.0,16609.0,5.0,0.0,0.0,5.0,证券买入
2026-05-26,买入,000636,风华高科,500,42.67,-21340.02,21340.02,5.02,0.0,0.0,5.02,证券买入
2026-05-26,买入,002138,顺络电子,400,45.41,-18169.0,18169.0,5.0,0.0,0.0,5.0,证券买入
2026-05-26,卖出,301566,达利凯普,600,33.205,19908.04,19908.04,5.0,9.96,0.0,14.96,证券卖出
2026-05-26,卖出,601991,大唐发电,1600,7.24,11573.09,11573.09,5.0,5.79,0.12,10.91,证券卖出
2026-05-26,卖出,603090,宏盛股份,300,68.32,20480.54,20480.54,5.0,10.25,0.21,15.46,证券卖出
2026-05-26,卖出,603435,C嘉德,100,90.0,8990.41,8990.41,5.0,4.5,0.09,9.59,证券卖出
2026-05-27,卖出,000636,风华高科,500,44.01,21988.82,21988.82,5.18,11.0,0.0,16.18,证券卖出
2026-05-27,卖出,000636,风华高科,500,44.5,22233.63,22233.63,5.24,11.13,0.0,16.37,证券卖出
2026-05-27,卖出,000636,风华高科,500,42.87,21419.23,21419.23,5.05,10.72,0.0,15.77,证券卖出
2026-05-27,买入,002080,中材科技,100,74.5,-7455.0,7455.0,5.0,0.0,0.0,5.0,证券买入
2026-05-27,买入,002080,中材科技,200,74.51,-14907.0,14907.0,5.0,0.0,0.0,5.0,证券买入
2026-05-27,卖出,002138,顺络电子,400,48.41,19349.32,19349.32,5.0,9.68,0.0,14.68,证券卖出
2026-05-27,买入,002897,意华股份,300,80.24,-24077.67,24077.67,5.67,0.0,0.0,5.67,证券买入
2026-05-27,买入,603936,博敏电子,700,25.05,-17540.18,17540.18,5.0,0.0,0.18,5.18,证券买入
2026-05-28,卖出,002080,中材科技,300,71.2,21344.29,21344.29,5.03,10.68,0.0,15.71,证券卖出
2026-05-28,买入,002585,双星新材,2100,10.44,-21929.16,21929.16,5.16,0.0,0.0,5.16,证券买入
2026-05-28,买入,002645,华宏科技,700,31.27,-21894.15,21894.15,5.15,0.0,0.0,5.15,证券买入
2026-05-28,卖出,002897,意华股份,300,82.04,24593.9,24593.9,5.79,12.31,0.0,18.1,证券卖出
2026-05-28,买入,600396,华电辽能,1100,18.72,-20597.21,20597.21,5.0,0.0,0.21,5.21,证券买入
2026-05-28,卖出,603936,博敏电子,700,25.21,17632.99,17632.99,5.0,8.82,0.19,14.01,证券卖出
2026-05-29,买入,001257,盛龙股份,800,28.08,-22469.29,22469.29,5.29,0.0,0.0,5.29,证券买入
2026-05-29,卖出,002585,双星新材,2100,11.15,23397.78,23397.78,5.51,11.71,0.0,17.22,证券卖出
2026-05-29,买入,002645,华宏科技,700,30.35,-21250.0,21250.0,5.0,0.0,0.0,5.0,证券买入
2026-05-29,买入,002645,华宏科技,700,30.52,-21369.03,21369.03,5.03,0.0,0.0,5.03,证券买入
2026-05-29,卖出,002645,华宏科技,700,30.04,21012.49,21012.49,5.0,10.51,0.0,15.51,证券卖出
2026-05-29,买入,300136,信维通信,200,98.11,-19627.0,19627.0,5.0,0.0,0.0,5.0,证券买入
2026-05-29,卖出,600396,华电辽能,1100,20.24,22247.41,22247.41,5.24,11.13,0.22,16.59,证券卖出
2026-06-01,卖出,001257,盛龙股份,800,24.91,19913.04,19913.04,5.0,9.96,0.0,14.96,证券卖出
2026-06-01,买入,002484,江海股份,300,77.06,-23123.44,23123.44,5.44,0.0,0.0,5.44,证券买入
2026-06-01,买入,002484,江海股份,300,77.3,-23195.46,23195.46,5.46,0.0,0.0,5.46,证券买入
2026-06-01,买入,002484,江海股份,200,77.335,-15472.0,15472.0,5.0,0.0,0.0,5.0,证券买入
2026-06-01,买入,002484,江海股份,300,78.22,-23471.52,23471.52,5.52,0.0,0.0,5.52,证券买入
2026-06-01,卖出,002645,华宏科技,700,29.64,20732.63,20732.63,5.0,10.37,0.0,15.37,证券卖出
2026-06-01,卖出,002645,华宏科技,700,29.36,20536.72,20536.72,5.0,10.28,0.0,15.28,证券卖出
2026-06-01,卖出,300136,信维通信,200,97.99,19583.2,19583.2,5.0,9.8,0.0,14.8,证券卖出
2026-06-02,买入,002185,华天科技,1100,17.93,-19728.0,19728.0,5.0,0.0,0.0,5.0,证券买入
2026-06-02,买入,002185,华天科技,1200,18.42,-22109.2,22109.2,5.2,0.0,0.0,5.2,证券买入
2026-06-02,卖出,002484,江海股份,300,84.02,25187.47,25187.47,5.93,12.6,0.0,18.53,证券卖出
2026-06-02,卖出,002484,江海股份,300,82.36,24689.82,24689.82,5.82,12.36,0.0,18.18,证券卖出
2026-06-02,卖出,002484,江海股份,200,80.66,16118.93,16118.93,5.0,8.07,0.0,13.07,证券卖出
2026-06-02,卖出,002484,江海股份,300,80.36,24090.27,24090.27,5.68,12.05,0.0,17.73,证券卖出
2026-06-02,买入,600726,华电能源,1900,9.16,-17409.17,17409.17,5.0,0.0,0.17,5.17,证券买入
2026-06-03,买入,002081,金螳螂,3100,6.8,-21085.0,21085.0,5.0,0.0,0.0,5.0,证券买入
2026-06-03,卖出,002185,华天科技,800,20.03,16010.99,16010.99,5.0,8.01,0.0,13.01,证券卖出
2026-06-03,卖出,002185,华天科技,800,19.44,15539.22,15539.22,5.0,7.78,0.0,12.78,证券卖出
2026-06-03,卖出,002185,华天科技,700,18.85,13183.4,13183.4,5.0,6.6,0.0,11.6,证券卖出
2026-06-03,买入,002251,步步高,3900,4.67,-18218.0,18218.0,5.0,0.0,0.0,5.0,证券买入
2026-06-03,买入,002608,江苏国信,1400,9.68,-13557.0,13557.0,5.0,0.0,0.0,5.0,证券买入
2026-06-03,买入,002608,江苏国信,900,10.0,-9005.0,9005.0,5.0,0.0,0.0,5.0,证券买入
2026-06-03,买入,003036,泰坦股份,100,68.31,-6836.0,6836.0,5.0,0.0,0.0,5.0,证券买入
2026-06-03,买入,003036,泰坦股份,100,68.29,-6834.0,6834.0,5.0,0.0,0.0,5.0,证券买入
2026-06-03,卖出,600726,华电能源,1900,9.48,17997.82,17997.82,5.0,9.0,0.18,14.18,证券卖出
2026-06-04,买入,000510,新金路,600,18.53,-11123.0,11123.0,5.0,0.0,0.0,5.0,证券买入
2026-06-04,买入,000510,新金路,700,18.8,-13165.0,13165.0,5.0,0.0,0.0,5.0,证券买入
2026-06-04,买入,000601,韶能股份,1200,8.83,-10601.0,10601.0,5.0,0.0,0.0,5.0,证券买入
2026-06-04,买入,000601,韶能股份,2100,8.8,-18485.0,18485.0,5.0,0.0,0.0,5.0,证券买入
2026-06-04,买入,000601,韶能股份,2200,8.91,-19607.0,19607.0,5.0,0.0,0.0,5.0,证券买入
2026-06-04,卖出,002081,金螳螂,3100,6.31,19546.22,19546.22,5.0,9.78,0.0,14.78,证券卖出
2026-06-04,卖出,002251,步步高,3900,4.7,18315.83,18315.83,5.0,9.17,0.0,14.17,证券卖出
2026-06-04,卖出,002608,江苏国信,2300,10.54,24224.17,24224.17,5.71,12.12,0.0,17.83,证券卖出
2026-06-04,卖出,003036,泰坦股份,200,68.51,13690.15,13690.15,5.0,6.85,0.0,11.85,证券卖出
2026-06-04,买入,600280,中央商场,4300,3.99,-17162.17,17162.17,5.0,0.0,0.17,5.17,证券买入
2026-06-05,卖出,000510,新金路,1300,18.7069,24301.1,24301.1,5.72,12.18,0.0,17.9,证券卖出
2026-06-05,卖出,000601,韶能股份,2800,8.39,23474.72,23474.72,5.53,11.75,0.0,17.28,证券卖出
2026-06-05,卖出,000601,韶能股份,2700,8.71,23499.7,23499.7,5.54,11.76,0.0,17.3,证券卖出
2026-06-05,买入,300726,宏达电子,300,74.26,-22283.24,22283.24,5.24,0.0,0.0,5.24,证券买入
2026-06-05,买入,300726,宏达电子,300,74.44,-22337.26,22337.26,5.26,0.0,0.0,5.26,证券买入
2026-06-05,买入,300726,宏达电子,300,77.86,-23363.5,23363.5,5.5,0.0,0.0,5.5,证券买入
2026-06-05,卖出,600280,中央商场,4300,3.74,16068.8,16068.8,5.0,8.04,0.16,13.2,证券卖出
2026-06-05,买入,600726,华电能源,2000,10.23,-20465.2,20465.2,5.0,0.0,0.2,5.2,证券买入
2026-06-08,卖出,300726,宏达电子,300,69.48,20828.58,20828.58,5.0,10.42,0.0,15.42,证券卖出
2026-06-08,卖出,300726,宏达电子,300,69.91,20957.5,20957.5,5.0,10.5,0.0,15.5,证券卖出
2026-06-08,卖出,300726,宏达电子,300,69.83,20933.53,20933.53,5.0,10.47,0.0,15.47,证券卖出
2026-06-08,买入,600121,郑州煤电,4000,5.19,-20765.21,20765.21,5.0,0.0,0.21,5.21,证券买入
2026-06-08,买入,600396,华电辽能,1000,18.6,-18605.18,18605.18,5.0,0.0,0.18,5.18,证券买入
2026-06-08,买入,600726,华电能源,2100,9.12,-19157.19,19157.19,5.0,0.0,0.19,5.19,证券买入
2026-06-08,买入,600726,华电能源,2300,9.03,-20774.21,20774.21,5.0,0.0,0.21,5.21,证券买入
2026-06-08,卖出,600726,华电能源,2000,8.66,17306.16,17306.16,5.0,8.66,0.18,13.84,证券卖出
2026-06-09,买入,000725,京东方Ａ,6500,6.23,-40504.53,40504.53,9.53,0.0,0.0,9.53,证券买入
2026-06-09,买入,301669,N高特,300,52.18,-15659.0,15659.0,5.0,0.0,0.0,5.0,证券买入
2026-06-09,买入,301669,N高特,400,50.88,-20357.0,20357.0,5.0,0.0,0.0,5.0,证券买入
2026-06-09,卖出,600121,郑州煤电,4000,5.0,19984.79,19984.79,5.0,10.0,0.21,15.21,证券卖出
2026-06-09,卖出,600396,华电辽能,1000,18.88,18865.37,18865.37,5.0,9.44,0.19,14.63,证券卖出
2026-06-09,卖出,600726,华电能源,4400,8.5243,37479.05,37479.05,8.83,18.75,0.37,27.95,证券卖出
2026-06-10,卖出,000725,京东方Ａ,3300,6.08,20048.97,20048.97,5.0,10.03,0.0,15.03,证券卖出
2026-06-10,卖出,000725,京东方Ａ,3200,6.07,19409.29,19409.29,5.0,9.71,0.0,14.71,证券卖出
2026-06-10,买入,301669,C高特,300,53.04,-15917.0,15917.0,5.0,0.0,0.0,5.0,证券买入
2026-06-10,买入,301669,C高特,400,54.0,-21605.08,21605.08,5.08,0.0,0.0,5.08,证券买入
2026-06-10,买入,301669,C高特,300,53.9,-16175.0,16175.0,5.0,0.0,0.0,5.0,证券买入
2026-06-10,卖出,301669,C高特,300,54.81,16429.78,16429.78,5.0,8.22,0.0,13.22,证券卖出
2026-06-10,卖出,301669,C高特,400,54.85,21923.87,21923.87,5.16,10.97,0.0,16.13,证券卖出
2026-06-10,买入,600396,华电辽能,1000,20.43,-20435.2,20435.2,5.0,0.0,0.2,5.2,证券买入
2026-06-11,买入,002747,埃斯顿,200,35.0,-7005.0,7005.0,5.0,0.0,0.0,5.0,证券买入
2026-06-11,买入,301669,C高特,100,45.23,-4528.0,4528.0,5.0,0.0,0.0,5.0,证券买入
2026-06-11,买入,301669,C高特,400,45.29,-18121.0,18121.0,5.0,0.0,0.0,5.0,证券买入
2026-06-11,卖出,301669,C高特,1000,39.72,39690.79,39690.79,9.35,19.86,0.0,29.21,证券卖出
2026-06-11,卖出,600396,华电辽能,1000,18.5,18485.56,18485.56,5.0,9.25,0.19,14.44,证券卖出
2026-06-12,卖出,002747,埃斯顿,200,33.8,6751.62,6751.62,5.0,3.38,0.0,8.38,证券卖出
2026-06-12,卖出,301669,C高特,500,40.48,20224.88,20224.88,5.0,10.12,0.0,15.12,证券卖出
2026-06-12,买入,603011,合锻智能,600,32.76,-19661.2,19661.2,5.0,0.0,0.2,5.2,证券买入
2026-06-12,买入,603011,合锻智能,500,32.578,-16294.16,16294.16,5.0,0.0,0.16,5.16,证券买入
2026-06-12,买入,603011,合锻智能,700,32.64,-22853.61,22853.61,5.38,0.0,0.23,5.61,证券买入
2026-06-15,卖出,603011,合锻智能,900,34.12,30685.11,30685.11,7.23,15.36,0.3,22.89,证券卖出
2026-06-16,卖出,603011,合锻智能,900,33.94,30523.23,30523.23,7.19,15.27,0.31,22.77,证券卖出
2026-07-16,买入,000078,ST海王,4400,2.01,-8849.0,8849.0,5.0,0.0,0.0,5.0,证券买入
2026-07-16,买入,000677,ST海龙,13300,1.8,-23945.64,23945.64,5.64,0.0,0.0,5.64,证券买入
2026-07-16,买入,301583,C托伦斯,100,125.99,-12604.0,12604.0,5.0,0.0,0.0,5.0,证券买入
2026-07-17,卖出,000078,ST海王,4400,2.11,9274.36,9274.36,5.0,4.64,0.0,9.64,证券卖出
2026-07-17,卖出,000677,ST海龙,4300,1.9,8160.91,8160.91,5.0,4.09,0.0,9.09,证券卖出
2026-07-17,卖出,000677,ST海龙,9000,1.93,17356.32,17356.32,5.0,8.68,0.0,13.68,证券卖出
2026-07-17,买入,002536,飞龙股份,200,50.56,-10117.0,10117.0,5.0,0.0,0.0,5.0,证券买入
2026-07-17,卖出,301583,托伦斯,100,134.97,13485.25,13485.25,5.0,6.75,0.0,11.75,证券卖出
2026-07-17,买入,603459,红板科技,100,84.82,-8487.08,8487.08,5.0,0.0,0.08,5.08,证券买入
2026-07-17,买入,603538,美诺华,400,35.17,-14073.15,14073.15,5.0,0.0,0.15,5.15,证券买入
2026-07-17,买入,605189,富春染织,1100,14.83,-16318.16,16318.16,5.0,0.0,0.16,5.16,证券买入
2026-07-20,卖出,002536,飞龙股份,200,48.94,9778.11,9778.11,5.0,4.89,0.0,9.89,证券卖出
2026-07-20,买入,002726,ST龙大,4200,1.88,-7901.0,7901.0,5.0,0.0,0.0,5.0,证券买入
2026-07-20,买入,002739,儒意电影,1000,9.7,-9705.0,9705.0,5.0,0.0,0.0,5.0,证券买入
2026-07-20,买入,603127,昭衍新药,300,43.14,-12947.13,12947.13,5.0,0.0,0.13,5.13,证券买入
2026-07-20,卖出,603459,红板科技,100,79.9,7980.92,7980.92,5.0,4.0,0.08,9.08,证券卖出
2026-07-20,卖出,605189,富春染织,1100,14.61,16057.8,16057.8,5.0,8.04,0.16,13.2,证券卖出
2026-07-21,卖出,002726,ST龙大,4200,1.97,8264.87,8264.87,5.0,4.13,0.0,9.13,证券卖出
2026-07-21,卖出,002739,儒意电影,1000,9.53,9520.23,9520.23,5.0,4.77,0.0,9.77,证券卖出
2026-07-21,买入,301583,托伦斯,100,107.5,-10755.0,10755.0,5.0,0.0,0.0,5.0,证券买入
2026-07-21,买入,301583,托伦斯,100,107.9,-10795.0,10795.0,5.0,0.0,0.0,5.0,证券买入
2026-07-21,卖出,603127,昭衍新药,300,44.7533,13414.16,13414.16,5.0,6.71,0.13,11.84,证券卖出
2026-07-21,买入,603137,恒尚节能,400,23.37,-9353.09,9353.09,5.0,0.0,0.09,5.09,证券买入
2026-07-21,买入,603137,恒尚节能,100,23.37,-2342.02,2342.02,5.0,0.0,0.02,5.02,证券买入
2026-07-21,卖出,603538,美诺华,400,28.99,11585.08,11585.08,5.0,5.8,0.12,10.92,证券卖出
2026-07-22,买入,000037,深南电A,1600,9.47,-15157.0,15157.0,5.0,0.0,0.0,5.0,证券买入
2026-07-22,卖出,301583,托伦斯,100,158.71,15858.06,15858.06,5.0,7.94,0.0,12.94,证券卖出
2026-07-22,卖出,301583,托伦斯,100,154.98,15485.25,15485.25,5.0,7.75,0.0,12.75,证券卖出
2026-07-22,买入,600644,乐山电力,1300,9.3,-12095.12,12095.12,5.0,0.0,0.12,5.12,证券买入
2026-07-22,卖出,603137,恒尚节能,500,24.78,12378.68,12378.68,5.0,6.2,0.12,11.32,证券卖出
2026-07-23,卖出,000037,深南电A,1600,9.85,15747.12,15747.12,5.0,7.88,0.0,12.88,证券卖出
2026-07-23,买入,002432,九安医疗,200,75.9,-15185.0,15185.0,5.0,0.0,0.0,5.0,证券买入
2026-07-23,买入,300534,陇神戎发,900,12.84,-11561.0,11561.0,5.0,0.0,0.0,5.0,证券买入
2026-07-23,买入,301583,托伦斯,100,153.0,-15305.0,15305.0,5.0,0.0,0.0,5.0,证券买入
2026-07-23,卖出,600644,乐山电力,1300,10.56,13716.0,13716.0,5.0,6.86,0.14,12.0,证券卖出
2026-07-23,买入,600664,哈药股份,2100,5.87,-12332.12,12332.12,5.0,0.0,0.12,5.12,证券买入
2026-07-24,买入,000938,紫光股份,300,41.41,-12428.0,12428.0,5.0,0.0,0.0,5.0,证券买入
2026-07-24,买入,000938,紫光股份,300,42.5,-12755.0,12755.0,5.0,0.0,0.0,5.0,证券买入
2026-07-24,卖出,002432,九安医疗,200,69.0,13788.1,13788.1,5.0,6.9,0.0,11.9,证券卖出
2026-07-24,卖出,300534,陇神戎发,900,11.83,10636.68,10636.68,5.0,5.32,0.0,10.32,证券卖出
2026-07-24,买入,301165,锐捷网络,100,123.26,-12331.0,12331.0,5.0,0.0,0.0,5.0,证券买入
2026-07-24,卖出,301583,托伦斯,100,164.97,16483.75,16483.75,5.0,8.25,0.0,13.25,证券卖出
2026-07-24,卖出,600664,哈药股份,2100,5.55,11644.05,11644.05,5.0,5.83,0.12,10.95,证券卖出
2026-07-24,买入,603629,利通电子,100,112.53,-11258.11,11258.11,5.0,0.0,0.11,5.11,证券买入
2026-07-27,卖出,000938,紫光股份,600,39.76,23838.45,23838.45,5.62,11.93,0.0,17.55,证券卖出
2026-07-27,买入,002667,*ST威领,1600,8.49,-13589.0,13589.0,5.0,0.0,0.0,5.0,证券买入
2026-07-27,买入,002856,*ST美芝,1500,13.22,-19835.0,19835.0,5.0,0.0,0.0,5.0,证券买入
2026-07-27,买入,002856,*ST美芝,1100,13.01,-14316.0,14316.0,5.0,0.0,0.0,5.0,证券买入
2026-07-27,卖出,301165,锐捷网络,100,130.18,13006.49,13006.49,5.0,6.51,0.0,11.51,证券卖出
2026-07-27,卖出,603629,利通电子,100,106.38,10627.57,10627.57,5.0,5.32,0.11,10.43,证券卖出
2026-07-28,买入,000595,新能股份,2500,5.55,-13880.0,13880.0,5.0,0.0,0.0,5.0,证券买入
2026-07-28,买入,002300,太阳电缆,2300,7.13,-16404.0,16404.0,5.0,0.0,0.0,5.0,证券买入
2026-07-28,卖出,002667,*ST威领,1600,9.48,15155.41,15155.41,5.0,7.59,0.0,12.59,证券卖出
2026-07-28,卖出,002856,*ST美芝,1300,14.24,18497.75,18497.75,5.0,9.25,0.0,14.25,证券卖出
2026-07-28,卖出,002856,*ST美芝,1300,14.18,18419.78,18419.78,5.0,9.22,0.0,14.22,证券卖出
2026-07-28,买入,003001,中岩大地,200,19.32,-3869.0,3869.0,5.0,0.0,0.0,5.0,证券买入
2026-07-28,买入,003001,中岩大地,500,19.19,-9600.0,9600.0,5.0,0.0,0.0,5.0,证券买入
2026-07-28,买入,301165,锐捷网络,100,118.86,-11891.0,11891.0,5.0,0.0,0.0,5.0,证券买入
2026-07-29,卖出,000595,新能股份,2500,5.33,13313.34,13313.34,5.0,6.66,0.0,11.66,证券卖出
2026-07-29,卖出,002300,太阳电缆,2300,6.93,15926.02,15926.02,5.0,7.98,0.0,12.98,证券卖出
2026-07-29,卖出,003001,中岩大地,700,17.92,12532.73,12532.73,5.0,6.27,0.0,11.27,证券卖出
2026-07-29,买入,300534,陇神戎发,100,13.99,-1404.0,1404.0,5.0,0.0,0.0,5.0,证券买入
2026-07-29,买入,300534,陇神戎发,900,14.08,-12677.0,12677.0,5.0,0.0,0.0,5.0,证券买入
2026-07-29,买入,300534,陇神戎发,1000,13.972,-13977.0,13977.0,5.0,0.0,0.0,5.0,证券买入
2026-07-29,买入,300534,陇神戎发,800,13.91,-11133.0,11133.0,5.0,0.0,0.0,5.0,证券买入
2026-07-29,买入,300795,米奥会展,1000,13.73,-13735.0,13735.0,5.0,0.0,0.0,5.0,证券买入
2026-07-29,卖出,301165,锐捷网络,100,112.09,11198.4,11198.4,5.0,5.6,0.0,10.6,证券卖出
2026-07-30,买入,000533,顺钠股份,100,11.32,-1137.0,1137.0,5.0,0.0,0.0,5.0,证券买入
2026-07-30,买入,000533,顺钠股份,1600,11.6,-18565.0,18565.0,5.0,0.0,0.0,5.0,证券买入
2026-07-30,买入,002082,ST万邦,1400,10.28,-14397.0,14397.0,5.0,0.0,0.0,5.0,证券买入
2026-07-30,卖出,300534,陇神戎发,1400,14.15,19795.09,19795.09,5.0,9.91,0.0,14.91,证券卖出
2026-07-30,卖出,300534,陇神戎发,1400,14.28,19977.0,19977.0,5.0,10.0,0.0,15.0,证券卖出
2026-07-30,卖出,300795,米奥会展,1000,14.22,14207.89,14207.89,5.0,7.11,0.0,12.11,证券卖出
2026-07-31,卖出,000533,顺钠股份,1700,10.23,17377.3,17377.3,5.0,8.7,0.0,13.7,证券卖出
2026-07-31,卖出,002082,ST万邦,1400,9.81,13722.13,13722.13,5.0,6.87,0.0,11.87,证券卖出
2026-07-31,买入,002945,华林证券,600,14.44,-8669.0,8669.0,5.0,0.0,0.0,5.0,证券买入
2026-07-31,买入,301139,*ST元道,6400,3.05,-19525.0,19525.0,5.0,0.0,0.0,5.0,证券买入
2026-07-31,买入,301677,C欣兴,100,94.3,-9435.0,9435.0,5.0,0.0,0.0,5.0,证券买入
2026-08-03,买入,000636,风华高科,300,48.0,-14405.0,14405.0,5.0,0.0,0.0,5.0,证券买入
2026-08-03,买入,002585,双星新材,900,8.7278,-7860.0,7860.0,5.0,0.0,0.0,5.0,证券买入
2026-08-03,买入,002585,双星新材,1000,8.98,-8985.0,8985.0,5.0,0.0,0.0,5.0,证券买入
2026-08-03,卖出,002945,华林证券,600,14.77,8852.57,8852.57,5.0,4.43,0.0,9.43,证券卖出
2026-08-03,买入,300285,国瓷材料,100,59.17,-5922.0,5922.0,5.0,0.0,0.0,5.0,证券买入
2026-08-03,买入,300489,光智科技,100,141.81,-14186.0,14186.0,5.0,0.0,0.0,5.0,证券买入
2026-08-03,卖出,301139,*ST元道,6400,3.56,22767.25,22767.25,5.36,11.39,0.0,16.75,证券卖出
2026-08-03,卖出,301677,C欣兴,100,74.22,7413.29,7413.29,5.0,3.71,0.0,8.71,证券卖出
2026-08-04,卖出,000636,风华高科,300,49.47,14828.58,14828.58,5.0,7.42,0.0,12.42,证券卖出
2026-08-04,买入,001232,N嘉立创,100,200.0,-20005.0,20005.0,5.0,0.0,0.0,5.0,证券买入
2026-08-04,卖出,002585,双星新材,1900,8.55,16231.88,16231.88,5.0,8.12,0.0,13.12,证券卖出
2026-08-04,卖出,300285,国瓷材料,100,56.9,5682.15,5682.15,5.0,2.85,0.0,7.85,证券卖出
2026-08-04,卖出,300489,光智科技,100,155.36,15523.23,15523.23,5.0,7.77,0.0,12.77,证券卖出
2026-08-04,买入,300996,普联软件,1000,17.212,-17217.0,17217.0,5.0,0.0,0.0,5.0,证券买入
2026-08-04,买入,300996,普联软件,900,17.11,-15404.0,15404.0,5.0,0.0,0.0,5.0,证券买入
2026-08-05,买入,001232,C嘉立创,100,196.66,-19671.0,19671.0,5.0,0.0,0.0,5.0,证券买入
2026-08-05,卖出,001232,C嘉立创,100,201.57,20141.92,20141.92,5.0,10.08,0.0,15.08,证券卖出
2026-08-05,买入,002879,长缆科技,1000,18.54,-18545.0,18545.0,5.0,0.0,0.0,5.0,证券买入
2026-08-05,卖出,300996,普联软件,1000,18.25,18235.87,18235.87,5.0,9.13,0.0,14.13,证券卖出
2026-08-05,卖出,300996,普联软件,900,17.69,15908.04,15908.04,5.0,7.96,0.0,12.96,证券卖出
2026-08-05,买入,603272,*ST联翔,1000,17.06,-17065.17,17065.17,5.0,0.0,0.17,5.17,证券买入
2026-08-06,买入,000595,新能股份,200,6.31,-1267.0,1267.0,5.0,0.0,0.0,5.0,证券买入
2026-08-06,买入,000595,新能股份,2300,6.43,-14794.0,14794.0,5.0,0.0,0.0,5.0,证券买入
2026-08-06,买入,000595,新能股份,3000,6.3593,-19083.0,19083.0,5.0,0.0,0.0,5.0,证券买入
2026-08-06,买入,000595,新能股份,2900,6.3972,-18557.0,18557.0,5.0,0.0,0.0,5.0,证券买入
2026-08-06,卖出,001232,C嘉立创,100,183.0,18285.85,18285.85,5.0,9.15,0.0,14.15,证券卖出
2026-08-06,卖出,002879,长缆科技,1000,18.44,18425.78,18425.78,5.0,9.22,0.0,14.22,证券卖出
2026-08-06,卖出,603272,*ST联翔,1000,16.95,16936.35,16936.35,5.0,8.48,0.17,13.65,证券卖出
2026-08-07,卖出,000595,新能股份,4700,6.28,29494.29,29494.29,6.95,14.76,0.0,21.71,证券卖出
2026-08-07,卖出,000595,新能股份,3700,6.2,22923.13,22923.13,5.4,11.47,0.0,16.87,证券卖出
2026-08-07,买入,000603,盛达资源,300,30.96,-9293.0,9293.0,5.0,0.0,0.0,5.0,证券买入
2026-08-07,买入,301707,N展芯,200,108.87,-21779.13,21779.13,5.13,0.0,0.0,5.13,证券买入
2026-08-07,买入,301707,N展芯,200,108.44,-21693.11,21693.11,5.11,0.0,0.0,5.11,证券买入
2026-08-10,卖出,000603,盛达资源,300,34.6,10369.81,10369.81,5.0,5.19,0.0,10.19,证券卖出
2026-08-10,买入,002721,金一文化,3600,2.88,-10373.0,10373.0,5.0,0.0,0.0,5.0,证券买入
2026-08-10,卖出,301707,C展芯,200,108.2,21624.09,21624.09,5.09,10.82,0.0,15.91,证券卖出
2026-08-10,卖出,301707,C展芯,200,110.39,22061.76,22061.76,5.2,11.04,0.0,16.24,证券卖出
2026-08-11,买入,000838,*ST发展,5000,2.6,-13005.0,13005.0,5.0,0.0,0.0,5.0,证券买入
2026-08-11,卖出,002721,金一文化,500,3.05,1519.24,1519.24,5.0,0.76,0.0,5.76,证券卖出
2026-08-11,卖出,002721,金一文化,100,3.05,299.85,299.85,5.0,0.15,0.0,5.15,证券卖出
2026-08-11,卖出,002721,金一文化,3000,2.95,8840.57,8840.57,5.0,4.43,0.0,9.43,证券卖出
2026-08-11,买入,301707,C展芯,100,100.14,-10019.0,10019.0,5.0,0.0,0.0,5.0,证券买入
2026-08-11,买入,301707,C展芯,100,100.5,-10055.0,10055.0,5.0,0.0,0.0,5.0,证券买入
2026-08-11,买入,301707,C展芯,200,102.6,-20525.0,20525.0,5.0,0.0,0.0,5.0,证券买入
2026-08-12,买入,000603,盛达资源,500,34.17,-17090.0,17090.0,5.0,0.0,0.0,5.0,证券买入
2026-08-12,买入,000838,*ST发展,1100,2.76,-3041.0,3041.0,5.0,0.0,0.0,5.0,证券买入
2026-08-12,买入,000838,*ST发展,1700,2.71,-4612.0,4612.0,5.0,0.0,0.0,5.0,证券买入
2026-08-12,卖出,000838,*ST发展,5000,2.88,14387.8,14387.8,5.0,7.2,0.0,12.2,证券卖出
2026-08-12,卖出,301707,C展芯,200,97.34,19453.27,19453.27,5.0,9.73,0.0,14.73,证券卖出
2026-08-12,卖出,301707,C展芯,200,100.53,20090.95,20090.95,5.0,10.05,0.0,15.05,证券卖出
2026-08-13,买入,000603,盛达资源,200,33.4,-6685.0,6685.0,5.0,0.0,0.0,5.0,证券买入
2026-08-13,卖出,000603,盛达资源,500,32.39,16181.9,16181.9,5.0,8.1,0.0,13.1,证券卖出
2026-08-13,买入,000838,*ST发展,4300,3.0,-12905.0,12905.0,5.0,0.0,0.0,5.0,证券买入
2026-08-13,卖出,000838,*ST发展,2800,3.11,8698.65,8698.65,5.0,4.35,0.0,9.35,证券卖出
2026-08-13,买入,600759,ST洲际,7100,2.51,-17826.18,17826.18,5.0,0.0,0.18,5.18,证券买入
2026-08-14,卖出,000603,盛达资源,200,30.95,6181.9,6181.9,5.0,3.1,0.0,8.1,证券卖出
2026-08-14,买入,000838,*ST发展,6000,2.85,-17105.0,17105.0,5.0,0.0,0.0,5.0,证券买入
2026-08-14,买入,000838,*ST发展,6200,2.88,-17861.0,17861.0,5.0,0.0,0.0,5.0,证券买入
2026-08-14,卖出,000838,*ST发展,4300,2.83,12157.92,12157.92,5.0,6.08,0.0,11.08,证券卖出
2026-08-14,买入,600162,香江控股,1400,4.5,-6305.06,6305.06,5.0,0.0,0.06,5.06,证券买入
2026-08-14,卖出,600759,ST洲际,7100,2.49,17664.98,17664.98,5.0,8.84,0.18,14.02,证券卖出
2026-08-17,卖出,000838,*ST发展,6100,2.85,17371.31,17371.31,5.0,8.69,0.0,13.69,证券卖出
2026-08-17,卖出,000838,*ST发展,6100,2.79,17005.46,17005.46,5.0,8.54,0.0,13.54,证券卖出
2026-08-17,买入,002792,通宇通讯,100,35.6,-3565.0,3565.0,5.0,0.0,0.0,5.0,证券买入
2026-08-17,买入,002792,通宇通讯,400,35.67,-14273.0,14273.0,5.0,0.0,0.0,5.0,证券买入
2026-08-17,买入,600105,永鼎股份,300,41.12,-12341.12,12341.12,5.0,0.0,0.12,5.12,证券买入
2026-08-17,买入,600105,永鼎股份,500,41.51,-20760.2,20760.2,5.0,0.0,0.2,5.2,证券买入
2026-08-17,卖出,600162,香江控股,1400,4.75,6641.61,6641.61,5.0,3.33,0.06,8.39,证券卖出
2026-08-18,卖出,002792,通宇通讯,500,34.82,17396.29,17396.29,5.0,8.71,0.0,13.71,证券卖出
2026-08-18,卖出,600105,永鼎股份,800,42.16,33702.86,33702.86,7.94,16.86,0.34,25.14,证券卖出
2026-08-18,买入,603618,杭电股份,300,30.7,-9215.09,9215.09,5.0,0.0,0.09,5.09,证券买入
2026-08-19,买入,301282,金禄电子,300,38.79,-11642.0,11642.0,5.0,0.0,0.0,5.0,证券买入
2026-08-19,买入,600206,有研新材,500,56.11,-28061.88,28061.88,6.6,0.0,0.28,6.88,证券买入
2026-08-19,买入,603186,华正新材,100,174.99,-17504.17,17504.17,5.0,0.0,0.17,5.17,证券买入
2026-08-19,卖出,603618,杭电股份,300,28.11,8423.69,8423.69,5.0,4.22,0.09,9.31,证券卖出
2026-08-20,买入,300313,天山生物,800,13.81,-11053.0,11053.0,5.0,0.0,0.0,5.0,证券买入
2026-08-20,买入,300313,天山生物,1400,13.48,-18877.0,18877.0,5.0,0.0,0.0,5.0,证券买入
2026-08-20,卖出,301282,金禄电子,300,37.17,11140.42,11140.42,5.0,5.58,0.0,10.58,证券卖出
2026-08-20,卖出,600206,有研新材,200,55.06,11001.38,11001.38,5.0,5.51,0.11,10.62,证券卖出
2026-08-20,卖出,600206,有研新材,300,57.82,17332.16,17332.16,5.0,8.67,0.17,13.84,证券卖出
2026-08-20,买入,600722,金牛化工,1300,12.28,-15969.14,15969.14,5.0,0.0,0.14,5.14,证券买入
2026-08-20,买入,600722,金牛化工,900,11.88,-10697.1,10697.1,5.0,0.0,0.1,5.1,证券买入
2026-08-20,卖出,603186,华正新材,100,163.21,16307.68,16307.68,5.0,8.16,0.16,13.32,证券卖出
2026-08-21,卖出,300313,天山生物,2200,12.47,27413.82,27413.82,6.46,13.72,0.0,20.18,证券卖出
2026-08-21,买入,301655,C绿控,900,28.11,-25304.96,25304.96,5.96,0.0,0.0,5.96,证券买入
2026-08-21,买入,301655,C绿控,1000,28.5,-28506.71,28506.71,6.71,0.0,0.0,6.71,证券买入
2026-08-21,卖出,600722,金牛化工,2200,12.87,28292.9,28292.9,6.67,14.15,0.28,21.1,证券卖出
2026-08-24,买入,002437,誉衡药业,6200,3.96,-24557.78,24557.78,5.78,0.0,0.0,5.78,证券买入
2026-08-24,买入,002437,誉衡药业,5600,4.35,-24365.73,24365.73,5.73,0.0,0.0,5.73,证券买入
2026-08-24,买入,002437,誉衡药业,1200,4.38,-5261.0,5261.0,5.0,0.0,0.0,5.0,证券买入
2026-08-24,卖出,301655,C绿控,1000,27.65,27629.66,27629.66,6.51,13.83,0.0,20.34,证券卖出
2026-08-24,卖出,301655,C绿控,900,27.21,24471.0,24471.0,5.76,12.24,0.0,18.0,证券卖出
2026-08-25,卖出,002437,誉衡药业,4300,4.33,18604.69,18604.69,5.0,9.31,0.0,14.31,证券卖出
2026-08-25,卖出,002437,誉衡药业,4300,4.17,17917.03,17917.03,5.0,8.97,0.0,13.97,证券卖出
2026-08-25,卖出,002437,誉衡药业,4400,4.08,17938.02,17938.02,5.0,8.98,0.0,13.98,证券卖出
2026-08-25,买入,002491,通鼎互联,200,20.325,-4070.0,4070.0,5.0,0.0,0.0,5.0,证券买入
2026-08-25,买入,002491,通鼎互联,1000,20.19,-20195.0,20195.0,5.0,0.0,0.0,5.0,证券买入
2026-08-25,买入,300142,沃森生物,1000,14.22,-14225.0,14225.0,5.0,0.0,0.0,5.0,证券买入
2026-08-25,买入,603580,艾艾精工,200,71.21,-14247.14,14247.14,5.0,0.0,0.14,5.14,证券买入
2026-08-26,买入,000603,盛达资源,400,36.03,-14417.0,14417.0,5.0,0.0,0.0,5.0,证券买入
2026-08-26,卖出,002491,通鼎互联,1200,21.72,26044.83,26044.83,6.14,13.03,0.0,19.17,证券卖出
2026-08-26,卖出,300142,沃森生物,1000,15.47,15457.26,15457.26,5.0,7.74,0.0,12.74,证券卖出
2026-08-26,买入,300313,天山生物,1800,15.0744,-27140.39,27140.39,6.39,0.0,0.0,6.39,证券买入
2026-08-26,卖出,603580,艾艾精工,200,75.92,15171.26,15171.26,5.0,7.59,0.15,12.74,证券卖出
2026-08-27,卖出,000603,盛达资源,400,38.19,15263.36,15263.36,5.0,7.64,0.0,12.64,证券卖出
2026-08-27,买入,002837,英维克,200,64.64,-12933.0,12933.0,5.0,0.0,0.0,5.0,证券买入
2026-08-27,买入,002880,卫光生物,500,23.12,-11565.0,11565.0,5.0,0.0,0.0,5.0,证券买入
2026-08-27,卖出,300313,天山生物,1800,16.26,29246.48,29246.48,6.89,14.63,0.0,21.52,证券卖出
2026-08-27,买入,300642,透景生命,400,17.21,-6889.0,6889.0,5.0,0.0,0.0,5.0,证券买入
2026-08-27,买入,300642,透景生命,600,17.27,-10367.0,10367.0,5.0,0.0,0.0,5.0,证券买入
2026-08-27,买入,300642,透景生命,1000,17.013,-17018.0,17018.0,5.0,0.0,0.0,5.0,证券买入
2026-08-28,卖出,002837,英维克,200,65.03,12994.5,12994.5,5.0,6.5,0.0,11.5,证券卖出
2026-08-28,卖出,002880,卫光生物,500,22.7,11339.32,11339.32,5.0,5.68,0.0,10.68,证券卖出
2026-08-28,买入,300642,透景生命,600,18.07,-10847.0,10847.0,5.0,0.0,0.0,5.0,证券买入
2026-08-28,卖出,300642,透景生命,700,18.86,13190.4,13190.4,5.0,6.6,0.0,11.6,证券卖出
2026-08-28,卖出,300642,透景生命,600,19.66,11785.1,11785.1,5.0,5.9,0.0,10.9,证券卖出
2026-08-28,卖出,300642,透景生命,700,19.05,13323.33,13323.33,5.0,6.67,0.0,11.67,证券卖出
2026-08-28,买入,601212,白银有色,2200,7.05,-15515.16,15515.16,5.0,0.0,0.16,5.16,证券买入
2026-08-31,买入,002636,金安国纪,100,72.58,-7263.0,7263.0,5.0,0.0,0.0,5.0,证券买入
2026-08-31,卖出,300642,透景生命,600,17.29,10363.81,10363.81,5.0,5.19,0.0,10.19,证券卖出
2026-08-31,买入,301591,肯特股份,400,54.63,-21857.14,21857.14,5.14,0.0,0.0,5.14,证券买入
2026-08-31,卖出,601212,白银有色,2200,6.96,15299.19,15299.19,5.0,7.66,0.15,12.81,证券卖出
2026-08-31,买入,603618,杭电股份,200,34.92,-6989.07,6989.07,5.0,0.0,0.07,5.07,证券买入
2026-08-31,买入,603618,杭电股份,300,35.33,-10604.11,10604.11,5.0,0.0,0.11,5.11,证券买入
2026-08-31,买入,603618,杭电股份,400,34.63,-13857.14,13857.14,5.0,0.0,0.14,5.14,证券买入
2026-09-01,卖出,002636,金安国纪,100,75.27,7518.24,7518.24,5.0,3.76,0.0,8.76,证券卖出
2026-09-01,买入,300917,特发服务,600,30.62,-18377.0,18377.0,5.0,0.0,0.0,5.0,证券买入
2026-09-01,卖出,301591,肯特股份,400,53.58,21416.23,21416.23,5.05,10.72,0.0,15.77,证券卖出
2026-09-01,买入,301697,N贝特利,100,39.89,-3994.0,3994.0,5.0,0.0,0.0,5.0,证券买入
2026-09-01,买入,301697,N贝特利,400,38.73,-15497.0,15497.0,5.0,0.0,0.0,5.0,证券买入
2026-09-01,买入,601123,N马矿,500,23.2,-11605.11,11605.11,5.0,0.0,0.11,5.11,证券买入
2026-09-01,买入,601123,N马矿,400,23.0,-9205.09,9205.09,5.0,0.0,0.09,5.09,证券买入
2026-09-01,卖出,603618,杭电股份,500,34.15,17061.29,17061.29,5.0,8.54,0.17,13.71,证券卖出
2026-09-01,卖出,603618,杭电股份,400,35.02,13995.86,13995.86,5.0,7.0,0.14,12.14,证券卖出
2026-09-02,买入,300413,芒果超媒,700,21.17,-14824.0,14824.0,5.0,0.0,0.0,5.0,证券买入
2026-09-02,买入,300413,芒果超媒,900,21.12,-19013.0,19013.0,5.0,0.0,0.0,5.0,证券买入
2026-09-02,买入,300413,芒果超媒,1000,21.06,-21065.0,21065.0,5.0,0.0,0.0,5.0,证券买入
2026-09-02,卖出,300917,特发服务,600,29.44,17650.17,17650.17,5.0,8.83,0.0,13.83,证券卖出
2026-09-02,卖出,301697,C贝特利,500,31.86,15917.03,15917.03,5.0,7.97,0.0,12.97,证券卖出
2026-09-02,卖出,601123,C马矿,900,21.26,19119.25,19119.25,5.0,9.56,0.19,14.75,证券卖出
2026-09-03,买入,000560,我爱我家,6200,3.0,-18605.0,18605.0,5.0,0.0,0.0,5.0,证券买入
2026-09-03,买入,000892,欢瑞世纪,3200,5.09,-16293.0,16293.0,5.0,0.0,0.0,5.0,证券买入
2026-09-03,买入,002015,协鑫能科,1100,17.13,-18848.0,18848.0,5.0,0.0,0.0,5.0,证券买入
2026-09-03,卖出,300413,芒果超媒,900,20.1,18075.95,18075.95,5.0,9.05,0.0,14.05,证券卖出
2026-09-03,卖出,300413,芒果超媒,900,20.82,18723.63,18723.63,5.0,9.37,0.0,14.37,证券卖出
2026-09-03,卖出,300413,芒果超媒,800,21.48,17170.41,17170.41,5.0,8.59,0.0,13.59,证券卖出
2026-09-04,卖出,000560,我爱我家,6200,3.15,19515.23,19515.23,5.0,9.77,0.0,14.77,证券卖出
2026-09-04,卖出,000892,欢瑞世纪,3200,5.22,16690.65,16690.65,5.0,8.35,0.0,13.35,证券卖出
2026-09-04,卖出,002015,协鑫能科,1100,17.18,18883.55,18883.55,5.0,9.45,0.0,14.45,证券卖出
2026-09-04,买入,002909,集泰股份,1900,7.8784,-14974.0,14974.0,5.0,0.0,0.0,5.0,证券买入
2026-09-04,买入,300413,芒果超媒,800,21.15,-16925.0,16925.0,5.0,0.0,0.0,5.0,证券买入
2026-09-04,买入,300413,芒果超媒,300,20.96,-6293.0,6293.0,5.0,0.0,0.0,5.0,证券买入
2026-09-04,买入,300413,芒果超媒,800,20.9,-16725.0,16725.0,5.0,0.0,0.0,5.0,证券买入
2026-09-07,买入,002104,恒宝股份,1000,13.46,-13465.0,13465.0,5.0,0.0,0.0,5.0,证券买入
2026-09-07,买入,002104,恒宝股份,500,13.63,-6820.0,6820.0,5.0,0.0,0.0,5.0,证券买入
2026-09-07,卖出,002909,集泰股份,1900,7.93,15054.46,15054.46,5.0,7.54,0.0,12.54,证券卖出
2026-09-07,卖出,300413,芒果超媒,800,21.63,17290.35,17290.35,5.0,8.65,0.0,13.65,证券卖出
2026-09-07,卖出,300413,芒果超媒,500,21.35,10664.66,10664.66,5.0,5.34,0.0,10.34,证券卖出
2026-09-07,卖出,300413,芒果超媒,600,21.3,12768.61,12768.61,5.0,6.39,0.0,11.39,证券卖出
2026-09-07,买入,300468,四方精创,200,26.39,-5283.0,5283.0,5.0,0.0,0.0,5.0,证券买入
2026-09-07,买入,300468,四方精创,700,26.5043,-18558.0,18558.0,5.0,0.0,0.0,5.0,证券买入
2026-09-08,买入,000735,罗牛山,2500,6.83,-17080.0,17080.0,5.0,0.0,0.0,5.0,证券买入
2026-09-08,买入,000892,欢瑞世纪,3300,5.47,-18056.0,18056.0,5.0,0.0,0.0,5.0,证券买入
2026-09-08,卖出,002104,恒宝股份,1500,13.57,20339.82,20339.82,5.0,10.18,0.0,15.18,证券卖出
2026-09-08,买入,002856,*ST美芝,100,22.51,-2256.0,2256.0,5.0,0.0,0.0,5.0,证券买入
2026-09-08,买入,002856,*ST美芝,300,22.4,-6725.0,6725.0,5.0,0.0,0.0,5.0,证券买入
2026-09-08,买入,300413,芒果超媒,900,20.7322,-18664.0,18664.0,5.0,0.0,0.0,5.0,证券买入
2026-09-08,卖出,300468,四方精创,900,25.18,22645.34,22645.34,5.33,11.33,0.0,16.66,证券卖出
2026-09-09,卖出,000735,罗牛山,2500,6.85,17111.43,17111.43,5.0,8.57,0.0,13.57,证券卖出
2026-09-09,买入,000823,超声电子,1100,16.7,-18375.0,18375.0,5.0,0.0,0.0,5.0,证券买入
2026-09-09,买入,000823,超声电子,500,16.744,-8377.0,8377.0,5.0,0.0,0.0,5.0,证券买入
2026-09-09,卖出,000892,欢瑞世纪,3300,5.12,16882.55,16882.55,5.0,8.45,0.0,13.45,证券卖出
2026-09-09,买入,002436,兴森科技,300,39.84,-11957.0,11957.0,5.0,0.0,0.0,5.0,证券买入
2026-09-09,买入,002436,兴森科技,400,39.35,-15745.0,15745.0,5.0,0.0,0.0,5.0,证券买入
2026-09-09,卖出,002856,*ST美芝,400,21.9,8750.62,8750.62,5.0,4.38,0.0,9.38,证券卖出
2026-09-09,卖出,300413,芒果超媒,900,19.96,17950.02,17950.02,5.0,8.98,0.0,13.98,证券卖出
2026-09-09,买入,301699,N洛轴,200,33.0,-6605.0,6605.0,5.0,0.0,0.0,5.0,证券买入
2026-09-10,卖出,000823,超声电子,300,18.23,5461.27,5461.27,5.0,2.73,0.0,7.73,证券卖出
2026-09-10,卖出,000823,超声电子,1300,17.0,22083.75,22083.75,5.2,11.05,0.0,16.25,证券卖出
2026-09-10,卖出,002436,兴森科技,300,39.05,11704.14,11704.14,5.0,5.86,0.0,10.86,证券卖出
2026-09-10,卖出,002436,兴森科技,400,38.96,15571.21,15571.21,5.0,7.79,0.0,12.79,证券卖出
2026-09-10,买入,301699,C洛轴,200,31.0,-6205.0,6205.0,5.0,0.0,0.0,5.0,证券买入
2026-09-10,买入,301699,C洛轴,300,30.98,-9299.0,9299.0,5.0,0.0,0.0,5.0,证券买入
2026-09-10,买入,301699,C洛轴,500,30.87,-15440.0,15440.0,5.0,0.0,0.0,5.0,证券买入
2026-09-10,卖出,301699,C洛轴,200,32.2,6431.78,6431.78,5.0,3.22,0.0,8.22,证券卖出
2026-09-10,买入,600108,亚盛集团,4500,5.46,-24576.03,24576.03,5.78,0.0,0.25,6.03,证券买入
2026-09-11,买入,301699,C洛轴,100,28.42,-2847.0,2847.0,5.0,0.0,0.0,5.0,证券买入
2026-09-11,买入,301699,C洛轴,700,29.12,-20389.0,20389.0,5.0,0.0,0.0,5.0,证券买入
2026-09-11,买入,301699,C洛轴,200,30.55,-6115.0,6115.0,5.0,0.0,0.0,5.0,证券买入
2026-09-11,卖出,301699,C洛轴,1000,26.04,26020.85,26020.85,6.13,13.02,0.0,19.15,证券卖出
2026-09-11,卖出,600108,亚盛集团,4500,5.12,23022.83,23022.83,5.42,11.52,0.23,17.17,证券卖出
2026-09-14,买入,000759,中百集团,300,7.74,-2327.0,2327.0,5.0,0.0,0.0,5.0,证券买入
2026-09-14,买入,000759,中百集团,2900,7.81,-22654.33,22654.33,5.33,0.0,0.0,5.33,证券买入
2026-09-14,买入,000759,中百集团,2800,8.13,-22769.36,22769.36,5.36,0.0,0.0,5.36,证券买入
2026-09-14,卖出,301699,C洛轴,100,26.28,2621.69,2621.69,5.0,1.31,0.0,6.31,证券卖出
2026-09-14,卖出,301699,C洛轴,900,25.87,23265.88,23265.88,5.48,11.64,0.0,17.12,证券卖出
2026-09-16,卖出,000759,中百集团,6000,6.21,37232.6,37232.6,8.77,18.63,0.0,27.4,证券卖出
2026-09-16,买入,301699,洛轴股份,1300,27.5,-35758.42,35758.42,8.42,0.0,0.0,8.42,证券买入
2026-09-17,卖出,301699,洛轴股份,1300,28.27,36723.98,36723.98,8.65,18.37,0.0,27.02,证券卖出
2026-09-29,买入,603396,金辰股份,500,35.4,-17705.18,17705.18,5.0,0.0,0.18,5.18,证券买入
2026-09-29,买入,603396,金辰股份,500,38.51,-19260.19,19260.19,5.0,0.0,0.19,5.19,证券买入
2026-09-30,买入,001246,N力勤,300,69.0,-20705.0,20705.0,5.0,0.0,0.0,5.0,证券买入
2026-09-30,买入,001246,N力勤,200,69.5,-13905.0,13905.0,5.0,0.0,0.0,5.0,证券买入
2026-09-30,卖出,603396,金辰股份,600,36.1,21643.85,21643.85,5.1,10.83,0.22,16.15,证券卖出
2026-09-30,卖出,603396,金辰股份,400,36.09,14423.64,14423.64,5.0,7.22,0.14,12.36,证券卖出
